"","target","p","padj"
"Anticonvulsants","Anticonvulsants",0,0
"GABA Antagonists","GABA Antagonists",0.001,0.224
"Tubulin Modulators","Tubulin Modulators",0.008,1
"Antitubercular Agents","Antitubercular Agents",0.009,1
"Gout Suppressants","Gout Suppressants",0.02,1
"Cardiotonic Agents","Cardiotonic Agents",0.022,1
"Anti-Anxiety Agents","Anti-Anxiety Agents",0.029,1
"Carbonic Anhydrase Inhibitors","Carbonic Anhydrase Inhibitors",0.039,1
"Purinergic P1 Receptor Antagonists","Purinergic P1 Receptor Antagonists",0.039,1
"Solvents","Solvents",0.041,1
"Analgesics, Opioid","Analgesics, Opioid",0.044,1
"Narcotics","Narcotics",0.044,1
"Adrenergic alpha-Agonists","Adrenergic alpha-Agonists",0.046,1
"Histamine Agonists","Histamine Agonists",0.054,1
"Antineoplastic Agents, Alkylating","Antineoplastic Agents, Alkylating",0.063,1
"Contrast Media","Contrast Media",0.064,1
"Adrenergic Uptake Inhibitors","Adrenergic Uptake Inhibitors",0.066,1
"Neuromuscular Nondepolarizing Agents","Neuromuscular Nondepolarizing Agents",0.075,1
"Analgesics","Analgesics",0.079,1
"Histamine H1 Antagonists","Histamine H1 Antagonists",0.079,1
"Chelating Agents","Chelating Agents",0.083,1
"Cytochrome P-450 CYP3A Inhibitors","Cytochrome P-450 CYP3A Inhibitors",0.084,1
"Adrenergic alpha-2 Receptor Agonists","Adrenergic alpha-2 Receptor Agonists",0.087,1
"Anticoagulants","Anticoagulants",0.087,1
"Calcium Channel Agonists","Calcium Channel Agonists",0.087,1
"Bone Density Conservation Agents","Bone Density Conservation Agents",0.096,1
"Nicotinic Antagonists","Nicotinic Antagonists",0.098,1
"Anti-Arrhythmia Agents","Anti-Arrhythmia Agents",0.1,1
"Anesthetics, Local","Anesthetics, Local",0.102,1
"Urological Agents","Urological Agents",0.11,1
"Antithyroid Agents","Antithyroid Agents",0.114,1
"Uricosuric Agents","Uricosuric Agents",0.118,1
"Sympathomimetics","Sympathomimetics",0.119,1
"Nasal Decongestants","Nasal Decongestants",0.132,1
"Vasoconstrictor Agents","Vasoconstrictor Agents",0.143,1
"Voltage-Gated Sodium Channel Blockers","Voltage-Gated Sodium Channel Blockers",0.158,1
"Narcotic Antagonists","Narcotic Antagonists",0.159,1
"Abortifacient Agents, Nonsteroidal","Abortifacient Agents, Nonsteroidal",0.16,1
"Anti-HIV Agents","Anti-HIV Agents",0.164,1
"Parasympathomimetics","Parasympathomimetics",0.177,1
"Keratolytic Agents","Keratolytic Agents",0.178,1
"Reverse Transcriptase Inhibitors","Reverse Transcriptase Inhibitors",0.178,1
"Neurotransmitter Uptake Inhibitors","Neurotransmitter Uptake Inhibitors",0.179,1
"Indicators and Reagents","Indicators and Reagents",0.182,1
"Mineralocorticoid Receptor Antagonists","Mineralocorticoid Receptor Antagonists",0.186,1
"Oxytocics","Oxytocics",0.191,1
"14-alpha Demethylase Inhibitors","14-alpha Demethylase Inhibitors",0.192,1
"Lipoxygenase Inhibitors","Lipoxygenase Inhibitors",0.192,1
"Sodium Chloride Symporter Inhibitors","Sodium Chloride Symporter Inhibitors",0.194,1
"Vitamin B Complex","Vitamin B Complex",0.205,1
"Angiotensin-Converting Enzyme Inhibitors","Angiotensin-Converting Enzyme Inhibitors",0.207,1
"Androgen Antagonists","Androgen Antagonists",0.218,1
"Tocolytic Agents","Tocolytic Agents",0.218,1
"Antiprotozoal Agents","Antiprotozoal Agents",0.222,1
"Vitamins","Vitamins",0.229,1
"GABA Modulators","GABA Modulators",0.239,1
"Histamine Antagonists","Histamine Antagonists",0.248,1
"Monoamine Oxidase Inhibitors","Monoamine Oxidase Inhibitors",0.251,1
"Serotonin Receptor Agonists","Serotonin Receptor Agonists",0.258,1
"Estrogens","Estrogens",0.262,1
"Uncoupling Agents","Uncoupling Agents",0.264,1
"Antidepressive Agents, Tricyclic","Antidepressive Agents, Tricyclic",0.275,1
"Photosensitizing Agents","Photosensitizing Agents",0.284,1
"Coccidiostats","Coccidiostats",0.289,1
"Cytochrome P-450 CYP2C19 Inhibitors","Cytochrome P-450 CYP2C19 Inhibitors",0.298,1
"Antidotes","Antidotes",0.303,1
"Antineoplastic Agents, Phytogenic","Antineoplastic Agents, Phytogenic",0.31,1
"Vasodilator Agents","Vasodilator Agents",0.31,1
"Cross-Linking Reagents","Cross-Linking Reagents",0.312,1
"Adrenergic beta-2 Receptor Agonists","Adrenergic beta-2 Receptor Agonists",0.316,1
"Appetite Depressants","Appetite Depressants",0.316,1
"Dopamine Agonists","Dopamine Agonists",0.316,1
"Teratogens","Teratogens",0.317,1
"Hypolipidemic Agents","Hypolipidemic Agents",0.324,1
"Nootropic Agents","Nootropic Agents",0.331,1
"Anti-Infective Agents","Anti-Infective Agents",0.333,1
"Cytochrome P-450 CYP3A Inducers","Cytochrome P-450 CYP3A Inducers",0.337,1
"Antidepressive Agents","Antidepressive Agents",0.338,1
"Phosphodiesterase 5 Inhibitors","Phosphodiesterase 5 Inhibitors",0.343,1
"Convulsants","Convulsants",0.345,1
"Cannabinoid Receptor Agonists","Cannabinoid Receptor Agonists",0.348,1
"Antihypertensive Agents","Antihypertensive Agents",0.35,1
"Cyclooxygenase 2 Inhibitors","Cyclooxygenase 2 Inhibitors",0.35,1
"Parasympatholytics","Parasympatholytics",0.352,1
"Antirheumatic Agents","Antirheumatic Agents",0.361,1
"Anti-Allergic Agents","Anti-Allergic Agents",0.362,1
"Adrenergic beta-Agonists","Adrenergic beta-Agonists",0.365,1
"Cholagogues and Choleretics","Cholagogues and Choleretics",0.365,1
"Bronchodilator Agents","Bronchodilator Agents",0.366,1
"Antioxidants","Antioxidants",0.374,1
"Calcium Channel Blockers","Calcium Channel Blockers",0.38,1
"Enzyme Inhibitors","Enzyme Inhibitors",0.39,1
"Antimetabolites","Antimetabolites",0.403,1
"Adrenergic alpha-1 Receptor Antagonists","Adrenergic alpha-1 Receptor Antagonists",0.404,1
"Dopamine Antagonists","Dopamine Antagonists",0.412,1
"Adrenergic alpha-Antagonists","Adrenergic alpha-Antagonists",0.416,1
"Catechol O-Methyltransferase Inhibitors","Catechol O-Methyltransferase Inhibitors",0.419,1
"Plant Growth Regulators","Plant Growth Regulators",0.419,1
"Antipsychotic Agents","Antipsychotic Agents",0.424,1
"Ganglionic Blockers","Ganglionic Blockers",0.427,1
"Adrenergic alpha-2 Receptor Antagonists","Adrenergic alpha-2 Receptor Antagonists",0.429,1
"Adrenergic beta-1 Receptor Agonists","Adrenergic beta-1 Receptor Agonists",0.429,1
"Dopamine D2 Receptor Antagonists","Dopamine D2 Receptor Antagonists",0.43,1
"Anticestodal Agents","Anticestodal Agents",0.434,1
"Fatty Acid Synthesis Inhibitors","Fatty Acid Synthesis Inhibitors",0.434,1
"Anti-Ulcer Agents","Anti-Ulcer Agents",0.435,1
"Alkylating Agents","Alkylating Agents",0.436,1
"Proton Ionophores","Proton Ionophores",0.44,1
"Adjuvants, Anesthesia","Adjuvants, Anesthesia",0.442,1
"Muscarinic Antagonists","Muscarinic Antagonists",0.451,1
"Phosphodiesterase Inhibitors","Phosphodiesterase Inhibitors",0.456,1
"Androgens","Androgens",0.46,1
"Histamine H1 Antagonists, Non-Sedating","Histamine H1 Antagonists, Non-Sedating",0.46,1
"Central Nervous System Stimulants","Central Nervous System Stimulants",0.466,1
"Histamine H2 Antagonists","Histamine H2 Antagonists",0.47,1
"Mydriatics","Mydriatics",0.472,1
"Myeloablative Agonists","Myeloablative Agonists",0.48,1
"Aromatase Inhibitors","Aromatase Inhibitors",0.485,1
"Cytochrome P-450 CYP2C9 Inhibitors","Cytochrome P-450 CYP2C9 Inhibitors",0.49,1
"HIV Protease Inhibitors","HIV Protease Inhibitors",0.497,1
"Estrogen Antagonists","Estrogen Antagonists",0.498,1
"Antinematodal Agents","Antinematodal Agents",0.503,1
"Diuretics","Diuretics",0.508,1
"Immunologic Factors","Immunologic Factors",0.516,1
"Dopamine Uptake Inhibitors","Dopamine Uptake Inhibitors",0.518,1
"Cyclooxygenase Inhibitors","Cyclooxygenase Inhibitors",0.52,1
"Antipruritics","Antipruritics",0.531,1
"Anabolic Agents","Anabolic Agents",0.533,1
"Gastrointestinal Agents","Gastrointestinal Agents",0.555,1
"Proton Pump Inhibitors","Proton Pump Inhibitors",0.555,1
"Antimalarials","Antimalarials",0.556,1
"Hypoglycemic Agents","Hypoglycemic Agents",0.557,1
"Glycoside Hydrolase Inhibitors","Glycoside Hydrolase Inhibitors",0.567,1
"Miotics","Miotics",0.569,1
"Angiotensin II Type 1 Receptor Blockers","Angiotensin II Type 1 Receptor Blockers",0.577,1
"Antiparkinson Agents","Antiparkinson Agents",0.584,1
"Adrenergic alpha-1 Receptor Agonists","Adrenergic alpha-1 Receptor Agonists",0.593,1
"Muscle Relaxants, Central","Muscle Relaxants, Central",0.624,1
"Potassium Channel Blockers","Potassium Channel Blockers",0.624,1
"Anti-Bacterial Agents","Anti-Bacterial Agents",0.626,1
"Cardiovascular Agents","Cardiovascular Agents",0.626,1
"Calcineurin Inhibitors","Calcineurin Inhibitors",0.645,1
"Cholinesterase Inhibitors","Cholinesterase Inhibitors",0.651,1
"Nicotinic Agonists","Nicotinic Agonists",0.661,1
"Leukotriene Antagonists","Leukotriene Antagonists",0.662,1
"Cholinergic Antagonists","Cholinergic Antagonists",0.664,1
"Platelet Aggregation Inhibitors","Platelet Aggregation Inhibitors",0.68,1
"Analgesics, Non-Narcotic","Analgesics, Non-Narcotic",0.681,1
"Antiparasitic Agents","Antiparasitic Agents",0.682,1
"Hypnotics and Sedatives","Hypnotics and Sedatives",0.687,1
"Mutagens","Mutagens",0.693,1
"Emetics","Emetics",0.695,1
"Excitatory Amino Acid Antagonists","Excitatory Amino Acid Antagonists",0.698,1
"Anti-Inflammatory Agents","Anti-Inflammatory Agents",0.705,1
"Histamine H3 Antagonists","Histamine H3 Antagonists",0.718,1
"Antidepressive Agents, Second-Generation","Antidepressive Agents, Second-Generation",0.733,1
"Cathartics","Cathartics",0.733,1
"Insecticides","Insecticides",0.744,1
"Adrenergic beta-Antagonists","Adrenergic beta-Antagonists",0.748,1
"Topoisomerase II Inhibitors","Topoisomerase II Inhibitors",0.752,1
"Adjuvants, Immunologic","Adjuvants, Immunologic",0.758,1
"Adrenergic beta-1 Receptor Antagonists","Adrenergic beta-1 Receptor Antagonists",0.766,1
"Detergents","Detergents",0.773,1
"Antifungal Agents","Antifungal Agents",0.777,1
"Coloring Agents","Coloring Agents",0.779,1
"Fibrinolytic Agents","Fibrinolytic Agents",0.784,1
"Anti-Infective Agents, Local","Anti-Infective Agents, Local",0.787,1
"Antidiarrheals","Antidiarrheals",0.789,1
"Selective Estrogen Receptor Modulators","Selective Estrogen Receptor Modulators",0.791,1
"Angiogenesis Inhibitors","Angiogenesis Inhibitors",0.795,1
"Estrogens, Non-Steroidal","Estrogens, Non-Steroidal",0.796,1
"Amebicides","Amebicides",0.803,1
"Serotonin Uptake Inhibitors","Serotonin Uptake Inhibitors",0.811,1
"Carcinogens","Carcinogens",0.812,1
"Serotonin Antagonists","Serotonin Antagonists",0.815,1
"Hormone Antagonists","Hormone Antagonists",0.823,1
"Adrenergic Agents","Adrenergic Agents",0.826,1
"Contraceptive Agents","Contraceptive Agents",0.832,1
"Dopamine Agents","Dopamine Agents",0.832,1
"Anthelmintics","Anthelmintics",0.838,1
"Antineoplastic Agents, Hormonal","Antineoplastic Agents, Hormonal",0.84,1
"Antiemetics","Antiemetics",0.842,1
"Anesthetics, Intravenous","Anesthetics, Intravenous",0.846,1
"Respiratory System Agents","Respiratory System Agents",0.846,1
"Progestins","Progestins",0.848,1
"Nucleic Acid Synthesis Inhibitors","Nucleic Acid Synthesis Inhibitors",0.849,1
"Neuroprotective Agents","Neuroprotective Agents",0.853,1
"Muscarinic Agonists","Muscarinic Agonists",0.863,1
"Cytochrome P-450 CYP1A2 Inhibitors","Cytochrome P-450 CYP1A2 Inhibitors",0.865,1
"Intercalating Agents","Intercalating Agents",0.867,1
"Sodium Potassium Chloride Symporter Inhibitors","Sodium Potassium Chloride Symporter Inhibitors",0.871,1
"Phytoestrogens","Phytoestrogens",0.874,1
"Glucocorticoids","Glucocorticoids",0.889,1
"Protein Kinase Inhibitors","Protein Kinase Inhibitors",0.891,1
"Anti-Infective Agents, Urinary","Anti-Infective Agents, Urinary",0.893,1
"Protease Inhibitors","Protease Inhibitors",0.896,1
"Folic Acid Antagonists","Folic Acid Antagonists",0.901,1
"Anti-Inflammatory Agents, Non-Steroidal","Anti-Inflammatory Agents, Non-Steroidal",0.903,1
"Expectorants","Expectorants",0.907,1
"Leprostatic Agents","Leprostatic Agents",0.909,1
"Trypanocidal Agents","Trypanocidal Agents",0.909,1
"Anti-Asthmatic Agents","Anti-Asthmatic Agents",0.917,1
"Cysteine Proteinase Inhibitors","Cysteine Proteinase Inhibitors",0.932,1
"Antitussive Agents","Antitussive Agents",0.938,1
"Dermatologic Agents","Dermatologic Agents",0.938,1
"Antineoplastic Agents","Antineoplastic Agents",0.94,1
"Free Radical Scavengers","Free Radical Scavengers",0.941,1
"Cytochrome P-450 CYP2D6 Inhibitors","Cytochrome P-450 CYP2D6 Inhibitors",0.944,1
"Antiviral Agents","Antiviral Agents",0.946,1
"Sympatholytics","Sympatholytics",0.946,1
"Anticarcinogenic Agents","Anticarcinogenic Agents",0.959,1
"Immunosuppressive Agents","Immunosuppressive Agents",0.96,1
"Radiation-Sensitizing Agents","Radiation-Sensitizing Agents",0.96,1
"Schistosomicides","Schistosomicides",0.963,1
"Radiation-Protective Agents","Radiation-Protective Agents",0.979,1
"Anticholesteremic Agents","Anticholesteremic Agents",0.98,1
"Antibiotics, Antineoplastic","Antibiotics, Antineoplastic",0.981,1
"Topoisomerase I Inhibitors","Topoisomerase I Inhibitors",0.984,1
"Antimetabolites, Antineoplastic","Antimetabolites, Antineoplastic",0.986,1
"Antipyretics","Antipyretics",0.99,1
"Antibiotics, Antitubercular","Antibiotics, Antitubercular",0.992,1
"Histone Deacetylase Inhibitors","Histone Deacetylase Inhibitors",0.995,1
"Protein Synthesis Inhibitors","Protein Synthesis Inhibitors",0.996,1
"Contraceptives, Oral, Synthetic","Contraceptives, Oral, Synthetic",0.999,1
"Hydroxymethylglutaryl-CoA Reductase Inhibitors","Hydroxymethylglutaryl-CoA Reductase Inhibitors",1,1
