"","target","p","padj"
"CHEMBL1649052","CHEMBL1649052",0,0
"CHEMBL2094110","CHEMBL2094110",0,0
"CHEMBL2095196","CHEMBL2095196",0,0
"CHEMBL4744","CHEMBL4744",0,0
"CHEMBL1910","CHEMBL1910",0.001,1
"CHEMBL2095205","CHEMBL2095205",0.001,1
"CHEMBL3106","CHEMBL3106",0.001,1
"CHEMBL3597","CHEMBL3597",0.001,1
"CHEMBL5857","CHEMBL5857",0.001,1
"CHEMBL2096677","CHEMBL2096677",0.002,1
"CHEMBL2804","CHEMBL2804",0.002,1
"CHEMBL3568","CHEMBL3568",0.002,1
"CHEMBL4803","CHEMBL4803",0.002,1
"CHEMBL2094107","CHEMBL2094107",0.003,1
"CHEMBL2111462","CHEMBL2111462",0.003,1
"CHEMBL266","CHEMBL266",0.003,1
"CHEMBL3023","CHEMBL3023",0.003,1
"CHEMBL3047","CHEMBL3047",0.003,1
"CHEMBL4502","CHEMBL4502",0.003,1
"CHEMBL1293231","CHEMBL1293231",0.004,1
"CHEMBL1850","CHEMBL1850",0.004,1
"CHEMBL2110","CHEMBL2110",0.004,1
"CHEMBL2966","CHEMBL2966",0.004,1
"CHEMBL4518","CHEMBL4518",0.004,1
"CHEMBL4878","CHEMBL4878",0.004,1
"CHEMBL2063","CHEMBL2063",0.005,1
"CHEMBL2123","CHEMBL2123",0.005,1
"CHEMBL324","CHEMBL324",0.005,1
"CHEMBL6044","CHEMBL6044",0.005,1
"CHEMBL2028","CHEMBL2028",0.006,1
"CHEMBL3365","CHEMBL3365",0.006,1
"CHEMBL2007625","CHEMBL2007625",0.007,1
"CHEMBL2093864","CHEMBL2093864",0.007,1
"CHEMBL2851","CHEMBL2851",0.007,1
"CHEMBL4328","CHEMBL4328",0.007,1
"CHEMBL4029","CHEMBL4029",0.008,1
"CHEMBL4655","CHEMBL4655",0.008,1
"CHEMBL4714","CHEMBL4714",0.008,1
"CHEMBL5221","CHEMBL5221",0.009,1
"CHEMBL2109234","CHEMBL2109234",0.01,1
"CHEMBL5255","CHEMBL5255",0.01,1
"CHEMBL2096909","CHEMBL2096909",0.011,1
"CHEMBL2096674","CHEMBL2096674",0.012,1
"CHEMBL2274","CHEMBL2274",0.012,1
"CHEMBL2095182","CHEMBL2095182",0.013,1
"CHEMBL2231","CHEMBL2231",0.013,1
"CHEMBL2492","CHEMBL2492",0.013,1
"CHEMBL4086","CHEMBL4086",0.013,1
"CHEMBL5582","CHEMBL5582",0.013,1
"CHEMBL2111366","CHEMBL2111366",0.014,1
"CHEMBL2880","CHEMBL2880",0.014,1
"CHEMBL3912","CHEMBL3912",0.014,1
"CHEMBL5601","CHEMBL5601",0.014,1
"CHEMBL2756","CHEMBL2756",0.015,1
"CHEMBL4973","CHEMBL4973",0.015,1
"CHEMBL5925","CHEMBL5925",0.015,1
"CHEMBL2157","CHEMBL2157",0.016,1
"CHEMBL3455","CHEMBL3455",0.016,1
"CHEMBL1795166","CHEMBL1795166",0.017,1
"CHEMBL2808","CHEMBL2808",0.017,1
"CHEMBL3085","CHEMBL3085",0.017,1
"CHEMBL3808","CHEMBL3808",0.018,1
"CHEMBL3818","CHEMBL3818",0.019,1
"CHEMBL3235","CHEMBL3235",0.02,1
"CHEMBL2056","CHEMBL2056",0.021,1
"CHEMBL2186","CHEMBL2186",0.021,1
"CHEMBL4747","CHEMBL4747",0.021,1
"CHEMBL1916","CHEMBL1916",0.022,1
"CHEMBL2085","CHEMBL2085",0.022,1
"CHEMBL4398","CHEMBL4398",0.022,1
"CHEMBL2094138","CHEMBL2094138",0.023,1
"CHEMBL2111369","CHEMBL2111369",0.023,1
"CHEMBL3426","CHEMBL3426",0.023,1
"CHEMBL4101","CHEMBL4101",0.023,1
"CHEMBL1938210","CHEMBL1938210",0.024,1
"CHEMBL2094","CHEMBL2094",0.024,1
"CHEMBL2531","CHEMBL2531",0.024,1
"CHEMBL3923","CHEMBL3923",0.024,1
"CHEMBL4054","CHEMBL4054",0.024,1
"CHEMBL5281","CHEMBL5281",0.024,1
"CHEMBL2131","CHEMBL2131",0.025,1
"CHEMBL1942","CHEMBL1942",0.027,1
"CHEMBL1935","CHEMBL1935",0.028,1
"CHEMBL1941","CHEMBL1941",0.028,1
"CHEMBL3649","CHEMBL3649",0.028,1
"CHEMBL3761","CHEMBL3761",0.028,1
"CHEMBL4503","CHEMBL4503",0.028,1
"CHEMBL4581","CHEMBL4581",0.028,1
"CHEMBL1741186","CHEMBL1741186",0.029,1
"CHEMBL3738","CHEMBL3738",0.029,1
"CHEMBL4892","CHEMBL4892",0.029,1
"CHEMBL2094109","CHEMBL2094109",0.033,1
"CHEMBL231","CHEMBL231",0.033,1
"CHEMBL1907593","CHEMBL1907593",0.034,1
"CHEMBL1907609","CHEMBL1907609",0.034,1
"CHEMBL222","CHEMBL222",0.034,1
"CHEMBL2497","CHEMBL2497",0.034,1
"CHEMBL2748","CHEMBL2748",0.035,1
"CHEMBL4642","CHEMBL4642",0.035,1
"CHEMBL4484","CHEMBL4484",0.036,1
"CHEMBL5350","CHEMBL5350",0.036,1
"CHEMBL2094111","CHEMBL2094111",0.037,1
"CHEMBL5282","CHEMBL5282",0.037,1
"CHEMBL3589","CHEMBL3589",0.038,1
"CHEMBL3740","CHEMBL3740",0.038,1
"CHEMBL4477","CHEMBL4477",0.038,1
"CHEMBL2094132","CHEMBL2094132",0.039,1
"CHEMBL3602","CHEMBL3602",0.039,1
"CHEMBL4181","CHEMBL4181",0.039,1
"CHEMBL5360","CHEMBL5360",0.04,1
"CHEMBL287","CHEMBL287",0.041,1
"CHEMBL3199","CHEMBL3199",0.041,1
"CHEMBL1075214","CHEMBL1075214",0.043,1
"CHEMBL2378","CHEMBL2378",0.043,1
"CHEMBL2095166","CHEMBL2095166",0.044,1
"CHEMBL3004","CHEMBL3004",0.045,1
"CHEMBL309","CHEMBL309",0.045,1
"CHEMBL4036","CHEMBL4036",0.045,1
"CHEMBL1907591","CHEMBL1907591",0.047,1
"CHEMBL276","CHEMBL276",0.047,1
"CHEMBL2687","CHEMBL2687",0.048,1
"CHEMBL3575","CHEMBL3575",0.048,1
"CHEMBL2073670","CHEMBL2073670",0.049,1
"CHEMBL2406894","CHEMBL2406894",0.049,1
"CHEMBL3254","CHEMBL3254",0.049,1
"CHEMBL5555","CHEMBL5555",0.049,1
"CHEMBL1919","CHEMBL1919",0.05,1
"CHEMBL3592","CHEMBL3592",0.05,1
"CHEMBL4093","CHEMBL4093",0.05,1
"CHEMBL4333","CHEMBL4333",0.05,1
"CHEMBL277","CHEMBL277",0.051,1
"CHEMBL3189","CHEMBL3189",0.051,1
"CHEMBL2111394","CHEMBL2111394",0.053,1
"CHEMBL2111478","CHEMBL2111478",0.053,1
"CHEMBL2111457","CHEMBL2111457",0.054,1
"CHEMBL4940","CHEMBL4940",0.054,1
"CHEMBL2095158","CHEMBL2095158",0.055,1
"CHEMBL3150","CHEMBL3150",0.055,1
"CHEMBL6154","CHEMBL6154",0.055,1
"CHEMBL3890","CHEMBL3890",0.056,1
"CHEMBL4979","CHEMBL4979",0.056,1
"CHEMBL221","CHEMBL221",0.057,1
"CHEMBL1641347","CHEMBL1641347",0.058,1
"CHEMBL3262","CHEMBL3262",0.058,1
"CHEMBL3594","CHEMBL3594",0.058,1
"CHEMBL4903","CHEMBL4903",0.058,1
"CHEMBL2189110","CHEMBL2189110",0.06,1
"CHEMBL2284","CHEMBL2284",0.06,1
"CHEMBL3596","CHEMBL3596",0.06,1
"CHEMBL3737","CHEMBL3737",0.061,1
"CHEMBL4613","CHEMBL4613",0.061,1
"CHEMBL1907608","CHEMBL1907608",0.062,1
"CHEMBL2188","CHEMBL2188",0.062,1
"CHEMBL1907589","CHEMBL1907589",0.064,1
"CHEMBL264","CHEMBL264",0.064,1
"CHEMBL4035","CHEMBL4035",0.064,1
"CHEMBL4124","CHEMBL4124",0.064,1
"CHEMBL1860","CHEMBL1860",0.065,1
"CHEMBL230","CHEMBL230",0.065,1
"CHEMBL2592","CHEMBL2592",0.065,1
"CHEMBL2919","CHEMBL2919",0.065,1
"CHEMBL4835","CHEMBL4835",0.065,1
"CHEMBL5845","CHEMBL5845",0.065,1
"CHEMBL300","CHEMBL300",0.066,1
"CHEMBL1805","CHEMBL1805",0.067,1
"CHEMBL3595","CHEMBL3595",0.067,1
"CHEMBL4315","CHEMBL4315",0.067,1
"CHEMBL1903","CHEMBL1903",0.068,1
"CHEMBL5445","CHEMBL5445",0.068,1
"CHEMBL3577","CHEMBL3577",0.069,1
"CHEMBL4051","CHEMBL4051",0.07,1
"CHEMBL2111429","CHEMBL2111429",0.071,1
"CHEMBL2079848","CHEMBL2079848",0.072,1
"CHEMBL2125","CHEMBL2125",0.072,1
"CHEMBL1795117","CHEMBL1795117",0.073,1
"CHEMBL2096673","CHEMBL2096673",0.073,1
"CHEMBL2176846","CHEMBL2176846",0.073,1
"CHEMBL2392","CHEMBL2392",0.073,1
"CHEMBL3105","CHEMBL3105",0.074,1
"CHEMBL2001","CHEMBL2001",0.075,1
"CHEMBL2216739","CHEMBL2216739",0.076,1
"CHEMBL275","CHEMBL275",0.076,1
"CHEMBL5524","CHEMBL5524",0.076,1
"CHEMBL1783","CHEMBL1783",0.077,1
"CHEMBL2104","CHEMBL2104",0.077,1
"CHEMBL2147","CHEMBL2147",0.077,1
"CHEMBL2998","CHEMBL2998",0.077,1
"CHEMBL3038491","CHEMBL3038491",0.077,1
"CHEMBL3391","CHEMBL3391",0.077,1
"CHEMBL4592","CHEMBL4592",0.077,1
"CHEMBL4970","CHEMBL4970",0.077,1
"CHEMBL2721","CHEMBL2721",0.078,1
"CHEMBL5343","CHEMBL5343",0.078,1
"CHEMBL1907605","CHEMBL1907605",0.079,1
"CHEMBL2096986","CHEMBL2096986",0.08,1
"CHEMBL2111343","CHEMBL2111343",0.08,1
"CHEMBL265","CHEMBL265",0.08,1
"CHEMBL3246","CHEMBL3246",0.08,1
"CHEMBL3481","CHEMBL3481",0.08,1
"CHEMBL2325","CHEMBL2325",0.081,1
"CHEMBL1989","CHEMBL1989",0.082,1
"CHEMBL3780","CHEMBL3780",0.082,1
"CHEMBL3190","CHEMBL3190",0.083,1
"CHEMBL3373","CHEMBL3373",0.083,1
"CHEMBL5409","CHEMBL5409",0.083,1
"CHEMBL5578","CHEMBL5578",0.083,1
"CHEMBL3459","CHEMBL3459",0.084,1
"CHEMBL4421","CHEMBL4421",0.084,1
"CHEMBL1926497","CHEMBL1926497",0.086,1
"CHEMBL2095152","CHEMBL2095152",0.086,1
"CHEMBL1882","CHEMBL1882",0.087,1
"CHEMBL1907596","CHEMBL1907596",0.087,1
"CHEMBL3482","CHEMBL3482",0.087,1
"CHEMBL4549","CHEMBL4549",0.087,1
"CHEMBL220","CHEMBL220",0.088,1
"CHEMBL228","CHEMBL228",0.088,1
"CHEMBL4016","CHEMBL4016",0.088,1
"CHEMBL2111377","CHEMBL2111377",0.089,1
"CHEMBL322","CHEMBL322",0.089,1
"CHEMBL4481","CHEMBL4481",0.089,1
"CHEMBL4702","CHEMBL4702",0.089,1
"CHEMBL2111386","CHEMBL2111386",0.09,1
"CHEMBL323","CHEMBL323",0.09,1
"CHEMBL1991","CHEMBL1991",0.091,1
"CHEMBL2238","CHEMBL2238",0.091,1
"CHEMBL2508","CHEMBL2508",0.091,1
"CHEMBL3688","CHEMBL3688",0.091,1
"CHEMBL3965","CHEMBL3965",0.091,1
"CHEMBL4720","CHEMBL4720",0.091,1
"CHEMBL3329079","CHEMBL3329079",0.093,1
"CHEMBL3351218","CHEMBL3351218",0.093,1
"CHEMBL307","CHEMBL307",0.094,1
"CHEMBL3118","CHEMBL3118",0.094,1
"CHEMBL3998","CHEMBL3998",0.094,1
"CHEMBL3465","CHEMBL3465",0.095,1
"CHEMBL1970","CHEMBL1970",0.096,1
"CHEMBL2095190","CHEMBL2095190",0.096,1
"CHEMBL2097163","CHEMBL2097163",0.096,1
"CHEMBL3321","CHEMBL3321",0.096,1
"CHEMBL4191","CHEMBL4191",0.096,1
"CHEMBL1907594","CHEMBL1907594",0.097,1
"CHEMBL3114","CHEMBL3114",0.097,1
"CHEMBL3872","CHEMBL3872",0.098,1
"CHEMBL4683","CHEMBL4683",0.098,1
"CHEMBL4909","CHEMBL4909",0.098,1
"CHEMBL2095167","CHEMBL2095167",0.099,1
"CHEMBL5406","CHEMBL5406",0.099,1
"CHEMBL245","CHEMBL245",0.1,1
"CHEMBL4580","CHEMBL4580",0.101,1
"CHEMBL2096905","CHEMBL2096905",0.102,1
"CHEMBL2107","CHEMBL2107",0.102,1
"CHEMBL1866","CHEMBL1866",0.103,1
"CHEMBL3021","CHEMBL3021",0.103,1
"CHEMBL339","CHEMBL339",0.103,1
"CHEMBL1615381","CHEMBL1615381",0.104,1
"CHEMBL2094122","CHEMBL2094122",0.104,1
"CHEMBL2335","CHEMBL2335",0.104,1
"CHEMBL3797","CHEMBL3797",0.104,1
"CHEMBL3437","CHEMBL3437",0.105,1
"CHEMBL2805","CHEMBL2805",0.106,1
"CHEMBL3038479","CHEMBL3038479",0.106,1
"CHEMBL4047","CHEMBL4047",0.106,1
"CHEMBL4277","CHEMBL4277",0.106,1
"CHEMBL4402","CHEMBL4402",0.106,1
"CHEMBL4729","CHEMBL4729",0.106,1
"CHEMBL1907587","CHEMBL1907587",0.107,1
"CHEMBL1983","CHEMBL1983",0.107,1
"CHEMBL2004","CHEMBL2004",0.107,1
"CHEMBL2189158","CHEMBL2189158",0.107,1
"CHEMBL4931","CHEMBL4931",0.107,1
"CHEMBL4108","CHEMBL4108",0.109,1
"CHEMBL5756","CHEMBL5756",0.109,1
"CHEMBL4132","CHEMBL4132",0.11,1
"CHEMBL1870","CHEMBL1870",0.111,1
"CHEMBL4980","CHEMBL4980",0.111,1
"CHEMBL1293237","CHEMBL1293237",0.112,1
"CHEMBL2094123","CHEMBL2094123",0.112,1
"CHEMBL4306","CHEMBL4306",0.112,1
"CHEMBL4335","CHEMBL4335",0.112,1
"CHEMBL4789","CHEMBL4789",0.112,1
"CHEMBL5657","CHEMBL5657",0.113,1
"CHEMBL3358","CHEMBL3358",0.115,1
"CHEMBL2096973","CHEMBL2096973",0.116,1
"CHEMBL5293","CHEMBL5293",0.116,1
"CHEMBL1792","CHEMBL1792",0.117,1
"CHEMBL1907590","CHEMBL1907590",0.117,1
"CHEMBL1907592","CHEMBL1907592",0.118,1
"CHEMBL1907595","CHEMBL1907595",0.118,1
"CHEMBL2035","CHEMBL2035",0.118,1
"CHEMBL3067","CHEMBL3067",0.118,1
"CHEMBL3513","CHEMBL3513",0.118,1
"CHEMBL3348","CHEMBL3348",0.119,1
"CHEMBL2096682","CHEMBL2096682",0.12,1
"CHEMBL5158","CHEMBL5158",0.12,1
"CHEMBL2096669","CHEMBL2096669",0.121,1
"CHEMBL1973","CHEMBL1973",0.122,1
"CHEMBL3314","CHEMBL3314",0.123,1
"CHEMBL2530","CHEMBL2530",0.124,1
"CHEMBL5485","CHEMBL5485",0.124,1
"CHEMBL4608","CHEMBL4608",0.125,1
"CHEMBL4701","CHEMBL4701",0.126,1
"CHEMBL1075269","CHEMBL1075269",0.127,1
"CHEMBL3071","CHEMBL3071",0.127,1
"CHEMBL3728","CHEMBL3728",0.127,1
"CHEMBL3735","CHEMBL3735",0.127,1
"CHEMBL2518","CHEMBL2518",0.128,1
"CHEMBL5850","CHEMBL5850",0.128,1
"CHEMBL2094116","CHEMBL2094116",0.129,1
"CHEMBL2622","CHEMBL2622",0.129,1
"CHEMBL302","CHEMBL302",0.129,1
"CHEMBL6095","CHEMBL6095",0.13,1
"CHEMBL299","CHEMBL299",0.131,1
"CHEMBL3107","CHEMBL3107",0.131,1
"CHEMBL3371","CHEMBL3371",0.131,1
"CHEMBL5870","CHEMBL5870",0.131,1
"CHEMBL1163111","CHEMBL1163111",0.132,1
"CHEMBL256","CHEMBL256",0.132,1
"CHEMBL3230","CHEMBL3230",0.132,1
"CHEMBL5411","CHEMBL5411",0.132,1
"CHEMBL2278","CHEMBL2278",0.133,1
"CHEMBL3322","CHEMBL3322",0.133,1
"CHEMBL3356","CHEMBL3356",0.133,1
"CHEMBL3733","CHEMBL3733",0.133,1
"CHEMBL3833","CHEMBL3833",0.133,1
"CHEMBL3910","CHEMBL3910",0.133,1
"CHEMBL5028","CHEMBL5028",0.134,1
"CHEMBL1770047","CHEMBL1770047",0.135,1
"CHEMBL1949","CHEMBL1949",0.135,1
"CHEMBL2021745","CHEMBL2021745",0.135,1
"CHEMBL2346488","CHEMBL2346488",0.136,1
"CHEMBL3622","CHEMBL3622",0.136,1
"CHEMBL4567","CHEMBL4567",0.136,1
"CHEMBL1867","CHEMBL1867",0.137,1
"CHEMBL2672","CHEMBL2672",0.137,1
"CHEMBL4321","CHEMBL4321",0.137,1
"CHEMBL4394","CHEMBL4394",0.137,1
"CHEMBL1075322","CHEMBL1075322",0.138,1
"CHEMBL1899","CHEMBL1899",0.138,1
"CHEMBL6113","CHEMBL6113",0.138,1
"CHEMBL1822","CHEMBL1822",0.139,1
"CHEMBL213","CHEMBL213",0.139,1
"CHEMBL2094257","CHEMBL2094257",0.14,1
"CHEMBL3842","CHEMBL3842",0.14,1
"CHEMBL5451","CHEMBL5451",0.14,1
"CHEMBL4731","CHEMBL4731",0.141,1
"CHEMBL5685","CHEMBL5685",0.141,1
"CHEMBL1821","CHEMBL1821",0.142,1
"CHEMBL3718","CHEMBL3718",0.142,1
"CHEMBL4531","CHEMBL4531",0.142,1
"CHEMBL4625","CHEMBL4625",0.142,1
"CHEMBL2331068","CHEMBL2331068",0.143,1
"CHEMBL3879","CHEMBL3879",0.143,1
"CHEMBL2095191","CHEMBL2095191",0.144,1
"CHEMBL2096977","CHEMBL2096977",0.144,1
"CHEMBL2724","CHEMBL2724",0.144,1
"CHEMBL4822","CHEMBL4822",0.145,1
"CHEMBL2095177","CHEMBL2095177",0.146,1
"CHEMBL3616","CHEMBL3616",0.146,1
"CHEMBL5450","CHEMBL5450",0.147,1
"CHEMBL2096671","CHEMBL2096671",0.148,1
"CHEMBL3969","CHEMBL3969",0.148,1
"CHEMBL4675","CHEMBL4675",0.148,1
"CHEMBL1293255","CHEMBL1293255",0.149,1
"CHEMBL4699","CHEMBL4699",0.149,1
"CHEMBL2781","CHEMBL2781",0.15,1
"CHEMBL4618","CHEMBL4618",0.15,1
"CHEMBL5859","CHEMBL5859",0.151,1
"CHEMBL2094120","CHEMBL2094120",0.152,1
"CHEMBL2384898","CHEMBL2384898",0.152,1
"CHEMBL3228","CHEMBL3228",0.152,1
"CHEMBL4176","CHEMBL4176",0.152,1
"CHEMBL1855","CHEMBL1855",0.154,1
"CHEMBL2543","CHEMBL2543",0.154,1
"CHEMBL3242","CHEMBL3242",0.154,1
"CHEMBL1914","CHEMBL1914",0.155,1
"CHEMBL3218","CHEMBL3218",0.155,1
"CHEMBL2107838","CHEMBL2107838",0.156,1
"CHEMBL3467","CHEMBL3467",0.156,1
"CHEMBL2167","CHEMBL2167",0.157,1
"CHEMBL4071","CHEMBL4071",0.157,1
"CHEMBL4556","CHEMBL4556",0.157,1
"CHEMBL5327","CHEMBL5327",0.157,1
"CHEMBL1907598","CHEMBL1907598",0.158,1
"CHEMBL2938","CHEMBL2938",0.16,1
"CHEMBL3026","CHEMBL3026",0.16,1
"CHEMBL2111421","CHEMBL2111421",0.161,1
"CHEMBL1744525","CHEMBL1744525",0.162,1
"CHEMBL2095179","CHEMBL2095179",0.162,1
"CHEMBL3427","CHEMBL3427",0.163,1
"CHEMBL3446","CHEMBL3446",0.163,1
"CHEMBL4796","CHEMBL4796",0.163,1
"CHEMBL1833","CHEMBL1833",0.165,1
"CHEMBL2664","CHEMBL2664",0.166,1
"CHEMBL3582","CHEMBL3582",0.166,1
"CHEMBL5517","CHEMBL5517",0.167,1
"CHEMBL6148","CHEMBL6148",0.167,1
"CHEMBL210","CHEMBL210",0.168,1
"CHEMBL3161","CHEMBL3161",0.168,1
"CHEMBL4532","CHEMBL4532",0.168,1
"CHEMBL1075162","CHEMBL1075162",0.169,1
"CHEMBL2758","CHEMBL2758",0.169,1
"CHEMBL1744522","CHEMBL1744522",0.17,1
"CHEMBL2111459","CHEMBL2111459",0.17,1
"CHEMBL2476","CHEMBL2476",0.17,1
"CHEMBL4959","CHEMBL4959",0.17,1
"CHEMBL250","CHEMBL250",0.172,1
"CHEMBL2093872","CHEMBL2093872",0.173,1
"CHEMBL2094118","CHEMBL2094118",0.173,1
"CHEMBL313","CHEMBL313",0.174,1
"CHEMBL4692","CHEMBL4692",0.174,1
"CHEMBL209","CHEMBL209",0.175,1
"CHEMBL2096666","CHEMBL2096666",0.176,1
"CHEMBL3911","CHEMBL3911",0.176,1
"CHEMBL320","CHEMBL320",0.177,1
"CHEMBL3892","CHEMBL3892",0.177,1
"CHEMBL5353","CHEMBL5353",0.177,1
"CHEMBL2096617","CHEMBL2096617",0.178,1
"CHEMBL3360","CHEMBL3360",0.178,1
"CHEMBL1907604","CHEMBL1907604",0.179,1
"CHEMBL2111374","CHEMBL2111374",0.179,1
"CHEMBL2434","CHEMBL2434",0.179,1
"CHEMBL3491","CHEMBL3491",0.179,1
"CHEMBL4431","CHEMBL4431",0.179,1
"CHEMBL4719","CHEMBL4719",0.179,1
"CHEMBL1889","CHEMBL1889",0.18,1
"CHEMBL2111384","CHEMBL2111384",0.18,1
"CHEMBL2182","CHEMBL2182",0.18,1
"CHEMBL3510","CHEMBL3510",0.18,1
"CHEMBL2792","CHEMBL2792",0.181,1
"CHEMBL4374","CHEMBL4374",0.182,1
"CHEMBL2088","CHEMBL2088",0.183,1
"CHEMBL3492","CHEMBL3492",0.183,1
"CHEMBL4676","CHEMBL4676",0.184,1
"CHEMBL6007","CHEMBL6007",0.184,1
"CHEMBL3331","CHEMBL3331",0.185,1
"CHEMBL1977","CHEMBL1977",0.186,1
"CHEMBL4039","CHEMBL4039",0.186,1
"CHEMBL4664","CHEMBL4664",0.186,1
"CHEMBL1951","CHEMBL1951",0.187,1
"CHEMBL4521","CHEMBL4521",0.187,1
"CHEMBL3403","CHEMBL3403",0.188,1
"CHEMBL6175","CHEMBL6175",0.188,1
"CHEMBL1255149","CHEMBL1255149",0.189,1
"CHEMBL2993","CHEMBL2993",0.189,1
"CHEMBL2109241","CHEMBL2109241",0.19,1
"CHEMBL216","CHEMBL216",0.19,1
"CHEMBL3918","CHEMBL3918",0.19,1
"CHEMBL1907600","CHEMBL1907600",0.191,1
"CHEMBL4327","CHEMBL4327",0.191,1
"CHEMBL4773","CHEMBL4773",0.191,1
"CHEMBL1250417","CHEMBL1250417",0.192,1
"CHEMBL2799","CHEMBL2799",0.192,1
"CHEMBL3590","CHEMBL3590",0.192,1
"CHEMBL4648","CHEMBL4648",0.192,1
"CHEMBL2828","CHEMBL2828",0.193,1
"CHEMBL1828","CHEMBL1828",0.194,1
"CHEMBL5649","CHEMBL5649",0.195,1
"CHEMBL2111322","CHEMBL2111322",0.197,1
"CHEMBL4595","CHEMBL4595",0.197,1
"CHEMBL1782","CHEMBL1782",0.198,1
"CHEMBL3593","CHEMBL3593",0.198,1
"CHEMBL2710","CHEMBL2710",0.199,1
"CHEMBL6114","CHEMBL6114",0.199,1
"CHEMBL262","CHEMBL262",0.2,1
"CHEMBL1985","CHEMBL1985",0.201,1
"CHEMBL1952","CHEMBL1952",0.202,1
"CHEMBL1947","CHEMBL1947",0.203,1
"CHEMBL3216","CHEMBL3216",0.203,1
"CHEMBL1770046","CHEMBL1770046",0.204,1
"CHEMBL3066","CHEMBL3066",0.204,1
"CHEMBL4085","CHEMBL4085",0.204,1
"CHEMBL2024","CHEMBL2024",0.205,1
"CHEMBL1641348","CHEMBL1641348",0.206,1
"CHEMBL1804","CHEMBL1804",0.206,1
"CHEMBL2860","CHEMBL2860",0.206,1
"CHEMBL4769","CHEMBL4769",0.206,1
"CHEMBL3762","CHEMBL3762",0.207,1
"CHEMBL232","CHEMBL232",0.208,1
"CHEMBL4552","CHEMBL4552",0.208,1
"CHEMBL2343","CHEMBL2343",0.21,1
"CHEMBL4662","CHEMBL4662",0.21,1
"CHEMBL5112","CHEMBL5112",0.21,1
"CHEMBL5368","CHEMBL5368",0.21,1
"CHEMBL2095203","CHEMBL2095203",0.211,1
"CHEMBL1907","CHEMBL1907",0.212,1
"CHEMBL2135","CHEMBL2135",0.212,1
"CHEMBL2095186","CHEMBL2095186",0.213,1
"CHEMBL3884","CHEMBL3884",0.213,1
"CHEMBL238","CHEMBL238",0.215,1
"CHEMBL3421524","CHEMBL3421524",0.215,1
"CHEMBL3544","CHEMBL3544",0.215,1
"CHEMBL1075280","CHEMBL1075280",0.216,1
"CHEMBL3571","CHEMBL3571",0.216,1
"CHEMBL2326","CHEMBL2326",0.219,1
"CHEMBL2870","CHEMBL2870",0.219,1
"CHEMBL2008","CHEMBL2008",0.22,1
"CHEMBL3263","CHEMBL3263",0.22,1
"CHEMBL2384","CHEMBL2384",0.221,1
"CHEMBL1075282","CHEMBL1075282",0.222,1
"CHEMBL2111456","CHEMBL2111456",0.222,1
"CHEMBL5407","CHEMBL5407",0.224,1
"CHEMBL1075246","CHEMBL1075246",0.225,1
"CHEMBL3478","CHEMBL3478",0.225,1
"CHEMBL4468","CHEMBL4468",0.226,1
"CHEMBL2120","CHEMBL2120",0.227,1
"CHEMBL3900","CHEMBL3900",0.227,1
"CHEMBL1995","CHEMBL1995",0.228,1
"CHEMBL1743125","CHEMBL1743125",0.229,1
"CHEMBL2002","CHEMBL2002",0.229,1
"CHEMBL1255137","CHEMBL1255137",0.23,1
"CHEMBL4816","CHEMBL4816",0.23,1
"CHEMBL4824","CHEMBL4824",0.231,1
"CHEMBL3741","CHEMBL3741",0.232,1
"CHEMBL5695","CHEMBL5695",0.233,1
"CHEMBL2109233","CHEMBL2109233",0.234,1
"CHEMBL3197","CHEMBL3197",0.234,1
"CHEMBL3229","CHEMBL3229",0.236,1
"CHEMBL4793","CHEMBL4793",0.237,1
"CHEMBL2095159","CHEMBL2095159",0.238,1
"CHEMBL304","CHEMBL304",0.238,1
"CHEMBL4177","CHEMBL4177",0.239,1
"CHEMBL1827","CHEMBL1827",0.24,1
"CHEMBL2007628","CHEMBL2007628",0.24,1
"CHEMBL1904","CHEMBL1904",0.241,1
"CHEMBL2097167","CHEMBL2097167",0.242,1
"CHEMBL2611","CHEMBL2611",0.242,1
"CHEMBL1962","CHEMBL1962",0.243,1
"CHEMBL2252","CHEMBL2252",0.243,1
"CHEMBL2221348","CHEMBL2221348",0.244,1
"CHEMBL3198","CHEMBL3198",0.246,1
"CHEMBL1293222","CHEMBL1293222",0.247,1
"CHEMBL1293226","CHEMBL1293226",0.247,1
"CHEMBL3505","CHEMBL3505",0.247,1
"CHEMBL4235","CHEMBL4235",0.247,1
"CHEMBL6080","CHEMBL6080",0.247,1
"CHEMBL3341584","CHEMBL3341584",0.248,1
"CHEMBL4677","CHEMBL4677",0.248,1
"CHEMBL2074","CHEMBL2074",0.25,1
"CHEMBL3921","CHEMBL3921",0.25,1
"CHEMBL5963","CHEMBL5963",0.25,1
"CHEMBL281","CHEMBL281",0.251,1
"CHEMBL2753","CHEMBL2753",0.252,1
"CHEMBL315","CHEMBL315",0.252,1
"CHEMBL2128","CHEMBL2128",0.253,1
"CHEMBL1287628","CHEMBL1287628",0.254,1
"CHEMBL2095160","CHEMBL2095160",0.254,1
"CHEMBL225","CHEMBL225",0.254,1
"CHEMBL3504","CHEMBL3504",0.256,1
"CHEMBL4685","CHEMBL4685",0.256,1
"CHEMBL289","CHEMBL289",0.257,1
"CHEMBL4068","CHEMBL4068",0.257,1
"CHEMBL4698","CHEMBL4698",0.258,1
"CHEMBL233","CHEMBL233",0.259,1
"CHEMBL2527","CHEMBL2527",0.259,1
"CHEMBL5200","CHEMBL5200",0.259,1
"CHEMBL3674","CHEMBL3674",0.261,1
"CHEMBL2912","CHEMBL2912",0.262,1
"CHEMBL1287627","CHEMBL1287627",0.263,1
"CHEMBL2927","CHEMBL2927",0.263,1
"CHEMBL4666","CHEMBL4666",0.263,1
"CHEMBL4818","CHEMBL4818",0.263,1
"CHEMBL1881","CHEMBL1881",0.264,1
"CHEMBL2370","CHEMBL2370",0.264,1
"CHEMBL248","CHEMBL248",0.264,1
"CHEMBL2814","CHEMBL2814",0.264,1
"CHEMBL3160","CHEMBL3160",0.264,1
"CHEMBL5474","CHEMBL5474",0.264,1
"CHEMBL1075228","CHEMBL1075228",0.265,1
"CHEMBL2094124","CHEMBL2094124",0.265,1
"CHEMBL2793","CHEMBL2793",0.265,1
"CHEMBL318","CHEMBL318",0.265,1
"CHEMBL3414410","CHEMBL3414410",0.265,1
"CHEMBL4566","CHEMBL4566",0.265,1
"CHEMBL2283","CHEMBL2283",0.267,1
"CHEMBL4163","CHEMBL4163",0.267,1
"CHEMBL4282","CHEMBL4282",0.268,1
"CHEMBL5137","CHEMBL5137",0.268,1
"CHEMBL2093870","CHEMBL2093870",0.269,1
"CHEMBL5098","CHEMBL5098",0.272,1
"CHEMBL1875","CHEMBL1875",0.273,1
"CHEMBL2094119","CHEMBL2094119",0.273,1
"CHEMBL2083","CHEMBL2083",0.274,1
"CHEMBL2095173","CHEMBL2095173",0.274,1
"CHEMBL2096670","CHEMBL2096670",0.276,1
"CHEMBL3421","CHEMBL3421",0.276,1
"CHEMBL1825","CHEMBL1825",0.279,1
"CHEMBL2095171","CHEMBL2095171",0.279,1
"CHEMBL2029198","CHEMBL2029198",0.28,1
"CHEMBL3252","CHEMBL3252",0.281,1
"CHEMBL1293292","CHEMBL1293292",0.283,1
"CHEMBL1917","CHEMBL1917",0.283,1
"CHEMBL2093868","CHEMBL2093868",0.283,1
"CHEMBL2787","CHEMBL2787",0.283,1
"CHEMBL1993","CHEMBL1993",0.284,1
"CHEMBL2094129","CHEMBL2094129",0.284,1
"CHEMBL3476","CHEMBL3476",0.286,1
"CHEMBL4017","CHEMBL4017",0.286,1
"CHEMBL4187","CHEMBL4187",0.286,1
"CHEMBL1697671","CHEMBL1697671",0.287,1
"CHEMBL249","CHEMBL249",0.287,1
"CHEMBL5989","CHEMBL5989",0.287,1
"CHEMBL1293287","CHEMBL1293287",0.288,1
"CHEMBL2095157","CHEMBL2095157",0.288,1
"CHEMBL2095229","CHEMBL2095229",0.289,1
"CHEMBL5704","CHEMBL5704",0.289,1
"CHEMBL1907603","CHEMBL1907603",0.291,1
"CHEMBL5689","CHEMBL5689",0.292,1
"CHEMBL5982","CHEMBL5982",0.292,1
"CHEMBL1169599","CHEMBL1169599",0.293,1
"CHEMBL1836","CHEMBL1836",0.293,1
"CHEMBL2911","CHEMBL2911",0.293,1
"CHEMBL1944498","CHEMBL1944498",0.294,1
"CHEMBL6079","CHEMBL6079",0.296,1
"CHEMBL2625","CHEMBL2625",0.298,1
"CHEMBL253","CHEMBL253",0.301,1
"CHEMBL4848","CHEMBL4848",0.301,1
"CHEMBL5162","CHEMBL5162",0.301,1
"CHEMBL4393","CHEMBL4393",0.302,1
"CHEMBL1856","CHEMBL1856",0.303,1
"CHEMBL2318","CHEMBL2318",0.303,1
"CHEMBL5443","CHEMBL5443",0.303,1
"CHEMBL1293194","CHEMBL1293194",0.304,1
"CHEMBL3091","CHEMBL3091",0.304,1
"CHEMBL338","CHEMBL338",0.304,1
"CHEMBL2052028","CHEMBL2052028",0.306,1
"CHEMBL2095204","CHEMBL2095204",0.306,1
"CHEMBL4465","CHEMBL4465",0.306,1
"CHEMBL1955712","CHEMBL1955712",0.308,1
"CHEMBL4472","CHEMBL4472",0.309,1
"CHEMBL1628481","CHEMBL1628481",0.31,1
"CHEMBL2111472","CHEMBL2111472",0.31,1
"CHEMBL2265","CHEMBL2265",0.31,1
"CHEMBL1929","CHEMBL1929",0.311,1
"CHEMBL2034807","CHEMBL2034807",0.311,1
"CHEMBL2095","CHEMBL2095",0.312,1
"CHEMBL3041","CHEMBL3041",0.312,1
"CHEMBL4736","CHEMBL4736",0.312,1
"CHEMBL1861","CHEMBL1861",0.313,1
"CHEMBL4273","CHEMBL4273",0.313,1
"CHEMBL5027","CHEMBL5027",0.313,1
"CHEMBL5619","CHEMBL5619",0.313,1
"CHEMBL1791","CHEMBL1791",0.314,1
"CHEMBL2489","CHEMBL2489",0.314,1
"CHEMBL3176","CHEMBL3176",0.314,1
"CHEMBL4802","CHEMBL4802",0.314,1
"CHEMBL1250375","CHEMBL1250375",0.316,1
"CHEMBL3721","CHEMBL3721",0.316,1
"CHEMBL2111327","CHEMBL2111327",0.317,1
"CHEMBL240","CHEMBL240",0.317,1
"CHEMBL2095193","CHEMBL2095193",0.318,1
"CHEMBL4561","CHEMBL4561",0.318,1
"CHEMBL2118","CHEMBL2118",0.32,1
"CHEMBL3241","CHEMBL3241",0.32,1
"CHEMBL3317335","CHEMBL3317335",0.32,1
"CHEMBL3461","CHEMBL3461",0.32,1
"CHEMBL3913","CHEMBL3913",0.32,1
"CHEMBL3928","CHEMBL3928",0.32,1
"CHEMBL2094251","CHEMBL2094251",0.321,1
"CHEMBL330","CHEMBL330",0.322,1
"CHEMBL1293266","CHEMBL1293266",0.324,1
"CHEMBL1921664","CHEMBL1921664",0.324,1
"CHEMBL2146346","CHEMBL2146346",0.324,1
"CHEMBL3407319","CHEMBL3407319",0.324,1
"CHEMBL1940","CHEMBL1940",0.326,1
"CHEMBL2991","CHEMBL2991",0.326,1
"CHEMBL3068","CHEMBL3068",0.326,1
"CHEMBL2718","CHEMBL2718",0.327,1
"CHEMBL215","CHEMBL215",0.328,1
"CHEMBL2383","CHEMBL2383",0.328,1
"CHEMBL2337","CHEMBL2337",0.329,1
"CHEMBL3753","CHEMBL3753",0.329,1
"CHEMBL5658","CHEMBL5658",0.329,1
"CHEMBL326","CHEMBL326",0.33,1
"CHEMBL3297639","CHEMBL3297639",0.33,1
"CHEMBL2417350","CHEMBL2417350",0.332,1
"CHEMBL242","CHEMBL242",0.332,1
"CHEMBL4777","CHEMBL4777",0.332,1
"CHEMBL2094256","CHEMBL2094256",0.334,1
"CHEMBL2345","CHEMBL2345",0.334,1
"CHEMBL223","CHEMBL223",0.335,1
"CHEMBL2675","CHEMBL2675",0.335,1
"CHEMBL4755","CHEMBL4755",0.335,1
"CHEMBL2937","CHEMBL2937",0.336,1
"CHEMBL4464","CHEMBL4464",0.337,1
"CHEMBL4860","CHEMBL4860",0.337,1
"CHEMBL2967","CHEMBL2967",0.338,1
"CHEMBL2525","CHEMBL2525",0.34,1
"CHEMBL3744","CHEMBL3744",0.34,1
"CHEMBL3772","CHEMBL3772",0.341,1
"CHEMBL4408","CHEMBL4408",0.341,1
"CHEMBL4158","CHEMBL4158",0.342,1
"CHEMBL6184","CHEMBL6184",0.342,1
"CHEMBL2094133","CHEMBL2094133",0.343,1
"CHEMBL3013","CHEMBL3013",0.343,1
"CHEMBL3091266","CHEMBL3091266",0.343,1
"CHEMBL6120","CHEMBL6120",0.343,1
"CHEMBL206","CHEMBL206",0.344,1
"CHEMBL2569","CHEMBL2569",0.344,1
"CHEMBL4767","CHEMBL4767",0.344,1
"CHEMBL5412","CHEMBL5412",0.344,1
"CHEMBL1075319","CHEMBL1075319",0.345,1
"CHEMBL1808","CHEMBL1808",0.345,1
"CHEMBL5932","CHEMBL5932",0.345,1
"CHEMBL3266","CHEMBL3266",0.346,1
"CHEMBL1275217","CHEMBL1275217",0.349,1
"CHEMBL319","CHEMBL319",0.349,1
"CHEMBL4975","CHEMBL4975",0.349,1
"CHEMBL3048","CHEMBL3048",0.35,1
"CHEMBL3369","CHEMBL3369",0.35,1
"CHEMBL3783","CHEMBL3783",0.35,1
"CHEMBL5575","CHEMBL5575",0.35,1
"CHEMBL2096980","CHEMBL2096980",0.351,1
"CHEMBL3181","CHEMBL3181",0.351,1
"CHEMBL2473","CHEMBL2473",0.354,1
"CHEMBL2864","CHEMBL2864",0.354,1
"CHEMBL3148","CHEMBL3148",0.354,1
"CHEMBL1803","CHEMBL1803",0.355,1
"CHEMBL4828","CHEMBL4828",0.356,1
"CHEMBL273","CHEMBL273",0.359,1
"CHEMBL2331070","CHEMBL2331070",0.36,1
"CHEMBL2654","CHEMBL2654",0.36,1
"CHEMBL2934","CHEMBL2934",0.361,1
"CHEMBL4037","CHEMBL4037",0.361,1
"CHEMBL1886","CHEMBL1886",0.362,1
"CHEMBL3858","CHEMBL3858",0.362,1
"CHEMBL217","CHEMBL217",0.363,1
"CHEMBL2564","CHEMBL2564",0.363,1
"CHEMBL2061","CHEMBL2061",0.364,1
"CHEMBL1075172","CHEMBL1075172",0.365,1
"CHEMBL2094134","CHEMBL2094134",0.365,1
"CHEMBL2095188","CHEMBL2095188",0.365,1
"CHEMBL4370","CHEMBL4370",0.365,1
"CHEMBL2996","CHEMBL2996",0.366,1
"CHEMBL2903","CHEMBL2903",0.367,1
"CHEMBL3025","CHEMBL3025",0.367,1
"CHEMBL4426","CHEMBL4426",0.367,1
"CHEMBL2452","CHEMBL2452",0.368,1
"CHEMBL3623","CHEMBL3623",0.369,1
"CHEMBL3636","CHEMBL3636",0.369,1
"CHEMBL224","CHEMBL224",0.37,1
"CHEMBL1255126","CHEMBL1255126",0.371,1
"CHEMBL2883","CHEMBL2883",0.371,1
"CHEMBL3253","CHEMBL3253",0.371,1
"CHEMBL5378","CHEMBL5378",0.371,1
"CHEMBL2111339","CHEMBL2111339",0.373,1
"CHEMBL2439","CHEMBL2439",0.373,1
"CHEMBL5160","CHEMBL5160",0.375,1
"CHEMBL2316","CHEMBL2316",0.376,1
"CHEMBL2096970","CHEMBL2096970",0.377,1
"CHEMBL1293293","CHEMBL1293293",0.378,1
"CHEMBL2720","CHEMBL2720",0.378,1
"CHEMBL4589","CHEMBL4589",0.379,1
"CHEMBL2111373","CHEMBL2111373",0.38,1
"CHEMBL3421525","CHEMBL3421525",0.38,1
"CHEMBL6164","CHEMBL6164",0.38,1
"CHEMBL1811","CHEMBL1811",0.381,1
"CHEMBL2285","CHEMBL2285",0.381,1
"CHEMBL5174","CHEMBL5174",0.381,1
"CHEMBL226","CHEMBL226",0.383,1
"CHEMBL2411","CHEMBL2411",0.384,1
"CHEMBL4323","CHEMBL4323",0.385,1
"CHEMBL4234","CHEMBL4234",0.386,1
"CHEMBL2652","CHEMBL2652",0.387,1
"CHEMBL3050","CHEMBL3050",0.387,1
"CHEMBL3231","CHEMBL3231",0.388,1
"CHEMBL2208","CHEMBL2208",0.389,1
"CHEMBL3979","CHEMBL3979",0.389,1
"CHEMBL5896","CHEMBL5896",0.39,1
"CHEMBL4079","CHEMBL4079",0.391,1
"CHEMBL2813","CHEMBL2813",0.392,1
"CHEMBL2973","CHEMBL2973",0.392,1
"CHEMBL2016","CHEMBL2016",0.395,1
"CHEMBL2213","CHEMBL2213",0.396,1
"CHEMBL2111416","CHEMBL2111416",0.397,1
"CHEMBL3638","CHEMBL3638",0.397,1
"CHEMBL5805","CHEMBL5805",0.397,1
"CHEMBL291","CHEMBL291",0.398,1
"CHEMBL1921","CHEMBL1921",0.399,1
"CHEMBL246","CHEMBL246",0.399,1
"CHEMBL2868","CHEMBL2868",0.399,1
"CHEMBL3286","CHEMBL3286",0.399,1
"CHEMBL3656","CHEMBL3656",0.399,1
"CHEMBL3295","CHEMBL3295",0.4,1
"CHEMBL4894","CHEMBL4894",0.4,1
"CHEMBL284","CHEMBL284",0.402,1
"CHEMBL3344","CHEMBL3344",0.402,1
"CHEMBL4908","CHEMBL4908",0.403,1
"CHEMBL4121","CHEMBL4121",0.404,1
"CHEMBL237","CHEMBL237",0.405,1
"CHEMBL4794","CHEMBL4794",0.405,1
"CHEMBL2200","CHEMBL2200",0.406,1
"CHEMBL3559","CHEMBL3559",0.406,1
"CHEMBL4905","CHEMBL4905",0.407,1
"CHEMBL1961783","CHEMBL1961783",0.408,1
"CHEMBL5262","CHEMBL5262",0.408,1
"CHEMBL5607","CHEMBL5607",0.408,1
"CHEMBL3691","CHEMBL3691",0.409,1
"CHEMBL3117","CHEMBL3117",0.41,1
"CHEMBL3406","CHEMBL3406",0.41,1
"CHEMBL4804","CHEMBL4804",0.41,1
"CHEMBL3201","CHEMBL3201",0.412,1
"CHEMBL4227","CHEMBL4227",0.412,1
"CHEMBL3997","CHEMBL3997",0.413,1
"CHEMBL2097164","CHEMBL2097164",0.414,1
"CHEMBL2741","CHEMBL2741",0.415,1
"CHEMBL4791","CHEMBL4791",0.415,1
"CHEMBL2801","CHEMBL2801",0.416,1
"CHEMBL236","CHEMBL236",0.417,1
"CHEMBL3959","CHEMBL3959",0.417,1
"CHEMBL4308","CHEMBL4308",0.418,1
"CHEMBL4508","CHEMBL4508",0.418,1
"CHEMBL3338","CHEMBL3338",0.419,1
"CHEMBL2096680","CHEMBL2096680",0.42,1
"CHEMBL4317","CHEMBL4317",0.421,1
"CHEMBL5026","CHEMBL5026",0.421,1
"CHEMBL3399","CHEMBL3399",0.422,1
"CHEMBL5080","CHEMBL5080",0.422,1
"CHEMBL2039","CHEMBL2039",0.423,1
"CHEMBL343","CHEMBL343",0.423,1
"CHEMBL3776","CHEMBL3776",0.423,1
"CHEMBL4825","CHEMBL4825",0.423,1
"CHEMBL1075302","CHEMBL1075302",0.425,1
"CHEMBL2794","CHEMBL2794",0.425,1
"CHEMBL3019","CHEMBL3019",0.426,1
"CHEMBL3081","CHEMBL3081",0.426,1
"CHEMBL3878","CHEMBL3878",0.426,1
"CHEMBL2097168","CHEMBL2097168",0.427,1
"CHEMBL3351200","CHEMBL3351200",0.427,1
"CHEMBL4391","CHEMBL4391",0.427,1
"CHEMBL2111474","CHEMBL2111474",0.428,1
"CHEMBL3684","CHEMBL3684",0.428,1
"CHEMBL1900","CHEMBL1900",0.429,1
"CHEMBL1966","CHEMBL1966",0.429,1
"CHEMBL2097166","CHEMBL2097166",0.429,1
"CHEMBL1932898","CHEMBL1932898",0.43,1
"CHEMBL2496","CHEMBL2496",0.43,1
"CHEMBL3351","CHEMBL3351",0.431,1
"CHEMBL2885","CHEMBL2885",0.432,1
"CHEMBL3238","CHEMBL3238",0.432,1
"CHEMBL205","CHEMBL205",0.433,1
"CHEMBL2095192","CHEMBL2095192",0.433,1
"CHEMBL251","CHEMBL251",0.433,1
"CHEMBL303","CHEMBL303",0.433,1
"CHEMBL2994","CHEMBL2994",0.436,1
"CHEMBL5868","CHEMBL5868",0.436,1
"CHEMBL6165","CHEMBL6165",0.436,1
"CHEMBL1293267","CHEMBL1293267",0.438,1
"CHEMBL1859","CHEMBL1859",0.438,1
"CHEMBL4081","CHEMBL4081",0.438,1
"CHEMBL4197","CHEMBL4197",0.438,1
"CHEMBL3614","CHEMBL3614",0.439,1
"CHEMBL2096622","CHEMBL2096622",0.44,1
"CHEMBL4077","CHEMBL4077",0.44,1
"CHEMBL2360","CHEMBL2360",0.441,1
"CHEMBL5263","CHEMBL5263",0.441,1
"CHEMBL2000","CHEMBL2000",0.442,1
"CHEMBL4329","CHEMBL4329",0.442,1
"CHEMBL3607","CHEMBL3607",0.443,1
"CHEMBL4241","CHEMBL4241",0.443,1
"CHEMBL2717","CHEMBL2717",0.444,1
"CHEMBL5533","CHEMBL5533",0.444,1
"CHEMBL3869","CHEMBL3869",0.445,1
"CHEMBL2447","CHEMBL2447",0.446,1
"CHEMBL3399910","CHEMBL3399910",0.446,1
"CHEMBL3820","CHEMBL3820",0.446,1
"CHEMBL4334","CHEMBL4334",0.447,1
"CHEMBL2072","CHEMBL2072",0.448,1
"CHEMBL261","CHEMBL261",0.448,1
"CHEMBL341","CHEMBL341",0.449,1
"CHEMBL3091268","CHEMBL3091268",0.45,1
"CHEMBL4972","CHEMBL4972",0.452,1
"CHEMBL1075152","CHEMBL1075152",0.453,1
"CHEMBL3112387","CHEMBL3112387",0.453,1
"CHEMBL1963","CHEMBL1963",0.454,1
"CHEMBL2111463","CHEMBL2111463",0.454,1
"CHEMBL2723","CHEMBL2723",0.455,1
"CHEMBL3521","CHEMBL3521",0.455,1
"CHEMBL3179","CHEMBL3179",0.459,1
"CHEMBL5973","CHEMBL5973",0.459,1
"CHEMBL5493","CHEMBL5493",0.46,1
"CHEMBL3604","CHEMBL3604",0.461,1
"CHEMBL4070","CHEMBL4070",0.461,1
"CHEMBL4653","CHEMBL4653",0.461,1
"CHEMBL1971","CHEMBL1971",0.462,1
"CHEMBL2096675","CHEMBL2096675",0.462,1
"CHEMBL211","CHEMBL211",0.462,1
"CHEMBL3155","CHEMBL3155",0.462,1
"CHEMBL2336","CHEMBL2336",0.463,1
"CHEMBL4304","CHEMBL4304",0.465,1
"CHEMBL239","CHEMBL239",0.466,1
"CHEMBL3084","CHEMBL3084",0.466,1
"CHEMBL4330","CHEMBL4330",0.468,1
"CHEMBL4657","CHEMBL4657",0.469,1
"CHEMBL2331053","CHEMBL2331053",0.471,1
"CHEMBL254","CHEMBL254",0.471,1
"CHEMBL4619","CHEMBL4619",0.471,1
"CHEMBL255","CHEMBL255",0.473,1
"CHEMBL2095200","CHEMBL2095200",0.474,1
"CHEMBL5465","CHEMBL5465",0.474,1
"CHEMBL3464","CHEMBL3464",0.475,1
"CHEMBL2027","CHEMBL2027",0.476,1
"CHEMBL2113","CHEMBL2113",0.476,1
"CHEMBL3578","CHEMBL3578",0.476,1
"CHEMBL5285","CHEMBL5285",0.476,1
"CHEMBL614865","CHEMBL614865",0.476,1
"CHEMBL2094117","CHEMBL2094117",0.478,1
"CHEMBL1987","CHEMBL1987",0.479,1
"CHEMBL5211","CHEMBL5211",0.481,1
"CHEMBL2094121","CHEMBL2094121",0.482,1
"CHEMBL229","CHEMBL229",0.482,1
"CHEMBL3976","CHEMBL3976",0.482,1
"CHEMBL1854","CHEMBL1854",0.484,1
"CHEMBL1873","CHEMBL1873",0.484,1
"CHEMBL3535","CHEMBL3535",0.486,1
"CHEMBL2095194","CHEMBL2095194",0.487,1
"CHEMBL2331047","CHEMBL2331047",0.487,1
"CHEMBL4632","CHEMBL4632",0.487,1
"CHEMBL5724","CHEMBL5724",0.488,1
"CHEMBL2095150","CHEMBL2095150",0.49,1
"CHEMBL2951","CHEMBL2951",0.49,1
"CHEMBL3100","CHEMBL3100",0.49,1
"CHEMBL1914272","CHEMBL1914272",0.493,1
"CHEMBL4506","CHEMBL4506",0.493,1
"CHEMBL5424","CHEMBL5424",0.493,1
"CHEMBL1293191","CHEMBL1293191",0.494,1
"CHEMBL3060","CHEMBL3060",0.494,1
"CHEMBL3457","CHEMBL3457",0.494,1
"CHEMBL3045","CHEMBL3045",0.495,1
"CHEMBL2093869","CHEMBL2093869",0.496,1
"CHEMBL2221347","CHEMBL2221347",0.496,1
"CHEMBL3660","CHEMBL3660",0.497,1
"CHEMBL1795180","CHEMBL1795180",0.498,1
"CHEMBL4766","CHEMBL4766",0.498,1
"CHEMBL214","CHEMBL214",0.5,1
"CHEMBL5979","CHEMBL5979",0.5,1
"CHEMBL2095216","CHEMBL2095216",0.501,1
"CHEMBL5347","CHEMBL5347",0.501,1
"CHEMBL1743121","CHEMBL1743121",0.502,1
"CHEMBL3859","CHEMBL3859",0.502,1
"CHEMBL3490","CHEMBL3490",0.503,1
"CHEMBL3754","CHEMBL3754",0.503,1
"CHEMBL1932895","CHEMBL1932895",0.504,1
"CHEMBL2146315","CHEMBL2146315",0.504,1
"CHEMBL3683","CHEMBL3683",0.504,1
"CHEMBL1764946","CHEMBL1764946",0.505,1
"CHEMBL1790","CHEMBL1790",0.505,1
"CHEMBL3038469","CHEMBL3038469",0.506,1
"CHEMBL2480","CHEMBL2480",0.508,1
"CHEMBL3460","CHEMBL3460",0.508,1
"CHEMBL3729","CHEMBL3729",0.508,1
"CHEMBL6136","CHEMBL6136",0.508,1
"CHEMBL1997","CHEMBL1997",0.509,1
"CHEMBL2111407","CHEMBL2111407",0.509,1
"CHEMBL2850","CHEMBL2850",0.509,1
"CHEMBL3860","CHEMBL3860",0.509,1
"CHEMBL2738","CHEMBL2738",0.512,1
"CHEMBL1944","CHEMBL1944",0.513,1
"CHEMBL3817","CHEMBL3817",0.515,1
"CHEMBL5891","CHEMBL5891",0.515,1
"CHEMBL2181","CHEMBL2181",0.516,1
"CHEMBL5769","CHEMBL5769",0.516,1
"CHEMBL2093865","CHEMBL2093865",0.517,1
"CHEMBL3669","CHEMBL3669",0.517,1
"CHEMBL1988","CHEMBL1988",0.518,1
"CHEMBL2247","CHEMBL2247",0.518,1
"CHEMBL2915","CHEMBL2915",0.52,1
"CHEMBL5508","CHEMBL5508",0.52,1
"CHEMBL2093871","CHEMBL2093871",0.521,1
"CHEMBL4805","CHEMBL4805",0.521,1
"CHEMBL4820","CHEMBL4820",0.521,1
"CHEMBL4237","CHEMBL4237",0.522,1
"CHEMBL2888","CHEMBL2888",0.523,1
"CHEMBL2169736","CHEMBL2169736",0.524,1
"CHEMBL310","CHEMBL310",0.524,1
"CHEMBL3204","CHEMBL3204",0.524,1
"CHEMBL401","CHEMBL401",0.524,1
"CHEMBL3837","CHEMBL3837",0.526,1
"CHEMBL3070","CHEMBL3070",0.527,1
"CHEMBL3381","CHEMBL3381",0.527,1
"CHEMBL5669","CHEMBL5669",0.528,1
"CHEMBL1853","CHEMBL1853",0.53,1
"CHEMBL2093867","CHEMBL2093867",0.53,1
"CHEMBL219","CHEMBL219",0.53,1
"CHEMBL3778","CHEMBL3778",0.53,1
"CHEMBL288","CHEMBL288",0.531,1
"CHEMBL3251","CHEMBL3251",0.531,1
"CHEMBL1075145","CHEMBL1075145",0.532,1
"CHEMBL4028","CHEMBL4028",0.533,1
"CHEMBL4641","CHEMBL4641",0.533,1
"CHEMBL1075111","CHEMBL1075111",0.534,1
"CHEMBL3038485","CHEMBL3038485",0.534,1
"CHEMBL3561","CHEMBL3561",0.534,1
"CHEMBL3038488","CHEMBL3038488",0.535,1
"CHEMBL3917","CHEMBL3917",0.535,1
"CHEMBL4309","CHEMBL4309",0.535,1
"CHEMBL327","CHEMBL327",0.536,1
"CHEMBL3764","CHEMBL3764",0.536,1
"CHEMBL4425","CHEMBL4425",0.536,1
"CHEMBL3710","CHEMBL3710",0.537,1
"CHEMBL1293224","CHEMBL1293224",0.538,1
"CHEMBL2094125","CHEMBL2094125",0.538,1
"CHEMBL3397","CHEMBL3397",0.539,1
"CHEMBL2179","CHEMBL2179",0.54,1
"CHEMBL1628461","CHEMBL1628461",0.542,1
"CHEMBL1795181","CHEMBL1795181",0.542,1
"CHEMBL2567","CHEMBL2567",0.542,1
"CHEMBL3180","CHEMBL3180",0.542,1
"CHEMBL4072","CHEMBL4072",0.542,1
"CHEMBL4302","CHEMBL4302",0.542,1
"CHEMBL1801","CHEMBL1801",0.543,1
"CHEMBL2700","CHEMBL2700",0.544,1
"CHEMBL3012","CHEMBL3012",0.544,1
"CHEMBL1907607","CHEMBL1907607",0.545,1
"CHEMBL3503","CHEMBL3503",0.545,1
"CHEMBL1907610","CHEMBL1907610",0.546,1
"CHEMBL1980","CHEMBL1980",0.546,1
"CHEMBL5538","CHEMBL5538",0.546,1
"CHEMBL1907588","CHEMBL1907588",0.547,1
"CHEMBL2095198","CHEMBL2095198",0.547,1
"CHEMBL2111363","CHEMBL2111363",0.547,1
"CHEMBL3037","CHEMBL3037",0.547,1
"CHEMBL1075189","CHEMBL1075189",0.548,1
"CHEMBL1943","CHEMBL1943",0.549,1
"CHEMBL5862","CHEMBL5862",0.549,1
"CHEMBL2323","CHEMBL2323",0.551,1
"CHEMBL2372","CHEMBL2372",0.551,1
"CHEMBL2573","CHEMBL2573",0.551,1
"CHEMBL274","CHEMBL274",0.551,1
"CHEMBL1075317","CHEMBL1075317",0.552,1
"CHEMBL1944490","CHEMBL1944490",0.552,1
"CHEMBL5905","CHEMBL5905",0.552,1
"CHEMBL290","CHEMBL290",0.553,1
"CHEMBL3961","CHEMBL3961",0.553,1
"CHEMBL4482","CHEMBL4482",0.553,1
"CHEMBL4800","CHEMBL4800",0.553,1
"CHEMBL2593","CHEMBL2593",0.554,1
"CHEMBL2985","CHEMBL2985",0.554,1
"CHEMBL2096989","CHEMBL2096989",0.556,1
"CHEMBL2731","CHEMBL2731",0.558,1
"CHEMBL4027","CHEMBL4027",0.56,1
"CHEMBL1255164","CHEMBL1255164",0.561,1
"CHEMBL3802","CHEMBL3802",0.561,1
"CHEMBL3920","CHEMBL3920",0.561,1
"CHEMBL3259471","CHEMBL3259471",0.563,1
"CHEMBL3608","CHEMBL3608",0.563,1
"CHEMBL4015","CHEMBL4015",0.564,1
"CHEMBL4843","CHEMBL4843",0.564,1
"CHEMBL5339","CHEMBL5339",0.565,1
"CHEMBL3112376","CHEMBL3112376",0.566,1
"CHEMBL5035","CHEMBL5035",0.566,1
"CHEMBL2163175","CHEMBL2163175",0.567,1
"CHEMBL5071","CHEMBL5071",0.567,1
"CHEMBL2099","CHEMBL2099",0.568,1
"CHEMBL2789","CHEMBL2789",0.568,1
"CHEMBL2093866","CHEMBL2093866",0.569,1
"CHEMBL3629","CHEMBL3629",0.569,1
"CHEMBL4884","CHEMBL4884",0.569,1
"CHEMBL5000","CHEMBL5000",0.57,1
"CHEMBL2096663","CHEMBL2096663",0.571,1
"CHEMBL2003","CHEMBL2003",0.572,1
"CHEMBL3156","CHEMBL3156",0.572,1
"CHEMBL2395","CHEMBL2395",0.573,1
"CHEMBL3412","CHEMBL3412",0.573,1
"CHEMBL1781","CHEMBL1781",0.574,1
"CHEMBL3202","CHEMBL3202",0.574,1
"CHEMBL317","CHEMBL317",0.575,1
"CHEMBL5287","CHEMBL5287",0.575,1
"CHEMBL3259470","CHEMBL3259470",0.576,1
"CHEMBL3751","CHEMBL3751",0.577,1
"CHEMBL3384","CHEMBL3384",0.579,1
"CHEMBL4649","CHEMBL4649",0.579,1
"CHEMBL6052","CHEMBL6052",0.579,1
"CHEMBL1892","CHEMBL1892",0.581,1
"CHEMBL3819","CHEMBL3819",0.581,1
"CHEMBL4772","CHEMBL4772",0.581,1
"CHEMBL2095215","CHEMBL2095215",0.583,1
"CHEMBL3805","CHEMBL3805",0.583,1
"CHEMBL5102","CHEMBL5102",0.585,1
"CHEMBL5024","CHEMBL5024",0.586,1
"CHEMBL2111288","CHEMBL2111288",0.587,1
"CHEMBL311","CHEMBL311",0.588,1
"CHEMBL3223","CHEMBL3223",0.588,1
"CHEMBL3351190","CHEMBL3351190",0.588,1
"CHEMBL3709","CHEMBL3709",0.59,1
"CHEMBL3195","CHEMBL3195",0.591,1
"CHEMBL3882","CHEMBL3882",0.591,1
"CHEMBL2096911","CHEMBL2096911",0.594,1
"CHEMBL2413","CHEMBL2413",0.594,1
"CHEMBL5413","CHEMBL5413",0.594,1
"CHEMBL234","CHEMBL234",0.595,1
"CHEMBL2459","CHEMBL2459",0.595,1
"CHEMBL2470","CHEMBL2470",0.595,1
"CHEMBL270","CHEMBL270",0.595,1
"CHEMBL5366","CHEMBL5366",0.595,1
"CHEMBL4507","CHEMBL4507",0.596,1
"CHEMBL4305","CHEMBL4305",0.597,1
"CHEMBL4441","CHEMBL4441",0.597,1
"CHEMBL4000","CHEMBL4000",0.598,1
"CHEMBL4411","CHEMBL4411",0.599,1
"CHEMBL2096972","CHEMBL2096972",0.6,1
"CHEMBL2305","CHEMBL2305",0.6,1
"CHEMBL4245","CHEMBL4245",0.6,1
"CHEMBL1075140","CHEMBL1075140",0.601,1
"CHEMBL1287623","CHEMBL1287623",0.601,1
"CHEMBL1907599","CHEMBL1907599",0.601,1
"CHEMBL2397","CHEMBL2397",0.602,1
"CHEMBL4797","CHEMBL4797",0.602,1
"CHEMBL4497","CHEMBL4497",0.607,1
"CHEMBL2111385","CHEMBL2111385",0.608,1
"CHEMBL2458","CHEMBL2458",0.608,1
"CHEMBL3429","CHEMBL3429",0.609,1
"CHEMBL2055","CHEMBL2055",0.613,1
"CHEMBL4261","CHEMBL4261",0.613,1
"CHEMBL2322","CHEMBL2322",0.616,1
"CHEMBL2096979","CHEMBL2096979",0.617,1
"CHEMBL2916","CHEMBL2916",0.618,1
"CHEMBL3018","CHEMBL3018",0.618,1
"CHEMBL1255150","CHEMBL1255150",0.619,1
"CHEMBL278","CHEMBL278",0.619,1
"CHEMBL3072","CHEMBL3072",0.62,1
"CHEMBL5652","CHEMBL5652",0.621,1
"CHEMBL5971","CHEMBL5971",0.621,1
"CHEMBL3183","CHEMBL3183",0.622,1
"CHEMBL3766","CHEMBL3766",0.624,1
"CHEMBL2095181","CHEMBL2095181",0.625,1
"CHEMBL3116","CHEMBL3116",0.625,1
"CHEMBL3032","CHEMBL3032",0.627,1
"CHEMBL3329080","CHEMBL3329080",0.627,1
"CHEMBL1978","CHEMBL1978",0.628,1
"CHEMBL4123","CHEMBL4123",0.628,1
"CHEMBL3422","CHEMBL3422",0.63,1
"CHEMBL4136","CHEMBL4136",0.63,1
"CHEMBL1901","CHEMBL1901",0.631,1
"CHEMBL2409","CHEMBL2409",0.631,1
"CHEMBL3924","CHEMBL3924",0.631,1
"CHEMBL3038499","CHEMBL3038499",0.632,1
"CHEMBL3394","CHEMBL3394",0.632,1
"CHEMBL4140","CHEMBL4140",0.632,1
"CHEMBL5610","CHEMBL5610",0.632,1
"CHEMBL2535","CHEMBL2535",0.633,1
"CHEMBL3361","CHEMBL3361",0.633,1
"CHEMBL3409","CHEMBL3409",0.634,1
"CHEMBL4208","CHEMBL4208",0.634,1
"CHEMBL5462","CHEMBL5462",0.634,1
"CHEMBL4438","CHEMBL4438",0.635,1
"CHEMBL2094130","CHEMBL2094130",0.637,1
"CHEMBL2899","CHEMBL2899",0.637,1
"CHEMBL3549","CHEMBL3549",0.637,1
"CHEMBL218","CHEMBL218",0.638,1
"CHEMBL2111473","CHEMBL2111473",0.639,1
"CHEMBL1795139","CHEMBL1795139",0.642,1
"CHEMBL4135","CHEMBL4135",0.642,1
"CHEMBL4018","CHEMBL4018",0.643,1
"CHEMBL4360","CHEMBL4360",0.643,1
"CHEMBL283","CHEMBL283",0.645,1
"CHEMBL1806","CHEMBL1806",0.646,1
"CHEMBL3526","CHEMBL3526",0.646,1
"CHEMBL2456","CHEMBL2456",0.648,1
"CHEMBL3138","CHEMBL3138",0.648,1
"CHEMBL3785","CHEMBL3785",0.648,1
"CHEMBL2111437","CHEMBL2111437",0.649,1
"CHEMBL2858","CHEMBL2858",0.649,1
"CHEMBL3372","CHEMBL3372",0.649,1
"CHEMBL3475","CHEMBL3475",0.649,1
"CHEMBL2321613","CHEMBL2321613",0.652,1
"CHEMBL308","CHEMBL308",0.653,1
"CHEMBL5408","CHEMBL5408",0.653,1
"CHEMBL5847","CHEMBL5847",0.653,1
"CHEMBL1787","CHEMBL1787",0.654,1
"CHEMBL5545","CHEMBL5545",0.655,1
"CHEMBL2069161","CHEMBL2069161",0.656,1
"CHEMBL2417347","CHEMBL2417347",0.656,1
"CHEMBL2095197","CHEMBL2095197",0.657,1
"CHEMBL3382","CHEMBL3382",0.657,1
"CHEMBL335","CHEMBL335",0.659,1
"CHEMBL3775","CHEMBL3775",0.659,1
"CHEMBL1898","CHEMBL1898",0.66,1
"CHEMBL2111360","CHEMBL2111360",0.66,1
"CHEMBL2111328","CHEMBL2111328",0.661,1
"CHEMBL4031","CHEMBL4031",0.662,1
"CHEMBL1907606","CHEMBL1907606",0.663,1
"CHEMBL5203","CHEMBL5203",0.663,1
"CHEMBL2023","CHEMBL2023",0.664,1
"CHEMBL204","CHEMBL204",0.664,1
"CHEMBL3815","CHEMBL3815",0.664,1
"CHEMBL4501","CHEMBL4501",0.664,1
"CHEMBL4956","CHEMBL4956",0.664,1
"CHEMBL2536","CHEMBL2536",0.665,1
"CHEMBL1697668","CHEMBL1697668",0.666,1
"CHEMBL2386","CHEMBL2386",0.666,1
"CHEMBL4096","CHEMBL4096",0.67,1
"CHEMBL4654","CHEMBL4654",0.671,1
"CHEMBL4768","CHEMBL4768",0.671,1
"CHEMBL6009","CHEMBL6009",0.671,1
"CHEMBL1764940","CHEMBL1764940",0.672,1
"CHEMBL2439944","CHEMBL2439944",0.672,1
"CHEMBL2094126","CHEMBL2094126",0.673,1
"CHEMBL5742","CHEMBL5742",0.673,1
"CHEMBL2047","CHEMBL2047",0.674,1
"CHEMBL1075284","CHEMBL1075284",0.675,1
"CHEMBL2798","CHEMBL2798",0.675,1
"CHEMBL2095227","CHEMBL2095227",0.676,1
"CHEMBL2096667","CHEMBL2096667",0.676,1
"CHEMBL4338","CHEMBL4338",0.676,1
"CHEMBL3736","CHEMBL3736",0.678,1
"CHEMBL3881","CHEMBL3881",0.678,1
"CHEMBL1275212","CHEMBL1275212",0.68,1
"CHEMBL1741203","CHEMBL1741203",0.68,1
"CHEMBL2649","CHEMBL2649",0.68,1
"CHEMBL3359","CHEMBL3359",0.681,1
"CHEMBL4280","CHEMBL4280",0.681,1
"CHEMBL2094258","CHEMBL2094258",0.682,1
"CHEMBL2096971","CHEMBL2096971",0.682,1
"CHEMBL3896","CHEMBL3896",0.683,1
"CHEMBL2570","CHEMBL2570",0.684,1
"CHEMBL2428","CHEMBL2428",0.685,1
"CHEMBL3286067","CHEMBL3286067",0.685,1
"CHEMBL3621","CHEMBL3621",0.685,1
"CHEMBL6159","CHEMBL6159",0.686,1
"CHEMBL3759","CHEMBL3759",0.689,1
"CHEMBL5888","CHEMBL5888",0.689,1
"CHEMBL1864","CHEMBL1864",0.69,1
"CHEMBL1908","CHEMBL1908",0.69,1
"CHEMBL241","CHEMBL241",0.691,1
"CHEMBL4244","CHEMBL4244",0.691,1
"CHEMBL2096664","CHEMBL2096664",0.692,1
"CHEMBL2243","CHEMBL2243",0.692,1
"CHEMBL4343","CHEMBL4343",0.692,1
"CHEMBL2898","CHEMBL2898",0.693,1
"CHEMBL2955","CHEMBL2955",0.693,1
"CHEMBL3863","CHEMBL3863",0.693,1
"CHEMBL2095221","CHEMBL2095221",0.695,1
"CHEMBL4383","CHEMBL4383",0.696,1
"CHEMBL2632","CHEMBL2632",0.697,1
"CHEMBL2835","CHEMBL2835",0.697,1
"CHEMBL5393","CHEMBL5393",0.698,1
"CHEMBL2052038","CHEMBL2052038",0.699,1
"CHEMBL2488","CHEMBL2488",0.699,1
"CHEMBL3898","CHEMBL3898",0.699,1
"CHEMBL2095180","CHEMBL2095180",0.7,1
"CHEMBL2331","CHEMBL2331",0.7,1
"CHEMBL2608","CHEMBL2608",0.7,1
"CHEMBL2288","CHEMBL2288",0.701,1
"CHEMBL3092","CHEMBL3092",0.701,1
"CHEMBL612444","CHEMBL612444",0.701,1
"CHEMBL2892","CHEMBL2892",0.704,1
"CHEMBL4647","CHEMBL4647",0.704,1
"CHEMBL2009","CHEMBL2009",0.705,1
"CHEMBL2096","CHEMBL2096",0.705,1
"CHEMBL3468","CHEMBL3468",0.706,1
"CHEMBL4730","CHEMBL4730",0.706,1
"CHEMBL3038489","CHEMBL3038489",0.707,1
"CHEMBL3309042","CHEMBL3309042",0.707,1
"CHEMBL3816","CHEMBL3816",0.707,1
"CHEMBL4897","CHEMBL4897",0.707,1
"CHEMBL5939","CHEMBL5939",0.708,1
"CHEMBL2095185","CHEMBL2095185",0.709,1
"CHEMBL6035","CHEMBL6035",0.709,1
"CHEMBL2602","CHEMBL2602",0.712,1
"CHEMBL4588","CHEMBL4588",0.712,1
"CHEMBL2111391","CHEMBL2111391",0.713,1
"CHEMBL3374","CHEMBL3374",0.713,1
"CHEMBL3798","CHEMBL3798",0.713,1
"CHEMBL6032","CHEMBL6032",0.713,1
"CHEMBL2854","CHEMBL2854",0.714,1
"CHEMBL2136","CHEMBL2136",0.715,1
"CHEMBL2939","CHEMBL2939",0.716,1
"CHEMBL3250","CHEMBL3250",0.716,1
"CHEMBL3545","CHEMBL3545",0.716,1
"CHEMBL3151","CHEMBL3151",0.717,1
"CHEMBL3401","CHEMBL3401",0.718,1
"CHEMBL3769","CHEMBL3769",0.718,1
"CHEMBL2111402","CHEMBL2111402",0.72,1
"CHEMBL2163174","CHEMBL2163174",0.72,1
"CHEMBL2111461","CHEMBL2111461",0.721,1
"CHEMBL4523","CHEMBL4523",0.721,1
"CHEMBL2659","CHEMBL2659",0.722,1
"CHEMBL5570","CHEMBL5570",0.722,1
"CHEMBL5774","CHEMBL5774",0.722,1
"CHEMBL2034805","CHEMBL2034805",0.724,1
"CHEMBL2736","CHEMBL2736",0.724,1
"CHEMBL3473","CHEMBL3473",0.725,1
"CHEMBL5387","CHEMBL5387",0.725,1
"CHEMBL5335","CHEMBL5335",0.726,1
"CHEMBL2094266","CHEMBL2094266",0.727,1
"CHEMBL5043","CHEMBL5043",0.727,1
"CHEMBL2094112","CHEMBL2094112",0.729,1
"CHEMBL235","CHEMBL235",0.73,1
"CHEMBL1830","CHEMBL1830",0.731,1
"CHEMBL2093863","CHEMBL2093863",0.731,1
"CHEMBL2286","CHEMBL2286",0.731,1
"CHEMBL3259478","CHEMBL3259478",0.731,1
"CHEMBL2079849","CHEMBL2079849",0.734,1
"CHEMBL2553","CHEMBL2553",0.734,1
"CHEMBL2111351","CHEMBL2111351",0.736,1
"CHEMBL2528","CHEMBL2528",0.736,1
"CHEMBL3438","CHEMBL3438",0.737,1
"CHEMBL4774","CHEMBL4774",0.739,1
"CHEMBL2722","CHEMBL2722",0.741,1
"CHEMBL3278","CHEMBL3278",0.741,1
"CHEMBL3922","CHEMBL3922",0.741,1
"CHEMBL5514","CHEMBL5514",0.742,1
"CHEMBL2111344","CHEMBL2111344",0.743,1
"CHEMBL2417348","CHEMBL2417348",0.743,1
"CHEMBL2782","CHEMBL2782",0.743,1
"CHEMBL3038506","CHEMBL3038506",0.743,1
"CHEMBL2069","CHEMBL2069",0.744,1
"CHEMBL2501","CHEMBL2501",0.745,1
"CHEMBL3676","CHEMBL3676",0.745,1
"CHEMBL2095226","CHEMBL2095226",0.746,1
"CHEMBL2096684","CHEMBL2096684",0.748,1
"CHEMBL1835","CHEMBL1835",0.749,1
"CHEMBL1287625","CHEMBL1287625",0.75,1
"CHEMBL3849","CHEMBL3849",0.751,1
"CHEMBL2581","CHEMBL2581",0.752,1
"CHEMBL3034","CHEMBL3034",0.752,1
"CHEMBL331","CHEMBL331",0.753,1
"CHEMBL5141","CHEMBL5141",0.753,1
"CHEMBL1906","CHEMBL1906",0.754,1
"CHEMBL2319","CHEMBL2319",0.754,1
"CHEMBL4422","CHEMBL4422",0.754,1
"CHEMBL4461","CHEMBL4461",0.754,1
"CHEMBL2111390","CHEMBL2111390",0.755,1
"CHEMBL5048","CHEMBL5048",0.755,1
"CHEMBL5678","CHEMBL5678",0.755,1
"CHEMBL2443","CHEMBL2443",0.756,1
"CHEMBL3870","CHEMBL3870",0.758,1
"CHEMBL2273","CHEMBL2273",0.759,1
"CHEMBL2391","CHEMBL2391",0.759,1
"CHEMBL5011","CHEMBL5011",0.759,1
"CHEMBL1075138","CHEMBL1075138",0.76,1
"CHEMBL4530","CHEMBL4530",0.76,1
"CHEMBL2095172","CHEMBL2095172",0.761,1
"CHEMBL2568","CHEMBL2568",0.761,1
"CHEMBL2275","CHEMBL2275",0.762,1
"CHEMBL2321630","CHEMBL2321630",0.763,1
"CHEMBL3056","CHEMBL3056",0.763,1
"CHEMBL4361","CHEMBL4361",0.763,1
"CHEMBL4937","CHEMBL4937",0.763,1
"CHEMBL1907602","CHEMBL1907602",0.764,1
"CHEMBL2676","CHEMBL2676",0.764,1
"CHEMBL6029","CHEMBL6029",0.764,1
"CHEMBL2344","CHEMBL2344",0.766,1
"CHEMBL4080","CHEMBL4080",0.766,1
"CHEMBL2334","CHEMBL2334",0.768,1
"CHEMBL3385","CHEMBL3385",0.769,1
"CHEMBL3724","CHEMBL3724",0.77,1
"CHEMBL4550","CHEMBL4550",0.772,1
"CHEMBL5697","CHEMBL5697",0.772,1
"CHEMBL202","CHEMBL202",0.774,1
"CHEMBL280","CHEMBL280",0.774,1
"CHEMBL4616","CHEMBL4616",0.774,1
"CHEMBL2577","CHEMBL2577",0.776,1
"CHEMBL2755","CHEMBL2755",0.776,1
"CHEMBL4829","CHEMBL4829",0.776,1
"CHEMBL2878","CHEMBL2878",0.777,1
"CHEMBL3414409","CHEMBL3414409",0.779,1
"CHEMBL1075133","CHEMBL1075133",0.78,1
"CHEMBL2221345","CHEMBL2221345",0.781,1
"CHEMBL3570","CHEMBL3570",0.781,1
"CHEMBL3000","CHEMBL3000",0.782,1
"CHEMBL2010631","CHEMBL2010631",0.784,1
"CHEMBL2517","CHEMBL2517",0.784,1
"CHEMBL4516","CHEMBL4516",0.784,1
"CHEMBL1293289","CHEMBL1293289",0.785,1
"CHEMBL3572","CHEMBL3572",0.785,1
"CHEMBL269","CHEMBL269",0.786,1
"CHEMBL3154","CHEMBL3154",0.786,1
"CHEMBL2111357","CHEMBL2111357",0.787,1
"CHEMBL3222","CHEMBL3222",0.787,1
"CHEMBL2203","CHEMBL2203",0.788,1
"CHEMBL4900","CHEMBL4900",0.788,1
"CHEMBL2094253","CHEMBL2094253",0.789,1
"CHEMBL312","CHEMBL312",0.79,1
"CHEMBL1795167","CHEMBL1795167",0.791,1
"CHEMBL1800","CHEMBL1800",0.791,1
"CHEMBL4471","CHEMBL4471",0.791,1
"CHEMBL5856","CHEMBL5856",0.791,1
"CHEMBL2014","CHEMBL2014",0.793,1
"CHEMBL2046259","CHEMBL2046259",0.794,1
"CHEMBL268","CHEMBL268",0.794,1
"CHEMBL5879","CHEMBL5879",0.794,1
"CHEMBL2291","CHEMBL2291",0.796,1
"CHEMBL2560","CHEMBL2560",0.796,1
"CHEMBL2821","CHEMBL2821",0.796,1
"CHEMBL5464","CHEMBL5464",0.796,1
"CHEMBL5855","CHEMBL5855",0.796,1
"CHEMBL2111464","CHEMBL2111464",0.797,1
"CHEMBL2431","CHEMBL2431",0.798,1
"CHEMBL3439","CHEMBL3439",0.798,1
"CHEMBL5666","CHEMBL5666",0.799,1
"CHEMBL1743122","CHEMBL1743122",0.801,1
"CHEMBL2810","CHEMBL2810",0.801,1
"CHEMBL4128","CHEMBL4128",0.801,1
"CHEMBL2980","CHEMBL2980",0.802,1
"CHEMBL2094115","CHEMBL2094115",0.803,1
"CHEMBL2111413","CHEMBL2111413",0.803,1
"CHEMBL2693","CHEMBL2693",0.803,1
"CHEMBL2499","CHEMBL2499",0.804,1
"CHEMBL344","CHEMBL344",0.805,1
"CHEMBL2163171","CHEMBL2163171",0.808,1
"CHEMBL2363","CHEMBL2363",0.808,1
"CHEMBL2094255","CHEMBL2094255",0.809,1
"CHEMBL2997","CHEMBL2997",0.81,1
"CHEMBL6020","CHEMBL6020",0.81,1
"CHEMBL3074","CHEMBL3074",0.811,1
"CHEMBL3038484","CHEMBL3038484",0.812,1
"CHEMBL5426","CHEMBL5426",0.812,1
"CHEMBL1163101","CHEMBL1163101",0.813,1
"CHEMBL5198","CHEMBL5198",0.814,1
"CHEMBL2609","CHEMBL2609",0.815,1
"CHEMBL5500","CHEMBL5500",0.815,1
"CHEMBL1908382","CHEMBL1908382",0.816,1
"CHEMBL2094250","CHEMBL2094250",0.816,1
"CHEMBL3094","CHEMBL3094",0.817,1
"CHEMBL3514","CHEMBL3514",0.817,1
"CHEMBL4681","CHEMBL4681",0.818,1
"CHEMBL5790","CHEMBL5790",0.818,1
"CHEMBL2548","CHEMBL2548",0.819,1
"CHEMBL227","CHEMBL227",0.821,1
"CHEMBL2094108","CHEMBL2094108",0.822,1
"CHEMBL3529","CHEMBL3529",0.822,1
"CHEMBL4761","CHEMBL4761",0.823,1
"CHEMBL2871","CHEMBL2871",0.826,1
"CHEMBL5399","CHEMBL5399",0.826,1
"CHEMBL2977","CHEMBL2977",0.827,1
"CHEMBL4228","CHEMBL4228",0.827,1
"CHEMBL5101","CHEMBL5101",0.827,1
"CHEMBL1075134","CHEMBL1075134",0.828,1
"CHEMBL4801","CHEMBL4801",0.828,1
"CHEMBL5626","CHEMBL5626",0.829,1
"CHEMBL285","CHEMBL285",0.83,1
"CHEMBL5107","CHEMBL5107",0.83,1
"CHEMBL4281","CHEMBL4281",0.831,1
"CHEMBL6013","CHEMBL6013",0.832,1
"CHEMBL5705","CHEMBL5705",0.834,1
"CHEMBL1871","CHEMBL1871",0.835,1
"CHEMBL2716","CHEMBL2716",0.835,1
"CHEMBL259","CHEMBL259",0.836,1
"CHEMBL3171","CHEMBL3171",0.836,1
"CHEMBL4290","CHEMBL4290",0.836,1
"CHEMBL4429","CHEMBL4429",0.836,1
"CHEMBL5466","CHEMBL5466",0.836,1
"CHEMBL1075289","CHEMBL1075289",0.837,1
"CHEMBL2095178","CHEMBL2095178",0.837,1
"CHEMBL4877","CHEMBL4877",0.837,1
"CHEMBL4198","CHEMBL4198",0.839,1
"CHEMBL3886","CHEMBL3886",0.84,1
"CHEMBL1075294","CHEMBL1075294",0.841,1
"CHEMBL1743126","CHEMBL1743126",0.842,1
"CHEMBL1944495","CHEMBL1944495",0.842,1
"CHEMBL3746","CHEMBL3746",0.842,1
"CHEMBL4554","CHEMBL4554",0.842,1
"CHEMBL3309","CHEMBL3309",0.843,1
"CHEMBL2426","CHEMBL2426",0.844,1
"CHEMBL1075195","CHEMBL1075195",0.845,1
"CHEMBL2321614","CHEMBL2321614",0.845,1
"CHEMBL2189160","CHEMBL2189160",0.846,1
"CHEMBL2963","CHEMBL2963",0.846,1
"CHEMBL4607","CHEMBL4607",0.846,1
"CHEMBL4660","CHEMBL4660",0.847,1
"CHEMBL2246","CHEMBL2246",0.848,1
"CHEMBL3255","CHEMBL3255",0.848,1
"CHEMBL1795138","CHEMBL1795138",0.849,1
"CHEMBL4145","CHEMBL4145",0.849,1
"CHEMBL1075307","CHEMBL1075307",0.85,1
"CHEMBL1795195","CHEMBL1795195",0.85,1
"CHEMBL2978","CHEMBL2978",0.85,1
"CHEMBL4026","CHEMBL4026",0.851,1
"CHEMBL6149","CHEMBL6149",0.853,1
"CHEMBL1287622","CHEMBL1287622",0.854,1
"CHEMBL4573","CHEMBL4573",0.854,1
"CHEMBL1937","CHEMBL1937",0.855,1
"CHEMBL2599","CHEMBL2599",0.855,1
"CHEMBL2094135","CHEMBL2094135",0.856,1
"CHEMBL2734","CHEMBL2734",0.856,1
"CHEMBL5427","CHEMBL5427",0.856,1
"CHEMBL1795186","CHEMBL1795186",0.857,1
"CHEMBL1784","CHEMBL1784",0.858,1
"CHEMBL3474","CHEMBL3474",0.858,1
"CHEMBL2111425","CHEMBL2111425",0.859,1
"CHEMBL3425","CHEMBL3425",0.859,1
"CHEMBL2225","CHEMBL2225",0.86,1
"CHEMBL2424","CHEMBL2424",0.861,1
"CHEMBL5936","CHEMBL5936",0.861,1
"CHEMBL5990","CHEMBL5990",0.861,1
"CHEMBL3522","CHEMBL3522",0.862,1
"CHEMBL2096981","CHEMBL2096981",0.863,1
"CHEMBL4977","CHEMBL4977",0.863,1
"CHEMBL5010","CHEMBL5010",0.863,1
"CHEMBL1798","CHEMBL1798",0.865,1
"CHEMBL2617","CHEMBL2617",0.865,1
"CHEMBL4792","CHEMBL4792",0.865,1
"CHEMBL3687","CHEMBL3687",0.866,1
"CHEMBL329","CHEMBL329",0.867,1
"CHEMBL4203","CHEMBL4203",0.867,1
"CHEMBL5373","CHEMBL5373",0.867,1
"CHEMBL2094128","CHEMBL2094128",0.868,1
"CHEMBL2487","CHEMBL2487",0.868,1
"CHEMBL244","CHEMBL244",0.869,1
"CHEMBL3795","CHEMBL3795",0.869,1
"CHEMBL2935","CHEMBL2935",0.871,1
"CHEMBL4596","CHEMBL4596",0.873,1
"CHEMBL3305","CHEMBL3305",0.874,1
"CHEMBL4342","CHEMBL4342",0.874,1
"CHEMBL3508","CHEMBL3508",0.875,1
"CHEMBL4073","CHEMBL4073",0.875,1
"CHEMBL4005","CHEMBL4005",0.876,1
"CHEMBL5728","CHEMBL5728",0.876,1
"CHEMBL2094254","CHEMBL2094254",0.878,1
"CHEMBL2514","CHEMBL2514",0.878,1
"CHEMBL2052039","CHEMBL2052039",0.879,1
"CHEMBL1075108","CHEMBL1075108",0.88,1
"CHEMBL2304401","CHEMBL2304401",0.88,1
"CHEMBL3553","CHEMBL3553",0.88,1
"CHEMBL1945","CHEMBL1945",0.881,1
"CHEMBL1994","CHEMBL1994",0.881,1
"CHEMBL3130","CHEMBL3130",0.882,1
"CHEMBL2034","CHEMBL2034",0.883,1
"CHEMBL5381","CHEMBL5381",0.883,1
"CHEMBL5747","CHEMBL5747",0.884,1
"CHEMBL3194","CHEMBL3194",0.885,1
"CHEMBL1785","CHEMBL1785",0.886,1
"CHEMBL2095165","CHEMBL2095165",0.886,1
"CHEMBL5401","CHEMBL5401",0.886,1
"CHEMBL3145","CHEMBL3145",0.887,1
"CHEMBL3524","CHEMBL3524",0.887,1
"CHEMBL2635","CHEMBL2635",0.889,1
"CHEMBL4267","CHEMBL4267",0.889,1
"CHEMBL4409","CHEMBL4409",0.89,1
"CHEMBL4601","CHEMBL4601",0.891,1
"CHEMBL2095942","CHEMBL2095942",0.892,1
"CHEMBL252","CHEMBL252",0.892,1
"CHEMBL3038510","CHEMBL3038510",0.892,1
"CHEMBL2096661","CHEMBL2096661",0.894,1
"CHEMBL263","CHEMBL263",0.894,1
"CHEMBL4430","CHEMBL4430",0.895,1
"CHEMBL4226","CHEMBL4226",0.897,1
"CHEMBL2096978","CHEMBL2096978",0.898,1
"CHEMBL4633","CHEMBL4633",0.898,1
"CHEMBL5310","CHEMBL5310",0.898,1
"CHEMBL5316","CHEMBL5316",0.899,1
"CHEMBL5568","CHEMBL5568",0.899,1
"CHEMBL6123","CHEMBL6123",0.899,1
"CHEMBL5023","CHEMBL5023",0.9,1
"CHEMBL2111414","CHEMBL2111414",0.901,1
"CHEMBL2695","CHEMBL2695",0.901,1
"CHEMBL4296","CHEMBL4296",0.901,1
"CHEMBL2498","CHEMBL2498",0.904,1
"CHEMBL2959","CHEMBL2959",0.904,1
"CHEMBL4611","CHEMBL4611",0.904,1
"CHEMBL6115","CHEMBL6115",0.904,1
"CHEMBL1795171","CHEMBL1795171",0.905,1
"CHEMBL260","CHEMBL260",0.905,1
"CHEMBL5103","CHEMBL5103",0.905,1
"CHEMBL5579","CHEMBL5579",0.906,1
"CHEMBL3247","CHEMBL3247",0.907,1
"CHEMBL3542","CHEMBL3542",0.907,1
"CHEMBL2111453","CHEMBL2111453",0.908,1
"CHEMBL2129","CHEMBL2129",0.908,1
"CHEMBL4883","CHEMBL4883",0.908,1
"CHEMBL2373","CHEMBL2373",0.91,1
"CHEMBL3996","CHEMBL3996",0.91,1
"CHEMBL5402","CHEMBL5402",0.91,1
"CHEMBL1902","CHEMBL1902",0.911,1
"CHEMBL3902","CHEMBL3902",0.911,1
"CHEMBL4098","CHEMBL4098",0.911,1
"CHEMBL2121","CHEMBL2121",0.912,1
"CHEMBL3807","CHEMBL3807",0.912,1
"CHEMBL2552","CHEMBL2552",0.913,1
"CHEMBL3132741","CHEMBL3132741",0.914,1
"CHEMBL3836","CHEMBL3836",0.914,1
"CHEMBL6186","CHEMBL6186",0.914,1
"CHEMBL286","CHEMBL286",0.915,1
"CHEMBL325","CHEMBL325",0.915,1
"CHEMBL4336","CHEMBL4336",0.915,1
"CHEMBL5499","CHEMBL5499",0.915,1
"CHEMBL5558","CHEMBL5558",0.915,1
"CHEMBL2749","CHEMBL2749",0.916,1
"CHEMBL2073676","CHEMBL2073676",0.917,1
"CHEMBL2094114","CHEMBL2094114",0.917,1
"CHEMBL2094268","CHEMBL2094268",0.917,1
"CHEMBL3719","CHEMBL3719",0.917,1
"CHEMBL3829","CHEMBL3829",0.917,1
"CHEMBL5804","CHEMBL5804",0.917,1
"CHEMBL2706","CHEMBL2706",0.918,1
"CHEMBL3267","CHEMBL3267",0.918,1
"CHEMBL3975","CHEMBL3975",0.918,1
"CHEMBL4040","CHEMBL4040",0.918,1
"CHEMBL6005","CHEMBL6005",0.918,1
"CHEMBL2327","CHEMBL2327",0.919,1
"CHEMBL3308","CHEMBL3308",0.919,1
"CHEMBL3419","CHEMBL3419",0.919,1
"CHEMBL5145","CHEMBL5145",0.919,1
"CHEMBL3027","CHEMBL3027",0.92,1
"CHEMBL4162","CHEMBL4162",0.92,1
"CHEMBL4674","CHEMBL4674",0.92,1
"CHEMBL4983","CHEMBL4983",0.92,1
"CHEMBL4147","CHEMBL4147",0.921,1
"CHEMBL1946","CHEMBL1946",0.922,1
"CHEMBL3667","CHEMBL3667",0.922,1
"CHEMBL3706","CHEMBL3706",0.922,1
"CHEMBL2414","CHEMBL2414",0.923,1
"CHEMBL5600","CHEMBL5600",0.923,1
"CHEMBL2999","CHEMBL2999",0.924,1
"CHEMBL3378","CHEMBL3378",0.924,1
"CHEMBL2111389","CHEMBL2111389",0.925,1
"CHEMBL2219","CHEMBL2219",0.926,1
"CHEMBL4631","CHEMBL4631",0.926,1
"CHEMBL5320","CHEMBL5320",0.926,1
"CHEMBL2954","CHEMBL2954",0.927,1
"CHEMBL3108660","CHEMBL3108660",0.927,1
"CHEMBL4901","CHEMBL4901",0.927,1
"CHEMBL1915","CHEMBL1915",0.928,1
"CHEMBL4716","CHEMBL4716",0.928,1
"CHEMBL4958","CHEMBL4958",0.928,1
"CHEMBL4963","CHEMBL4963",0.928,1
"CHEMBL5106","CHEMBL5106",0.928,1
"CHEMBL5683","CHEMBL5683",0.928,1
"CHEMBL2382","CHEMBL2382",0.929,1
"CHEMBL2803","CHEMBL2803",0.929,1
"CHEMBL3272","CHEMBL3272",0.93,1
"CHEMBL5467","CHEMBL5467",0.93,1
"CHEMBL2145","CHEMBL2145",0.932,1
"CHEMBL3227","CHEMBL3227",0.932,1
"CHEMBL5983","CHEMBL5983",0.932,1
"CHEMBL1163125","CHEMBL1163125",0.933,1
"CHEMBL3157","CHEMBL3157",0.933,1
"CHEMBL2390812","CHEMBL2390812",0.935,1
"CHEMBL3055","CHEMBL3055",0.935,1
"CHEMBL257","CHEMBL257",0.936,1
"CHEMBL5332","CHEMBL5332",0.936,1
"CHEMBL298","CHEMBL298",0.937,1
"CHEMBL4125","CHEMBL4125",0.937,1
"CHEMBL4574","CHEMBL4574",0.937,1
"CHEMBL2111432","CHEMBL2111432",0.938,1
"CHEMBL333","CHEMBL333",0.938,1
"CHEMBL5753","CHEMBL5753",0.938,1
"CHEMBL2095189","CHEMBL2095189",0.939,1
"CHEMBL2292","CHEMBL2292",0.939,1
"CHEMBL1255165","CHEMBL1255165",0.94,1
"CHEMBL4106","CHEMBL4106",0.94,1
"CHEMBL2095184","CHEMBL2095184",0.941,1
"CHEMBL3123","CHEMBL3123",0.941,1
"CHEMBL3831","CHEMBL3831",0.941,1
"CHEMBL4489","CHEMBL4489",0.941,1
"CHEMBL5435","CHEMBL5435",0.941,1
"CHEMBL2116","CHEMBL2116",0.942,1
"CHEMBL3137268","CHEMBL3137268",0.942,1
"CHEMBL4376","CHEMBL4376",0.942,1
"CHEMBL5938","CHEMBL5938",0.944,1
"CHEMBL5122","CHEMBL5122",0.945,1
"CHEMBL5917","CHEMBL5917",0.945,1
"CHEMBL2745","CHEMBL2745",0.946,1
"CHEMBL2474","CHEMBL2474",0.947,1
"CHEMBL5099","CHEMBL5099",0.947,1
"CHEMBL2594","CHEMBL2594",0.948,1
"CHEMBL5608","CHEMBL5608",0.948,1
"CHEMBL2558","CHEMBL2558",0.949,1
"CHEMBL4478","CHEMBL4478",0.949,1
"CHEMBL5113","CHEMBL5113",0.949,1
"CHEMBL5480","CHEMBL5480",0.949,1
"CHEMBL1829","CHEMBL1829",0.95,1
"CHEMBL4599","CHEMBL4599",0.95,1
"CHEMBL3192","CHEMBL3192",0.953,1
"CHEMBL6002","CHEMBL6002",0.953,1
"CHEMBL2095164","CHEMBL2095164",0.954,1
"CHEMBL2111367","CHEMBL2111367",0.954,1
"CHEMBL3014","CHEMBL3014",0.954,1
"CHEMBL1878","CHEMBL1878",0.955,1
"CHEMBL2634","CHEMBL2634",0.955,1
"CHEMBL4224","CHEMBL4224",0.955,1
"CHEMBL6030","CHEMBL6030",0.955,1
"CHEMBL1075104","CHEMBL1075104",0.956,1
"CHEMBL1908389","CHEMBL1908389",0.956,1
"CHEMBL2563","CHEMBL2563",0.956,1
"CHEMBL2889","CHEMBL2889",0.956,1
"CHEMBL3991","CHEMBL3991",0.956,1
"CHEMBL5659","CHEMBL5659",0.956,1
"CHEMBL3268","CHEMBL3268",0.957,1
"CHEMBL4524","CHEMBL4524",0.957,1
"CHEMBL5547","CHEMBL5547",0.957,1
"CHEMBL5951","CHEMBL5951",0.957,1
"CHEMBL2778","CHEMBL2778",0.958,1
"CHEMBL2094127","CHEMBL2094127",0.959,1
"CHEMBL5903","CHEMBL5903",0.959,1
"CHEMBL4439","CHEMBL4439",0.96,1
"CHEMBL4564","CHEMBL4564",0.96,1
"CHEMBL5784","CHEMBL5784",0.96,1
"CHEMBL6162","CHEMBL6162",0.96,1
"CHEMBL1862","CHEMBL1862",0.961,1
"CHEMBL2095199","CHEMBL2095199",0.961,1
"CHEMBL2493","CHEMBL2493",0.961,1
"CHEMBL402","CHEMBL402",0.961,1
"CHEMBL2094267","CHEMBL2094267",0.962,1
"CHEMBL2109","CHEMBL2109",0.962,1
"CHEMBL4921","CHEMBL4921",0.962,1
"CHEMBL2096912","CHEMBL2096912",0.963,1
"CHEMBL3144","CHEMBL3144",0.963,1
"CHEMBL3834","CHEMBL3834",0.963,1
"CHEMBL4644","CHEMBL4644",0.963,1
"CHEMBL5258","CHEMBL5258",0.963,1
"CHEMBL5852","CHEMBL5852",0.963,1
"CHEMBL5952","CHEMBL5952",0.963,1
"CHEMBL1075165","CHEMBL1075165",0.964,1
"CHEMBL1163126","CHEMBL1163126",0.964,1
"CHEMBL3983","CHEMBL3983",0.964,1
"CHEMBL5698","CHEMBL5698",0.964,1
"CHEMBL2049","CHEMBL2049",0.965,1
"CHEMBL2096665","CHEMBL2096665",0.965,1
"CHEMBL2708","CHEMBL2708",0.965,1
"CHEMBL340","CHEMBL340",0.965,1
"CHEMBL4375","CHEMBL4375",0.965,1
"CHEMBL4652","CHEMBL4652",0.965,1
"CHEMBL4899","CHEMBL4899",0.965,1
"CHEMBL1968","CHEMBL1968",0.966,1
"CHEMBL2595","CHEMBL2595",0.966,1
"CHEMBL3690","CHEMBL3690",0.966,1
"CHEMBL3972","CHEMBL3972",0.966,1
"CHEMBL4045","CHEMBL4045",0.966,1
"CHEMBL2095943","CHEMBL2095943",0.967,1
"CHEMBL4627","CHEMBL4627",0.967,1
"CHEMBL4924","CHEMBL4924",0.967,1
"CHEMBL6140","CHEMBL6140",0.967,1
"CHEMBL1795091","CHEMBL1795091",0.968,1
"CHEMBL301","CHEMBL301",0.968,1
"CHEMBL4462","CHEMBL4462",0.968,1
"CHEMBL5311","CHEMBL5311",0.968,1
"CHEMBL2096987","CHEMBL2096987",0.969,1
"CHEMBL4718","CHEMBL4718",0.969,1
"CHEMBL5284","CHEMBL5284",0.969,1
"CHEMBL5785","CHEMBL5785",0.969,1
"CHEMBL2780","CHEMBL2780",0.97,1
"CHEMBL2820","CHEMBL2820",0.97,1
"CHEMBL2842","CHEMBL2842",0.97,1
"CHEMBL3425388","CHEMBL3425388",0.97,1
"CHEMBL3784","CHEMBL3784",0.97,1
"CHEMBL4444","CHEMBL4444",0.97,1
"CHEMBL3938","CHEMBL3938",0.971,1
"CHEMBL5604","CHEMBL5604",0.971,1
"CHEMBL6000","CHEMBL6000",0.971,1
"CHEMBL4225","CHEMBL4225",0.972,1
"CHEMBL208","CHEMBL208",0.973,1
"CHEMBL5073","CHEMBL5073",0.973,1
"CHEMBL5701","CHEMBL5701",0.973,1
"CHEMBL5916","CHEMBL5916",0.973,1
"CHEMBL2171","CHEMBL2171",0.974,1
"CHEMBL279","CHEMBL279",0.974,1
"CHEMBL3310","CHEMBL3310",0.974,1
"CHEMBL4367","CHEMBL4367",0.974,1
"CHEMBL5969","CHEMBL5969",0.974,1
"CHEMBL1075163","CHEMBL1075163",0.975,1
"CHEMBL1795126","CHEMBL1795126",0.975,1
"CHEMBL2897","CHEMBL2897",0.975,1
"CHEMBL3935","CHEMBL3935",0.975,1
"CHEMBL4311","CHEMBL4311",0.975,1
"CHEMBL5319","CHEMBL5319",0.975,1
"CHEMBL2052031","CHEMBL2052031",0.976,1
"CHEMBL3945","CHEMBL3945",0.976,1
"CHEMBL2364701","CHEMBL2364701",0.977,1
"CHEMBL2730","CHEMBL2730",0.977,1
"CHEMBL2971","CHEMBL2971",0.978,1
"CHEMBL3880","CHEMBL3880",0.978,1
"CHEMBL4576","CHEMBL4576",0.978,1
"CHEMBL4895","CHEMBL4895",0.978,1
"CHEMBL3166","CHEMBL3166",0.979,1
"CHEMBL3663","CHEMBL3663",0.979,1
"CHEMBL3717","CHEMBL3717",0.979,1
"CHEMBL3933","CHEMBL3933",0.979,1
"CHEMBL4578","CHEMBL4578",0.979,1
"CHEMBL4617","CHEMBL4617",0.98,1
"CHEMBL5260","CHEMBL5260",0.98,1
"CHEMBL1865","CHEMBL1865",0.981,1
"CHEMBL3024","CHEMBL3024",0.981,1
"CHEMBL1075051","CHEMBL1075051",0.982,1
"CHEMBL1918","CHEMBL1918",0.982,1
"CHEMBL1957","CHEMBL1957",0.982,1
"CHEMBL3142","CHEMBL3142",0.982,1
"CHEMBL3587","CHEMBL3587",0.982,1
"CHEMBL4050","CHEMBL4050",0.982,1
"CHEMBL4630","CHEMBL4630",0.982,1
"CHEMBL5256","CHEMBL5256",0.982,1
"CHEMBL5543","CHEMBL5543",0.982,1
"CHEMBL1907601","CHEMBL1907601",0.983,1
"CHEMBL4597","CHEMBL4597",0.983,1
"CHEMBL5469","CHEMBL5469",0.983,1
"CHEMBL2068","CHEMBL2068",0.984,1
"CHEMBL3009","CHEMBL3009",0.984,1
"CHEMBL4355","CHEMBL4355",0.984,1
"CHEMBL4427","CHEMBL4427",0.984,1
"CHEMBL5331","CHEMBL5331",0.984,1
"CHEMBL5364","CHEMBL5364",0.984,1
"CHEMBL1844","CHEMBL1844",0.985,1
"CHEMBL2111436","CHEMBL2111436",0.985,1
"CHEMBL2150838","CHEMBL2150838",0.985,1
"CHEMBL2940","CHEMBL2940",0.985,1
"CHEMBL4204","CHEMBL4204",0.985,1
"CHEMBL4312","CHEMBL4312",0.985,1
"CHEMBL1974","CHEMBL1974",0.986,1
"CHEMBL2095217","CHEMBL2095217",0.986,1
"CHEMBL2148","CHEMBL2148",0.986,1
"CHEMBL5358","CHEMBL5358",0.986,1
"CHEMBL5620","CHEMBL5620",0.986,1
"CHEMBL1163124","CHEMBL1163124",0.987,1
"CHEMBL3119","CHEMBL3119",0.987,1
"CHEMBL321","CHEMBL321",0.987,1
"CHEMBL332","CHEMBL332",0.987,1
"CHEMBL4179","CHEMBL4179",0.987,1
"CHEMBL1795165","CHEMBL1795165",0.988,1
"CHEMBL2111431","CHEMBL2111431",0.988,1
"CHEMBL3311","CHEMBL3311",0.988,1
"CHEMBL3835","CHEMBL3835",0.988,1
"CHEMBL3973","CHEMBL3973",0.988,1
"CHEMBL3974","CHEMBL3974",0.988,1
"CHEMBL4142","CHEMBL4142",0.988,1
"CHEMBL4270","CHEMBL4270",0.988,1
"CHEMBL4454","CHEMBL4454",0.988,1
"CHEMBL4898","CHEMBL4898",0.988,1
"CHEMBL2534","CHEMBL2534",0.989,1
"CHEMBL4577","CHEMBL4577",0.989,1
"CHEMBL4600","CHEMBL4600",0.989,1
"CHEMBL5038","CHEMBL5038",0.989,1
"CHEMBL5261","CHEMBL5261",0.989,1
"CHEMBL1981","CHEMBL1981",0.99,1
"CHEMBL2276","CHEMBL2276",0.99,1
"CHEMBL3243","CHEMBL3243",0.99,1
"CHEMBL4004","CHEMBL4004",0.99,1
"CHEMBL4246","CHEMBL4246",0.99,1
"CHEMBL4445","CHEMBL4445",0.99,1
"CHEMBL4954","CHEMBL4954",0.99,1
"CHEMBL5941","CHEMBL5941",0.99,1
"CHEMBL5975","CHEMBL5975",0.99,1
"CHEMBL6006","CHEMBL6006",0.99,1
"CHEMBL3516","CHEMBL3516",0.991,1
"CHEMBL3891","CHEMBL3891",0.991,1
"CHEMBL3988","CHEMBL3988",0.991,1
"CHEMBL4602","CHEMBL4602",0.991,1
"CHEMBL5081","CHEMBL5081",0.991,1
"CHEMBL5415","CHEMBL5415",0.991,1
"CHEMBL5776","CHEMBL5776",0.991,1
"CHEMBL5861","CHEMBL5861",0.991,1
"CHEMBL2873","CHEMBL2873",0.992,1
"CHEMBL3125","CHEMBL3125",0.992,1
"CHEMBL4598","CHEMBL4598",0.992,1
"CHEMBL4722","CHEMBL4722",0.992,1
"CHEMBL5014","CHEMBL5014",0.992,1
"CHEMBL5491","CHEMBL5491",0.992,1
"CHEMBL5552","CHEMBL5552",0.992,1
"CHEMBL5907","CHEMBL5907",0.992,1
"CHEMBL2250","CHEMBL2250",0.993,1
"CHEMBL3357","CHEMBL3357",0.993,1
"CHEMBL3987","CHEMBL3987",0.993,1
"CHEMBL4708","CHEMBL4708",0.993,1
"CHEMBL5047","CHEMBL5047",0.993,1
"CHEMBL6166","CHEMBL6166",0.993,1
"CHEMBL1841","CHEMBL1841",0.994,1
"CHEMBL2073","CHEMBL2073",0.994,1
"CHEMBL4134","CHEMBL4134",0.994,1
"CHEMBL5667","CHEMBL5667",0.994,1
"CHEMBL6167","CHEMBL6167",0.994,1
"CHEMBL2349","CHEMBL2349",0.995,1
"CHEMBL2689","CHEMBL2689",0.995,1
"CHEMBL2777","CHEMBL2777",0.995,1
"CHEMBL4001","CHEMBL4001",0.995,1
"CHEMBL4247","CHEMBL4247",0.995,1
"CHEMBL4526","CHEMBL4526",0.995,1
"CHEMBL5147","CHEMBL5147",0.995,1
"CHEMBL5314","CHEMBL5314",0.995,1
"CHEMBL5432","CHEMBL5432",0.995,1
"CHEMBL5455","CHEMBL5455",0.995,1
"CHEMBL5554","CHEMBL5554",0.995,1
"CHEMBL1075132","CHEMBL1075132",0.996,1
"CHEMBL1075323","CHEMBL1075323",0.996,1
"CHEMBL2015","CHEMBL2015",0.996,1
"CHEMBL2041","CHEMBL2041",0.996,1
"CHEMBL2468","CHEMBL2468",0.996,1
"CHEMBL2872","CHEMBL2872",0.996,1
"CHEMBL3982","CHEMBL3982",0.996,1
"CHEMBL4014","CHEMBL4014",0.996,1
"CHEMBL4303","CHEMBL4303",0.996,1
"CHEMBL5476","CHEMBL5476",0.996,1
"CHEMBL1075167","CHEMBL1075167",0.997,1
"CHEMBL1908386","CHEMBL1908386",0.997,1
"CHEMBL258","CHEMBL258",0.997,1
"CHEMBL3290","CHEMBL3290",0.997,1
"CHEMBL3788","CHEMBL3788",0.997,1
"CHEMBL3864","CHEMBL3864",0.997,1
"CHEMBL5251","CHEMBL5251",0.997,1
"CHEMBL5274","CHEMBL5274",0.997,1
"CHEMBL5334","CHEMBL5334",0.997,1
"CHEMBL5838","CHEMBL5838",0.997,1
"CHEMBL5940","CHEMBL5940",0.997,1
"CHEMBL5970","CHEMBL5970",0.997,1
"CHEMBL1163129","CHEMBL1163129",0.998,1
"CHEMBL1824","CHEMBL1824",0.998,1
"CHEMBL1955","CHEMBL1955",0.998,1
"CHEMBL2007","CHEMBL2007",0.998,1
"CHEMBL2742","CHEMBL2742",0.998,1
"CHEMBL2815","CHEMBL2815",0.998,1
"CHEMBL3368","CHEMBL3368",0.998,1
"CHEMBL3720","CHEMBL3720",0.998,1
"CHEMBL4223","CHEMBL4223",0.998,1
"CHEMBL4853","CHEMBL4853",0.998,1
"CHEMBL5703","CHEMBL5703",0.998,1
"CHEMBL5807","CHEMBL5807",0.998,1
"CHEMBL5914","CHEMBL5914",0.998,1
"CHEMBL6082","CHEMBL6082",0.998,1
"CHEMBL6083","CHEMBL6083",0.998,1
"CHEMBL1770034","CHEMBL1770034",0.999,1
"CHEMBL1936","CHEMBL1936",0.999,1
"CHEMBL2111289","CHEMBL2111289",0.999,1
"CHEMBL2185","CHEMBL2185",0.999,1
"CHEMBL267","CHEMBL267",0.999,1
"CHEMBL3830","CHEMBL3830",0.999,1
"CHEMBL3905","CHEMBL3905",0.999,1
"CHEMBL4092","CHEMBL4092",0.999,1
"CHEMBL4202","CHEMBL4202",0.999,1
"CHEMBL4487","CHEMBL4487",0.999,1
"CHEMBL4525","CHEMBL4525",0.999,1
"CHEMBL4852","CHEMBL4852",0.999,1
"CHEMBL5082","CHEMBL5082",0.999,1
"CHEMBL5483","CHEMBL5483",0.999,1
"CHEMBL5518","CHEMBL5518",0.999,1
"CHEMBL5684","CHEMBL5684",0.999,1
"CHEMBL5836","CHEMBL5836",0.999,1
"CHEMBL1868","CHEMBL1868",1,1
"CHEMBL1913","CHEMBL1913",1,1
"CHEMBL203","CHEMBL203",1,1
"CHEMBL2111387","CHEMBL2111387",1,1
"CHEMBL2363049","CHEMBL2363049",1,1
"CHEMBL2637","CHEMBL2637",1,1
"CHEMBL2964","CHEMBL2964",1,1
"CHEMBL3234","CHEMBL3234",1,1
"CHEMBL3337","CHEMBL3337",1,1
"CHEMBL3650","CHEMBL3650",1,1
"CHEMBL3906","CHEMBL3906",1,1
"CHEMBL3980","CHEMBL3980",1,1
"CHEMBL3981","CHEMBL3981",1,1
"CHEMBL4522","CHEMBL4522",1,1
"CHEMBL4527","CHEMBL4527",1,1
"CHEMBL4948","CHEMBL4948",1,1
"CHEMBL5072","CHEMBL5072",1,1
"CHEMBL5330","CHEMBL5330",1,1
"CHEMBL5627","CHEMBL5627",1,1
"CHEMBL5651","CHEMBL5651",1,1
"CHEMBL5699","CHEMBL5699",1,1
"CHEMBL5749","CHEMBL5749",1,1
"CHEMBL5810","CHEMBL5810",1,1
"CHEMBL6191","CHEMBL6191",1,1
