"","id","cmap_score","p","padj","sig_id","cell_id","pert_desc","pert_id","pert_type","pert_dose","pert_time","pert_time_unit","brew_prefix","is_gold","pert_mfc_id","pert_iname","pool_id","zmad_ref"
"177","329278",-0.917270868191114,0,0,"LJP002_MDAMB231_24H:BRD-K49865102-001-04-3:10","MDAMB231","PD0325901","BRD-K49865102","trt_cp",10,"24","h","LJP002_MDAMB231_24H","1","NULL","PD-0325901","epsilon","population"
"89","20322",-0.912065439672802,0,0,"CPC006_DV90_6H:BRD-A36630025-001-02-6:0.35","DV90","-666","BRD-A36630025","trt_cp",0.35,"6","h","CPC006_DV90_6H","1","NULL","SN-38","epsilon","population"
"63","169134",-0.904815021379439,0,0,"HDAC002_HA1E_24H:BRD-K77908580-001-04-7:10","HA1E","MS275","BRD-K77908580","trt_cp",10,"24","h","HDAC002_HA1E_24H","1","NULL","entinostat","epsilon","population"
"161","325851",-0.848484848484849,0,0,"LJP001_MCF10A_24H:BRD-K85606544-001-04-2:0.4","MCF10A","HKI-272:Neratinib","BRD-K85606544","trt_cp",0.4,"24","h","LJP001_MCF10A_24H","1","NULL","neratinib","epsilon","population"
"173","328971",-0.839282394497118,0,0,"LJP002_MDAMB231_24H:BRD-K87737963-001-02-9:0.4","MDAMB231","CYT387","BRD-K87737963","trt_cp",0.4,"24","h","LJP002_MDAMB231_24H","1","NULL","CYT387","epsilon","population"
"29","115445",-0.831660159881019,0,0,"CPD002_PC3_24H:BRD-K82795137-001-18-9:10","PC3","Loratadine","BRD-K82795137","trt_cp",10,"24","h","CPD002_PC3_24H","1","NULL","loratadine","epsilon","population"
"124","28202",-0.821899981409184,0,0,"CPC006_NCIH2073_6H:BRD-K73789395-001-06-5:102.71","NCIH2073","ZM 336372","BRD-K73789395","trt_cp",102.71,"6","h","CPC006_NCIH2073_6H","1","NULL","ZM-336372","epsilon","population"
"32","11866",-0.81911135898866,0,0,"CPC004_PC3_6H:BRD-A48237631-001-03-0:10","PC3","MITOMYCIN C","BRD-A48237631","trt_cp",10,"6","h","CPC004_PC3_6H","1","NULL","mitomycin-c","epsilon","population"
"69","17535",-0.817066369213608,0,0,"CPC006_A375_24H:BRD-K88560311-011-02-2:10","A375","AG-014699 (PF-01367338)","BRD-K88560311","trt_cp",10,"24","h","CPC006_A375_24H","1","NULL","rucaparib","epsilon","population"
"85","19948",-0.808235731548615,0,0,"CPC006_CORL23_6H:BRD-A19037878:10","CORL23","trichostatin-a","BRD-A19037878","trt_cp",10,"6","h","CPC006_CORL23_6H","1","NULL","trichostatin-a","epsilon","population"
"10","103698",-0.806748466257669,0,0,"CPD001_PC3_24H:BRD-A07932845-103-02-3:10","PC3","Methiothepin maleate","BRD-A07932845","trt_cp",10,"24","h","CPD001_PC3_24H","1","NULL","metitepine","epsilon","population"
"201","340084",-0.798382598996096,0,0,"MUC.CP002_NKDBA_24H:BRD-K60230970-001-10-0:1.1111","NKDBA","SA2688462","BRD-K60230970","trt_cp",1.1111,"24","h","MUC.CP002_NKDBA_24H","1","NULL","MG-132","epsilon","population"
"323","76050",-0.791318088864101,0,0,"CPC014_HCC515_6H:BRD-K50168500-001-01-2:10","HCC515","S1019","BRD-K50168500","trt_cp",10,"6","h","CPC014_HCC515_6H","1","NULL","canertinib","epsilon","population"
"186","331062",-0.783509946086633,0,0,"LJP002_SKBR3_24H:BRD-K02113016-001-05-5:10","SKBR3","KU-0059436;AZD2281;Olaparib","BRD-K02113016","trt_cp",10,"24","h","LJP002_SKBR3_24H","1","NULL","olaparib","epsilon","population"
"19","111510",-0.776538390035323,0,0,"CVD001_HUH7_24H:BRD-K37312348-001-05-1:3.825","HUH7","-666","BRD-K37312348","trt_cp",3.825,"24","h","CVD001_HUH7_24H","1","NULL","kenpaullone","epsilon","population"
"269","52740",-0.770961145194274,0,0,"CPC006_VCAP_24H:BRD-A62025033-001-01-8:10","VCAP","temsirolimus [CI779]","BRD-A62025033","trt_cp",10,"24","h","CPC006_VCAP_24H","1","NULL","temsirolimus","epsilon","population"
"4","101742",-0.770310466629485,0,0,"CPC017_NPC_24H:BRD-K06426971-001-01-9:10","NPC","-666","BRD-K06426971","trt_cp",10,"24","h","CPC017_NPC_24H","1","NULL","ryuvidine","epsilon","population"
"288","65356",-0.768451385015802,0,0,"CPC012_NPC_24H:BRD-A19037878:10","NPC","trichostatin-a","BRD-A19037878","trt_cp",10,"24","h","CPC012_NPC_24H","1","NULL","trichostatin-a","epsilon","population"
"326","7711",-0.742889012827663,0,0,"CPC004_HCC515_24H:BRD-A41519720-001-03-0:10","HCC515","EZETIMIBE","BRD-A41519720","trt_cp",10,"24","h","CPC004_HCC515_24H","1","NULL","ezetimibe","epsilon","population"
"228","435525",-0.741401747536717,0,0,"HOG003_A549_6H:BRD-K68202742-001-10-8:10","A549","trichostatin-a","BRD-K68202742","trt_cp",10,"6","h","HOG003_A549_6H","1","NULL","trichostatin-a","epsilon","population"
"95","21732",-0.740472206729875,0,0,"CPC006_HA1E_24H:BRD-A19037878:10","HA1E","trichostatin-a","BRD-A19037878","trt_cp",10,"24","h","CPC006_HA1E_24H","1","NULL","trichostatin-a","epsilon","population"
"240","441832",-0.739635620003718,0,0,"HOG003_MCF7_24H:BRD-K94920105-001-01-3:10","MCF7","DR-2313","BRD-K94920105","trt_cp",10,"24","h","HOG003_MCF7_24H","1","NULL","DR-2313","epsilon","population"
"360","87503",-0.730619074177356,0,0,"CPC013_SKB_24H:BRD-K71823332-001-01-1:10","SKB","S1297","BRD-K71823332","trt_cp",10,"24","h","CPC013_SKB_24H","1","NULL","epothilone-a","epsilon","population"
"382","94269",-0.728481130321621,0,0,"CPC020_HA1E_6H:BRD-A88774919-001-02-8:10","HA1E","doxycycline","BRD-A88774919","trt_cp",10,"6","h","CPC020_HA1E_6H","1","NULL","doxycycline","epsilon","population"
"183","33051",-0.722810931399889,0,0,"CPC006_SKMEL1_6H:BRD-K88510285-001-01-2:0.04","SKMEL1","B675700.cdx","BRD-K88510285","trt_cp",0.04,"6","h","CPC006_SKMEL1_6H","1","NULL","bortezomib","epsilon","population"
"165","327137",-0.721881390593047,0,0,"LJP001_MCF7_6H:BRD-K72420232-001-05-7:2","MCF7","WZ4002","BRD-K72420232","trt_cp",2,"6","h","LJP001_MCF7_6H","1","NULL","WZ-4002","epsilon","population"
"168","32739",-0.718442089607734,0,0,"CPC006_SKM1_6H:BRD-K76964878-001-01-8:24","SKM1","EX 527","BRD-K76964878","trt_cp",24,"6","h","CPC006_SKM1_6H","1","NULL","EX-527","epsilon","population"
"372","9032",-0.712493028443949,0,0,"CPC004_HEPG2_6H:BRD-A58564983-001-03-8:10","HEPG2","SELAMECTIN","BRD-A58564983","trt_cp",10,"6","h","CPC004_HEPG2_6H","1","NULL","selamectin","epsilon","population"
"197","33642",-0.711470533556423,0,0,"CPC006_SKMEL28_6H:BRD-A19037878:10","SKMEL28","trichostatin-a","BRD-A19037878","trt_cp",10,"6","h","CPC006_SKMEL28_6H","1","NULL","trichostatin-a","epsilon","population"
"231","436237",-0.711191671314371,0,0,"CPC006_H1299_6H:BRD-K59184148-001-04-2:10","H1299","SB 216763","BRD-K59184148","trt_cp",10,"6","h","CPC006_H1299_6H","1","NULL","SB-216763","epsilon","population"
"88","20304",-0.707008737683584,0,0,"CPC006_COV644_6H:BRD-A79768653-001-02-1:10","COV644","sirolimus","BRD-A79768653","trt_cp",10,"6","h","CPC006_COV644_6H","1","NULL","sirolimus","epsilon","population"
"237","441010",-0.693437441903699,0,0,"HOG002_MCF7_24H:BRD-K12762134-001-01-3:1.2333","MCF7","-666","BRD-K12762134","trt_cp",1.2333,"24","h","HOG002_MCF7_24H","1","NULL","XAV-939","epsilon","population"
"329","77487",-0.691764268451385,0,0,"CPC016_HT29_6H:BRD-K08547377-003-03-2:10","HT29","-666","BRD-K08547377","trt_cp",10,"6","h","CPC016_HT29_6H","1","NULL","irinotecan","epsilon","population"
"82","19002",-0.685443390964863,0,0,"CPC006_AGS_6H:BRD-M86331534-373-01-5:10","AGS","BJM-ctd2-9","BRD-M86331534","trt_cp",10,"6","h","CPC006_AGS_6H","1","NULL","pyrvinium-pamoate","epsilon","population"
"60","167105",-0.68311953894776,0,0,"ERG011_VCAP_24H:BRD-K03406345-001-12-0:10","VCAP","EWS-FLI-Inhibitor","BRD-K03406345","trt_cp",10,"24","h","ERG011_VCAP_24H","1","NULL","azacitidine","epsilon","population"
"1","10020",-0.678285926752184,0,0,"CPC005_HT29_24H:BRD-A83937277-001-03-0:10","HT29","Mephenytoin","BRD-A83937277","trt_cp",10,"24","h","CPC005_HT29_24H","1","NULL","mephenytoin","epsilon","population"
"62","167351",-0.675869120654397,0,0,"ERG011_VCAP_24H:BRD-K40175214-001-04-1:1","VCAP","torin1","BRD-K40175214","trt_cp",1,"24","h","ERG011_VCAP_24H","1","NULL","torin-1","epsilon","population"
"18","11133",-0.674010039040714,0,0,"CPC004_PC3_6H:BRD-A22032524-074-04-0:10","PC3","AMLODIPINE BESYLATE","BRD-A22032524","trt_cp",10,"6","h","CPC004_PC3_6H","1","NULL","amlodipine","epsilon","population"
"23","112754",-0.665365309537089,0,0,"DEB001_MCF7_6H:BRD-A19500257-001-04-7:10","MCF7","geldanamycin","BRD-A19500257","trt_cp",10,"6","h","DEB001_MCF7_6H","1","NULL","geldanamycin","epsilon","population"
"202","34689",-0.665086447295036,0,0,"CPC005_VCAP_6H:BRD-A52660433-066-01-3:10","VCAP","Tetrindole mesylate","BRD-A52660433","trt_cp",10,"6","h","CPC005_VCAP_6H","1","NULL","tetrindole","epsilon","population"
"374","9059",-0.653188324967466,0,0,"CPC004_HEPG2_6H:BRD-K80431395-001-02-4:10","HEPG2","TRICIRIBINE","BRD-K80431395","trt_cp",10,"6","h","CPC004_HEPG2_6H","1","NULL","triciribine","epsilon","population"
"132","30373",-0.652723554564045,0,0,"CPC006_PC3_6H:BRD-K15108141-001-01-7:0.08","PC3","gemcitabine","BRD-K15108141","trt_cp",0.08,"6","h","CPC006_PC3_6H","1","NULL","gemcitabine","epsilon","population"
"233","439659",-0.649563115820785,0,0,"DOSBIO001_HT29_24H:BRD-A19500257:0.37037","HT29","geldanamycin","BRD-A19500257","trt_cp",0.37037,"24","h","DOSBIO001_HT29_24H","1","NULL","geldanamycin","epsilon","population"
"92","20916",-0.64900539133668,0,0,"CPC006_EFO27_6H:BRD-A19633847-050-20-6:10","EFO27","PERHEXILINE MALEATE","BRD-A19633847","trt_cp",10,"6","h","CPC006_EFO27_6H","1","NULL","perhexiline","epsilon","population"
"196","336164",-0.641476110801264,0,0,"MUC.CP003_MCF7_24H:BRD-K81418486-001-13-7:3.3333","MCF7","-666","BRD-K81418486","trt_cp",3.3333,"24","h","MUC.CP003_MCF7_24H","1","NULL","vorinostat","epsilon","population"
"104","23695",-0.631344116006693,0,0,"CPC006_HEPG2_6H:BRD-M86331534-373-01-5:10","HEPG2","BJM-ctd2-9","BRD-M86331534","trt_cp",10,"6","h","CPC006_HEPG2_6H","1","NULL","pyrvinium-pamoate","epsilon","population"
"8","102224",-0.630042758877115,0,0,"CPC018_NPC_24H:BRD-K97399794-001-10-4:10","NPC","-666","BRD-K97399794","trt_cp",10,"24","h","CPC018_NPC_24H","1","NULL","quercetin","epsilon","population"
"334","79211",-0.629670942554378,0,0,"CPC014_MCF7_6H:BRD-K56957086-001-02-2:10","MCF7","-666","BRD-K56957086","trt_cp",10,"6","h","CPC014_MCF7_6H","1","NULL","dacinostat","epsilon","population"
"394","99933",-0.624372559955382,0,0,"CPC017_MCF7_24H:BRD-K28761384-003-03-6:10","MCF7","-666","BRD-K28761384","trt_cp",10,"24","h","CPC017_MCF7_24H","1","NULL","zuclopenthixol","epsilon","population"
"213","3857",-0.623721881390593,0,0,"CPC003_HA1E_24H:BRD-K17497770-001-01-0:10","HA1E","Butein","BRD-K17497770","trt_cp",10,"24","h","CPC003_HA1E_24H","1","NULL","butein","epsilon","population"
"316","73789",-0.623071202825804,0,0,"CPC015_A549_24H:BRD-K66296774-001-02-0:10","A549","-666","BRD-K66296774","trt_cp",10,"24","h","CPC015_A549_24H","1","NULL","fluvastatin","epsilon","population"
"386","95968",-0.620654396728016,0,0,"CPC017_HEPG2_6H:BRD-K73397362-001-01-7:10","HEPG2","-666","BRD-K73397362","trt_cp",10,"6","h","CPC017_HEPG2_6H","1","NULL","purmorphamine","epsilon","population"
"139","321773",-0.620096672243912,0,0,"LJP001_BT20_6H:BRD-K76908866-001-03-5:0.4","BT20","CP724714","BRD-K76908866","trt_cp",0.4,"6","h","LJP001_BT20_6H","1","NULL","CP-724714","epsilon","population"
"344","82686",-0.61535601412902,0,0,"CPC016_NPC_24H:BRD-A35588707-001-03-0:10","NPC","-666","BRD-A35588707","trt_cp",10,"24","h","CPC016_NPC_24H","1","NULL","teniposide","epsilon","population"
"304","720",-0.607547871351552,0,0,"CPC004_A375_6H:BRD-A19037878:10","A375","trichostatin-a","BRD-A19037878","trt_cp",10,"6","h","CPC004_A375_6H","1","NULL","trichostatin-a","epsilon","population"
"339","80446",-0.599367912251348,0,0,"CPC015_MCF7_24H:BRD-K19352500-070-05-8:10","MCF7","-666","BRD-K19352500","trt_cp",10,"24","h","CPC015_MCF7_24H","1","NULL","prochlorperazine","epsilon","population"
"3","101213",-0.596393381669455,0,0,"CPD001_MCF7_24H:BRD-A45889380-336-04-2:10","MCF7","Quinacrine dihydrochloride dihydrate","BRD-A45889380","trt_cp",10,"24","h","CPD001_MCF7_24H","1","NULL","mepacrine","epsilon","population"
"241","441892",-0.592024539877301,0,0,"HOG003_MCF7_24H:BRD-K60230970-001-04-3:10.5126","MCF7","MG-132","BRD-K60230970","trt_cp",10.5126,"24","h","HOG003_MCF7_24H","1","NULL","MG-132","epsilon","population"
"181","330251",-0.591745677635248,0,0,"LJP002_SKBR3_6H:BRD-K12343256-001-01-4:10","SKBR3","JTP-74057;GSK1120212;GSK-1120212","BRD-K12343256","trt_cp",10,"6","h","LJP002_SKBR3_6H","1","NULL","trametinib","epsilon","population"
"128","29610",-0.588306376649935,0,0,"CPC006_OV7_6H:BRD-A35588707-001-03-0:1.25","OV7","TENIPOSIDE","BRD-A35588707","trt_cp",1.25,"6","h","CPC006_OV7_6H","1","NULL","teniposide","epsilon","population"
"209","365413",-0.588027514407882,0,0,"PCLB001_MCF7_24H:BRD-A19037878-001-02-3:2.5","MCF7","trichostatin-a","BRD-A19037878","trt_cp",2.5,"24","h","PCLB001_MCF7_24H","1","NULL","trichostatin-a","epsilon","population"
"99","23151",-0.586261386874884,0,0,"CPC006_HCT116_6H:BRD-A79465854-001-01-3:10","HCT116","auranofin","BRD-A79465854","trt_cp",10,"6","h","CPC006_HCT116_6H","1","NULL","auranofin","epsilon","population"
"305","72050",-0.586261386874884,0,0,"CPC014_A375_6H:BRD-K19687926-379-01-7:10","A375","HY-50898","BRD-K19687926","trt_cp",10,"6","h","CPC014_A375_6H","1","NULL","lapatinib","epsilon","population"
"162","326013",-0.584960029745306,0,0,"LJP001_MCF10A_24H:BRD-K94294671-003-02-1:0.4","MCF10A","OSI-027","BRD-K94294671","trt_cp",0.4,"24","h","LJP001_MCF10A_24H","1","NULL","OSI-027","epsilon","population"
"172","328865",-0.583658672615728,0,0,"LJP001_MDAMB231_24H:BRD-K05804044-001-02-9:10","MDAMB231","AZ-628","BRD-K05804044","trt_cp",10,"24","h","LJP001_MDAMB231_24H","1","NULL","AZ-628","epsilon","population"
"256","47649",-0.583565718535044,0,0,"CPC006_SNUC4_6H:BRD-K40853697-001-04-9:160","SNUC4","STAT3 Inhibitor VI, S31-201","BRD-K40853697","trt_cp",160,"6","h","CPC006_SNUC4_6H","1","NULL","STAT3-inhibitor-VI","epsilon","population"
"281","59117",-0.581427774679308,0,0,"CPC013_HA1E_6H:BRD-K17210248-003-01-7:10","HA1E","S1216","BRD-K17210248","trt_cp",10,"6","h","CPC013_HA1E_6H","1","NULL","daunorubicin","epsilon","population"
"343","82611",-0.579475738984941,0,0,"CPC013_NEU_24H:BRD-K68202742-001-05-8:10","NEU","trichostatin-a","BRD-K68202742","trt_cp",10,"24","h","CPC013_NEU_24H","1","NULL","trichostatin-a","epsilon","population"
"337","80103",-0.5785461981781,0,0,"CPC016_MCF7_6H:BRD-A19037878:10","MCF7","trichostatin-a","BRD-A19037878","trt_cp",10,"6","h","CPC016_MCF7_6H","1","NULL","trichostatin-a","epsilon","population"
"83","19020",-0.578267335936048,0,0,"CPC006_AGS_6H:BRD-K23363278-001-01-3:1","AGS","CYT997","BRD-K23363278","trt_cp",1,"6","h","CPC006_AGS_6H","1","NULL","CYT-997","epsilon","population"
"266","52145",-0.576501208403049,0,0,"CPC006_VCAP_24H:BRD-K08845546-001-02-2:22.2","VCAP","FK506","BRD-K08845546","trt_cp",22.2,"24","h","CPC006_VCAP_24H","1","NULL","tacrolimus","epsilon","population"
"204","354697",-0.572597137014315,0,0,"NMH002_NEU_24H:BRD-K89732114-300-10-5:10","NEU","Trifluoperazine.2HCl","BRD-K89732114","trt_cp",10,"24","h","NMH002_NEU_24H","1","NULL","trifluoperazine","epsilon","population"
"330","7749",-0.567763524818739,0,0,"CPC004_HCC515_24H:BRD-K66296774-001-02-0:10","HCC515","FLUVASTATIN","BRD-K66296774","trt_cp",10,"24","h","CPC004_HCC515_24H","1","NULL","fluvastatin","epsilon","population"
"279","5824",-0.566926938092582,0,0,"CPC004_HCC515_6H:BRD-A10188456-001-03-1:10","HCC515","DEXAMETHASONE","BRD-A10188456","trt_cp",10,"6","h","CPC004_HCC515_6H","1","NULL","dexamethasone","epsilon","population"
"359","87472",-0.561442647332218,0,0,"CPC014_SKB_24H:BRD-K50140147-001-01-0:10","SKB","S1108","BRD-K50140147","trt_cp",10,"24","h","CPC014_SKB_24H","1","NULL","NVP-TAE684","epsilon","population"
"179","329338",-0.560420152444692,0,0,"LJP001_MDAMB231_24H:BRD-K56343971-001-04-9:0.4","MDAMB231","PLX4032:RG7204, R7204, RO5185426,","BRD-K56343971","trt_cp",0.4,"24","h","LJP001_MDAMB231_24H","1","NULL","vemurafenib","epsilon","population"
"282","59185",-0.554471091280907,0,0,"CPC012_HA1E_6H:BRD-A59985574-003-01-9:10","HA1E","T542500","BRD-A59985574","trt_cp",10,"6","h","CPC012_HA1E_6H","1","NULL","topotecan","epsilon","population"
"234","439818",-0.552704963747909,0,0,"DOSBIO001_HT29_24H:BRD-K81418486:10","HT29","vorinostat","BRD-K81418486","trt_cp",10,"24","h","DOSBIO001_HT29_24H","1","NULL","vorinostat","epsilon","population"
"207","361451",-0.551868377021751,0,0,"RAD001_A549_6H:BRD-K01228321-318-03-5:0.0412","A549","-666","BRD-K01228321","trt_cp",0.0412,"6","h","RAD001_A549_6H","1","NULL","cisplatin","epsilon","population"
"194","3354",-0.550752928053542,0,0,"CPC002_HA1E_6H:BRD-A24122750-001-02-9:10","HA1E","Saclofen","BRD-A24122750","trt_cp",10,"6","h","CPC002_HA1E_6H","1","NULL","saclofen","epsilon","population"
"146","322788",-0.548893846439859,0,0,"LJP002_BT20_24H:BRD-K56277358-001-03-4:0.08","BT20","MGCD265","BRD-K56277358","trt_cp",0.08,"24","h","LJP002_BT20_24H","1","NULL","MGCD-265","epsilon","population"
"155","324533",-0.541922290388548,0,0,"LJP001_HS578T_24H:BRD-K20285085-001-03-0:2","HS578T","R406","BRD-K20285085","trt_cp",2,"24","h","LJP001_HS578T_24H","1","NULL","fostamatinib","epsilon","population"
"200","34",-0.541457519985127,0,0,"CPC004_A375_6H:BRD-A72758037-001-01-8:10","A375","ASIATIC ACID","BRD-A72758037","trt_cp",10,"6","h","CPC004_A375_6H","1","NULL","asiatic-acid","epsilon","population"
"71","17656",-0.541364565904443,0,0,"CPC006_A375_24H:BRD-K92991072-001-02-3:10","A375","PAC 1","BRD-K92991072","trt_cp",10,"24","h","CPC006_A375_24H","1","NULL","PAC-1","epsilon","population"
"45","14664",-0.540992749581707,0,0,"CPC003_VCAP_6H:BRD-K28168037-001-01-3:10","VCAP","Fenretinide","BRD-K28168037","trt_cp",10,"6","h","CPC003_VCAP_6H","1","NULL","fenretinide","epsilon","population"
"188","332614",-0.540435025097602,0,0,"NMH002_FIBRNPC_24H:BRD-K04923131-001-11-3:10","FIBRNPC","BIO","BRD-K04923131","trt_cp",10,"24","h","NMH002_FIBRNPC_24H","1","NULL","GSK-3-inhibitor-IX","epsilon","population"
"184","330651",-0.539970254694181,0,0,"LJP002_SKBR3_6H:BRD-K56751279-001-01-8:0.08","SKBR3","Y39983","BRD-K56751279","trt_cp",0.08,"6","h","LJP002_SKBR3_6H","1","NULL","Y-39983","epsilon","population"
"309","73019",-0.539319576129392,0,0,"CPC014_A549_6H:BRD-K18135438-001-08-4:10","A549","BL-053","BRD-K18135438","trt_cp",10,"6","h","CPC014_A549_6H","1","NULL","chenodeoxycholic-acid","epsilon","population"
"35","12890",-0.535787321063395,0,0,"CPC003_PC3_24H:BRD-K71059170-001-02-5:10","PC3","Cefixime","BRD-K71059170","trt_cp",10,"24","h","CPC003_PC3_24H","1","NULL","cefixime","epsilon","population"
"43","14569",-0.535694366982711,0,0,"CPC003_VCAP_6H:BRD-K92093830-003-05-0:10","VCAP","Doxorubicin hydrochloride","BRD-K92093830","trt_cp",10,"6","h","CPC003_VCAP_6H","1","NULL","doxorubicin","epsilon","population"
"391","98958",-0.534578918014501,0,0,"CPD001_MCF7_6H:BRD-K86301799-001-28-0:10","MCF7","Dipyridamole","BRD-K86301799","trt_cp",10,"6","h","CPD001_MCF7_6H","1","NULL","dipyridamole","epsilon","population"
"187","331064",-0.534207101691764,0,0,"LJP002_SKBR3_24H:BRD-K02113016-001-05-5:0.4","SKBR3","KU-0059436;AZD2281;Olaparib","BRD-K02113016","trt_cp",0.4,"24","h","LJP002_SKBR3_24H","1","NULL","olaparib","epsilon","population"
"171","328540",-0.527421453801822,0,0,"LJP001_MDAMB231_6H:BRD-K78431006-001-04-5:10","MDAMB231","PF02341066:Crizotinib","BRD-K78431006","trt_cp",10,"6","h","LJP001_MDAMB231_6H","1","NULL","crizotinib","epsilon","population"
"388","96423",-0.527421453801822,0,0,"CPC018_HT29_6H:BRD-K03015355-003-01-5:10","HT29","-666","BRD-K03015355","trt_cp",10,"6","h","CPC018_HT29_6H","1","NULL","forskolin","epsilon","population"
"121","27121",-0.524818739542666,0,0,"CPC006_MDST8_6H:BRD-K68336408-001-04-2:56.78","MDST8","Tyrphostin AG 1478","BRD-K68336408","trt_cp",56.78,"6","h","CPC006_MDST8_6H","1","NULL","tyrphostin-AG-1478","epsilon","population"
"182","330396",-0.522959657928983,0,0,"LJP002_SKBR3_6H:BRD-K50168500-001-03-8:0.08","SKBR3","PD-183805;Canertinib;CI-1033","BRD-K50168500","trt_cp",0.08,"6","h","LJP002_SKBR3_6H","1","NULL","canertinib","epsilon","population"
"78","18136",-0.51952035694367,0,0,"CPC006_A549_6H:BRD-A19037878:10","A549","trichostatin-a","BRD-A19037878","trt_cp",10,"6","h","CPC006_A549_6H","1","NULL","trichostatin-a","epsilon","population"
"59","16677",-0.517754229410671,0,0,"CPC001_VCAP_24H:BRD-K73397362-001-01-7:10","VCAP","Purmorphamine","BRD-K73397362","trt_cp",10,"24","h","CPC001_VCAP_24H","1","NULL","purmorphamine","epsilon","population"
"57","166122",-0.514500836586726,0,0,"ERG011_VCAP_6H:BRD-K82261406-001-03-8:2","VCAP","EWS-FLI-Inhibitor","BRD-K82261406","trt_cp",2,"6","h","ERG011_VCAP_6H","1","NULL","anisomycin","epsilon","population"
"65","17104",-0.51412902026399,0,0,"CPC006_A375_6H:BRD-K41859756-001-01-9:10","A375","-666","BRD-K41859756","trt_cp",10,"6","h","CPC006_A375_6H","1","NULL","NVP-AUY922","epsilon","population"
"242","442346",-0.513757203941253,0,0,"HOG001_MCF7_24H:BRD-K50128260-001-01-6:0.3704","MCF7","sildenafil","BRD-K50128260","trt_cp",0.3704,"24","h","HOG001_MCF7_24H","1","NULL","sildenafil","epsilon","population"
"79","18280",-0.512455846811675,0,0,"CPC006_A549_24H:BRD-K47983010-001-02-1:10","A549","BX-795","BRD-K47983010","trt_cp",10,"24","h","CPC006_A549_24H","1","NULL","BX-795","epsilon","population"
"160","325449",-0.512176984569623,0,0,"LJP002_MCF10A_6H:BRD-K91900765-001-02-7:0.08","MCF10A","VX-745","BRD-K91900765","trt_cp",0.08,"6","h","LJP002_MCF10A_6H","1","NULL","VX-745","epsilon","population"
"325","76508",-0.509853132552519,0,0,"CPC016_HEPG2_6H:BRD-K36007650-300-02-3:10","HEPG2","-666","BRD-K36007650","trt_cp",10,"6","h","CPC016_HEPG2_6H","1","NULL","puromycin","epsilon","population"
"190","332862",-0.503253392823945,0,0,"NMH002_FIBRNPC_24H:BRD-A50287119-001-01-5:10","FIBRNPC","Rapamycin","BRD-A50287119","trt_cp",10,"24","h","NMH002_FIBRNPC_24H","1","NULL","sirolimus","epsilon","population"
"193","33440",-0.502788622420524,0,0,"CPC006_SKMEL28_6H:BRD-K74402642-003-01-2:10","SKMEL28","Chemistry 2804","BRD-K74402642","trt_cp",10,"6","h","CPC006_SKMEL28_6H","1","NULL","NSC-632839","epsilon","population"
"191","334203",-0.502137943855735,0,0,"MUC.CP001_MCF7_6H:BRD-K49049886-001-03-8:10","MCF7","CGS-15943","BRD-K49049886","trt_cp",10,"6","h","MUC.CP001_MCF7_6H","1","NULL","CGS-15943","epsilon","population"
"211","3673",-0.501859081613683,0,0,"CPC001_HA1E_24H:BRD-K68336408-001-03-4:10","HA1E","AG-1478","BRD-K68336408","trt_cp",10,"24","h","CPC001_HA1E_24H","1","NULL","tyrphostin-AG-1478","epsilon","population"
"149","323352",-0.501022494887526,0,0,"LJP001_HS578T_6H:BRD-K57080016-001-08-4:0.4","HS578T","AZD6244:Selumetinib, Array142886","BRD-K57080016","trt_cp",0.4,"6","h","LJP001_HS578T_6H","1","NULL","selumetinib","epsilon","population"
"138","321688",-0.498791596951106,0,0,"LJP001_BT20_6H:BRD-K19540840-001-04-5:2","BT20","AZD0530:Saracatinib","BRD-K19540840","trt_cp",2,"6","h","LJP001_BT20_6H","1","NULL","saracatinib","epsilon","population"
"389","98496",-0.496281836772634,0,0,"CPC018_MCF7_6H:BRD-K63151507-001-01-6:10","MCF7","-666","BRD-K63151507","trt_cp",10,"6","h","CPC018_MCF7_6H","1","NULL","MNITMT","epsilon","population"
"348","83251",-0.495259341885109,0,0,"CPC015_NPC_24H:BRD-K71266197-236-01-9:10","NPC","-666","BRD-K71266197","trt_cp",10,"24","h","CPC015_NPC_24H","1","NULL","PSB-06126","epsilon","population"
"145","322782",-0.486242796058747,0,0,"LJP001_BT20_24H:BRD-K79404599-001-05-1:0.08","BT20","LY317615:Enzastaurin","BRD-K79404599","trt_cp",0.08,"24","h","LJP001_BT20_24H","1","NULL","enzastaurin","epsilon","population"
"310","73191",-0.483825989960959,0,0,"CPC014_A549_6H:BRD-K50140147-001-01-0:10","A549","S1108","BRD-K50140147","trt_cp",10,"6","h","CPC014_A549_6H","1","NULL","NVP-TAE684","epsilon","population"
"303","71518",-0.47620375534486,0,0,"CPC016_A375_6H:BRD-K41160163-001-01-9:10","A375","-666","BRD-K41160163","trt_cp",10,"6","h","CPC016_A375_6H","1","NULL","fenobam","epsilon","population"
"349","84027",-0.475924893102807,0,0,"CPC014_NPC_24H:BRD-A75409952:10","NPC","wortmannin","BRD-A75409952","trt_cp",10,"24","h","CPC014_NPC_24H","1","NULL","wortmannin","epsilon","population"
"362","88064",-0.475181260457334,0,0,"CPC014_VCAP_6H:BRD-K01253243-001-01-4:10","VCAP","HY-10966","BRD-K01253243","trt_cp",10,"6","h","CPC014_VCAP_6H","1","NULL","SB-590885","epsilon","population"
"222","432959",-0.466629485034393,0,0,"HOG002_A549_24H:BRD-K41859756-001-01-9:3.33","A549","-666","BRD-K41859756","trt_cp",3.33,"24","h","HOG002_A549_24H","1","NULL","NVP-AUY922","epsilon","population"
"252","450589",-0.466071760550288,0.001,0.00299242424242424,"AML001_U937_24H:BRD-A19037878:3.33333","U937","TRICHOSTATIN_A","BRD-A19037878","trt_cp",3.33333,"24","h","AML001_U937_24H","1","NULL","trichostatin-a","epsilon","population"
"315","73666",-0.465421081985499,0.001,0.00299242424242424,"CPC015_A549_24H:BRD-K38323065-001-09-0:10","A549","-666","BRD-K38323065","trt_cp",10,"24","h","CPC015_A549_24H","1","NULL","phenacetin","epsilon","population"
"235","440645",-0.4636549544525,0.001,0.00299242424242424,"PCLB001_JURKAT_6H:BRD-A19037878-001-02-3:1.11","JURKAT","trichostatin-a","BRD-A19037878","trt_cp",1.11,"6","h","PCLB001_JURKAT_6H","1","NULL","trichostatin-a","epsilon","population"
"42","142130",-0.462167689161554,0.001,0.00299242424242424,"DOS033_A375_24H:BRD-K81418486:0.5","A375","vorinostat","BRD-K81418486","trt_cp",0.5,"24","h","DOS033_A375_24H","1","NULL","vorinostat","epsilon","population"
"152","323753",-0.457798847369399,0.001,0.00299242424242424,"LJP002_HS578T_6H:BRD-K74514084-001-01-3:2","HS578T","Pazopanibhydrochloride;GW786034","BRD-K74514084","trt_cp",2,"6","h","LJP002_HS578T_6H","1","NULL","pazopanib","epsilon","population"
"271","54140",-0.457798847369399,0.001,0.00299242424242424,"CPC012_A375_6H:BRD-A59985574-003-01-9:10","A375","T542500","BRD-A59985574","trt_cp",10,"6","h","CPC012_A375_6H","1","NULL","topotecan","epsilon","population"
"229","435780",-0.456776352481874,0.001,0.00299242424242424,"AML001_CD34_24H:BRD-A19037878:1.11111","CD34","TRICHOSTATIN_A","BRD-A19037878","trt_cp",1.11111,"24","h","AML001_CD34_24H","1","NULL","trichostatin-a","epsilon","population"
"52","15750",-0.456311582078453,0.001,0.00299242424242424,"CPC004_VCAP_24H:BRD-K39987650-001-15-9:10","VCAP","BISACODYL","BRD-K39987650","trt_cp",10,"24","h","CPC004_VCAP_24H","1","NULL","bisacodyl","epsilon","population"
"293","66373",-0.454359546384086,0.001,0.00299242424242424,"CPC011_PC3_6H:BRD-K44094599-001-02-9:10","PC3","tacrolimus","BRD-K44094599","trt_cp",10,"6","h","CPC011_PC3_6H","1","NULL","tacrolimus","epsilon","population"
"299","70865",-0.454080684142034,0.001,0.00299242424242424,"CPC011_VCAP_24H:BRD-A52282606-001-05-5:10","VCAP","lacidipine","BRD-A52282606","trt_cp",10,"24","h","CPC011_VCAP_24H","1","NULL","lacidipine","epsilon","population"
"219","432479",-0.452035694366983,0.001,0.00299242424242424,"PCLB001_A375_6H:BRD-K07572174-001-22-0:10","A375","curcumin","BRD-K07572174","trt_cp",10,"6","h","PCLB001_A375_6H","1","NULL","curcumin","epsilon","population"
"84","19403",-0.452035694366983,0.001,0.00299242424242424,"CPC006_CL34_6H:BRD-A68631409-001-01-3:10","CL34","Evodiamine","BRD-A68631409","trt_cp",10,"6","h","CPC006_CL34_6H","1","NULL","evodiamine","epsilon","population"
"297","6977",-0.449432980107827,0.001,0.00299242424242424,"CPC003_HCC515_6H:BRD-A34205397-001-03-7:10","HCC515","SULOCTIDIL","BRD-A34205397","trt_cp",10,"6","h","CPC003_HCC515_6H","1","NULL","suloctidil","epsilon","population"
"283","59272",-0.448224577058933,0.001,0.00299242424242424,"CPC010_HA1E_6H:BRD-K43736954-001-18-1:10","HA1E","cortisone","BRD-K43736954","trt_cp",10,"6","h","CPC010_HA1E_6H","1","NULL","cortisone","epsilon","population"
"376","9124",-0.434746235359732,0.002,0.00519736842105263,"CPC005_HT29_6H:BRD-A65145453-001-02-0:10","HT29","ATPA","BRD-A65145453","trt_cp",10,"6","h","CPC005_HT29_6H","1","NULL","ATPA","epsilon","population"
"368","89545",-0.432422383342629,0.002,0.00519736842105263,"CPC018_A375_6H:BRD-K25906698-303-01-9:10","A375","-666","BRD-K25906698","trt_cp",10,"6","h","CPC018_A375_6H","1","NULL","immepip","epsilon","population"
"154","324480",-0.42796058746979,0.002,0.00519736842105263,"LJP001_HS578T_24H:BRD-K99545815-001-02-2:10","HS578T","PF562271","BRD-K99545815","trt_cp",10,"24","h","LJP001_HS578T_24H","1","NULL","PF-562271","epsilon","population"
"249","445270",-0.426008551775423,0.002,0.00519736842105263,"DOSBIO001_NEU_24H:BRD-A75409952:1.11111","NEU","wortmannin","BRD-A75409952","trt_cp",1.11111,"24","h","DOSBIO001_NEU_24H","1","NULL","wortmannin","epsilon","population"
"14","1049",-0.423498791596951,0.002,0.00519736842105263,"CPC005_A375_24H:BRD-K95739795-001-01-1:10","A375","Tetrabenazine","BRD-K95739795","trt_cp",10,"24","h","CPC005_A375_24H","1","NULL","tetrabenazine","epsilon","population"
"289","6539",-0.416155419222904,0.002,0.00519736842105263,"CPC002_HCC515_6H:BRD-K91263825-001-03-6:10","HCC515","NORTRIPTYLINE","BRD-K91263825","trt_cp",10,"6","h","CPC002_HCC515_6H","1","NULL","nortriptyline","epsilon","population"
"363","88206",-0.415597694738799,0.002,0.00519736842105263,"CPC013_VCAP_6H:BRD-K82164249-001-01-9:10","VCAP","S1140","BRD-K82164249","trt_cp",10,"6","h","CPC013_VCAP_6H","1","NULL","andarine","epsilon","population"
"345","82706",-0.414110429447853,0.002,0.00519736842105263,"CPC016_NPC_24H:BRD-A41995253-001-03-7:10","NPC","-666","BRD-A41995253","trt_cp",10,"24","h","CPC016_NPC_24H","1","NULL","brucine","epsilon","population"
"100","23458",-0.413459750883064,0.002,0.00519736842105263,"CPC006_HEC108_6H:BRD-K59597909-001-10-1:10","HEC108","Phenothiazine","BRD-K59597909","trt_cp",10,"6","h","CPC006_HEC108_6H","1","NULL","phenothiazine","epsilon","population"
"346","8273",-0.410299312139803,0.002,0.00519736842105263,"CPC004_HCC515_24H:BRD-A27887842-001-03-2:10","HCC515","PREDNISOLONE","BRD-A27887842","trt_cp",10,"24","h","CPC004_HCC515_24H","1","NULL","prednisolone","epsilon","population"
"129","2987",-0.40732478155791,0.002,0.00519736842105263,"CPC001_HA1E_6H:BRD-K86958018-001-01-9:10","HA1E","Olvanil","BRD-K86958018","trt_cp",10,"6","h","CPC001_HA1E_6H","1","NULL","olvanil","epsilon","population"
"72","17739",-0.406116378509017,0.002,0.00519736842105263,"CPC006_A375_24H:BRD-K71799949-001-20-8:96","A375","carbamazepine","BRD-K71799949","trt_cp",96,"24","h","CPC006_A375_24H","1","NULL","carbamazepine","epsilon","population"
"267","5228",-0.40416434281465,0.002,0.00519736842105263,"CPC004_HA1E_24H:BRD-K64514229-001-01-1:10","HA1E","TOLTRAZURIL","BRD-K64514229","trt_cp",10,"24","h","CPC004_HA1E_24H","1","NULL","toltrazuril","epsilon","population"
"101","23530",-0.403234802007808,0.002,0.00519736842105263,"CPC006_HEC108_6H:BRD-A19500257:10","HEC108","geldanamycin","BRD-A19500257","trt_cp",10,"6","h","CPC006_HEC108_6H","1","NULL","geldanamycin","epsilon","population"
"296","69312",-0.40304889384644,0.002,0.00519736842105263,"CPC009_VCAP_6H:BRD-A67981824-236-01-2:10","VCAP","cefotaxime","BRD-A67981824","trt_cp",10,"6","h","CPC009_VCAP_6H","1","NULL","cefotaxime","epsilon","population"
"198","337744",-0.4003532255066,0.002,0.00519736842105263,"MUC.CP004_MCF7_24H:BRD-K77987382-001-08-2:40","MCF7","mebendazole","BRD-K77987382","trt_cp",40,"24","h","MUC.CP004_MCF7_24H","1","NULL","mebendazole","epsilon","population"
"26","114907",-0.399795501022495,0.002,0.00519736842105263,"CPD003_PC3_6H:BRD-K89104321-003-10-6:10","PC3","THIP Hydrochloride","BRD-K89104321","trt_cp",10,"6","h","CPD003_PC3_6H","1","NULL","gaboxadol","epsilon","population"
"98","23040",-0.398680052054285,0.002,0.00519736842105263,"CPC006_HCT116_6H:BRD-K78513633-001-07-4:177.6","HCT116","Lonidamine","BRD-K78513633","trt_cp",177.6,"6","h","CPC006_HCT116_6H","1","NULL","lonidamine","epsilon","population"
"273","54481",-0.397285740844023,0.002,0.00519736842105263,"CPC011_A375_6H:BRD-K93880783-001-20-9:10","A375","stavudine","BRD-K93880783","trt_cp",10,"6","h","CPC011_A375_6H","1","NULL","stavudine","epsilon","population"
"313","73496",-0.394032348020078,0.002,0.00519736842105263,"CPC015_A549_24H:BRD-A98702003-304-03-0:10","A549","-666","BRD-A98702003","trt_cp",10,"24","h","CPC015_A549_24H","1","NULL","carbenoxolone","epsilon","population"
"356","8613",-0.378880832868563,0.007,0.0180718954248366,"CPC002_HCC515_24H:BRD-K50325075-001-01-3:10","HCC515","UCL 2077","BRD-K50325075","trt_cp",10,"24","h","CPC002_HCC515_24H","1","NULL","UCL-2077","epsilon","population"
"287","63454",-0.37813720022309,0.009,0.0229354838709677,"CPC011_MCF7_6H:BRD-K64994968-001-23-4:10","MCF7","progesterone","BRD-K64994968","trt_cp",10,"6","h","CPC011_MCF7_6H","1","NULL","progesterone","epsilon","population"
"278","58155",-0.378044246142406,0.009,0.0229354838709677,"CPC012_ASC_24H:BRD-A75409952:10","ASC","wortmannin","BRD-A75409952","trt_cp",10,"24","h","CPC012_ASC_24H","1","NULL","wortmannin","epsilon","population"
"218","4193",-0.375627440044618,0.01,0.0248427672955975,"CPC001_HA1E_24H:BRD-K63979671-001-03-6:10","HA1E","Etifenin","BRD-K63979671","trt_cp",10,"24","h","CPC001_HA1E_24H","1","NULL","etifenin","epsilon","population"
"156","32483",-0.370886781929727,0.01,0.0248427672955975,"CPC006_SKLU1_6H:BRD-K20285085-001-01-4:10","SKLU1","R406","BRD-K20285085","trt_cp",10,"6","h","CPC006_SKLU1_6H","1","NULL","fostamatinib","epsilon","population"
"90","20706",-0.370236103364938,0.01,0.0248427672955975,"CPC006_EFO27_6H:BRD-K26664453-001-03-4:10","EFO27","-666","BRD-K26664453","trt_cp",10,"6","h","CPC006_EFO27_6H","1","NULL","cytochalasin-b","epsilon","population"
"126","29396",-0.368191113589887,0.01,0.0248427672955975,"CPC006_OV7_6H:BRD-A13122391-001-01-9:0.08","OV7","16-HYDROXYTRIPTOLIDE","BRD-A13122391","trt_cp",0.08,"6","h","CPC006_OV7_6H","1","NULL","triptolide","epsilon","population"
"119","26716",-0.365960215653467,0.011,0.02715625,"CPC006_MCF7_24H:BRD-A56592690-001-01-9:30","MCF7","PX12","BRD-A56592690","trt_cp",30,"24","h","CPC006_MCF7_24H","1","NULL","PX-12","epsilon","population"
"125","2838",-0.363450455474995,0.013,0.0318944099378882,"CPC001_HA1E_6H:BRD-K09549677-300-01-8:10","HA1E","Mibefradil dihydrochloride","BRD-K09549677","trt_cp",10,"6","h","CPC001_HA1E_6H","1","NULL","mibefradil","epsilon","population"
"251","449827",-0.362242052426101,0.014,0.0341358024691358,"CPC006_RKO_6H:BRD-A58048407-001-10-5:10","RKO","nimodipine","BRD-A58048407","trt_cp",10,"6","h","CPC006_RKO_6H","1","NULL","nimodipine","epsilon","population"
"276","55835",-0.359174567763525,0.016,0.0385365853658537,"CPC011_A549_6H:BRD-K96471533-001-04-1:10","A549","nitazoxanide","BRD-K96471533","trt_cp",10,"6","h","CPC011_A549_6H","1","NULL","nitazoxanide","epsilon","population"
"365","8861",-0.353969139245213,0.016,0.0385365853658537,"CPC004_HEPG2_6H:BRD-K51677086-001-07-0:10","HEPG2","ERYTHROMYCIN ETHYLSUCCINATE","BRD-K51677086","trt_cp",10,"6","h","CPC004_HEPG2_6H","1","NULL","erythromycin","epsilon","population"
"353","8547",-0.345417363822272,0.018,0.0430909090909091,"CPC004_HCC515_24H:BRD-K09631521-001-05-7:10","HCC515","THIOTEPA","BRD-K09631521","trt_cp",10,"24","h","CPC004_HCC515_24H","1","NULL","thiotepa","epsilon","population"
"118","260",-0.3429076036438,0.02,0.0475903614457831,"CPC005_A375_6H:BRD-K66093087-001-02-3:10","A375","FGIN-1-43","BRD-K66093087","trt_cp",10,"6","h","CPC005_A375_6H","1","NULL","FGIN-1-43","epsilon","population"
"13","104309",-0.340769659788065,0.021,0.0496706586826347,"CPC017_PHH_24H:BRD-K15791587-003-01-7:10","PHH","-666","BRD-K15791587","trt_cp",10,"24","h","CPC017_PHH_24H","1","NULL","L-733060","epsilon","population"
"351","84586",-0.329150399702547,0.026,0.0607692307692308,"CPC014_PC3_6H:BRD-K86930074-001-01-9:10","PC3","S1017","BRD-K86930074","trt_cp",10,"6","h","CPC014_PC3_6H","1","NULL","cediranib","epsilon","population"
"115","25455",-0.328220858895706,0.026,0.0607692307692308,"CPC006_LOVO_6H:BRD-K01868942-001-02-1:160","LOVO","3-(piperidin-1-yl)propyl-4-amino-5-chloro-2methoxybenzoate . Hydrochloride","BRD-K01868942","trt_cp",160,"6","h","CPC006_LOVO_6H","1","NULL","RS-23597-190","epsilon","population"
"17","106804",-0.32227179773192,0.032,0.0743529411764706,"CPC020_VCAP_24H:BRD-K75089421-003-21-1:10","VCAP","pronestyl","BRD-K75089421","trt_cp",10,"24","h","CPC020_VCAP_24H","1","NULL","procainamide","epsilon","population"
"103","23637",-0.314742517196505,0.039,0.0900877192982456,"CPC006_HEPG2_6H:BRD-K93754473-001-06-0:28.39","HEPG2","-666","BRD-K93754473","trt_cp",28.39,"6","h","CPC006_HEPG2_6H","1","NULL","tamoxifen","epsilon","population"
"393","99597",-0.306190741773564,0.045,0.103343023255814,"CPC017_MCF7_24H:BRD-A98378129-001-01-4:10","MCF7","-666","BRD-A98378129","trt_cp",10,"24","h","CPC017_MCF7_24H","1","NULL","talniflumate","epsilon","population"
"300","70987",-0.301543037739357,0.048,0.109595375722543,"CPC011_VCAP_24H:BRD-K75958195-050-04-8:10","VCAP","pizotyline","BRD-K75958195","trt_cp",10,"24","h","CPC011_VCAP_24H","1","NULL","pizotifen","epsilon","population"
"390","9851",-0.296244655140361,0.059,0.133936781609195,"CPC005_HT29_24H:BRD-A15034104-002-03-6:10","HT29","Bergenin monohydrate","BRD-A15034104","trt_cp",10,"24","h","CPC005_HT29_24H","1","NULL","bergenin","epsilon","population"
"212","37959",-0.29419966536531,0.061,0.137685714285714,"CPC009_A549_6H:BRD-K55070890-001-02-1:10","A549","thiothixene","BRD-K55070890","trt_cp",10,"6","h","CPC009_A549_6H","1","NULL","thiothixene","epsilon","population"
"331","78359",-0.275701803309165,0.086,0.193011363636364,"CPC014_HT29_6H:BRD-K81528515-001-03-9:10","HT29","HY-10159","BRD-K81528515","trt_cp",10,"6","h","CPC014_HT29_6H","1","NULL","nilotinib","epsilon","population"
"185","330758",-0.274307492098903,0.09,0.200847457627119,"LJP001_SKBR3_24H:BRD-K19540840-001-04-5:0.4","SKBR3","AZD0530:Saracatinib","BRD-K19540840","trt_cp",0.4,"24","h","LJP001_SKBR3_24H","1","NULL","saracatinib","epsilon","population"
"369","8981",-0.258784160624651,0.13,0.288483146067416,"CPC004_HEPG2_6H:BRD-K75958195-037-04-5:10","HEPG2","PIZOTYLINE MALATE","BRD-K75958195","trt_cp",10,"6","h","CPC004_HEPG2_6H","1","NULL","pizotifen","epsilon","population"
"31","116354",-0.256832124930284,0.132,0.291284916201117,"CVD001_PHH_6H:BRD-K47150025-001-01-2:10","PHH","-666","BRD-K47150025","trt_cp",10,"6","h","CVD001_PHH_6H","1","NULL","KI-8751","epsilon","population"
"30","116335",-0.240100390407139,0.169,0.370861111111111,"CVD001_PHH_6H:BRD-K40255344-001-03-6:2.5","PHH","-666","BRD-K40255344","trt_cp",2.5,"6","h","CVD001_PHH_6H","1","NULL","tyrphostin-A9","epsilon","population"
"2","100826",-0.237869492470719,0.174,0.379723756906077,"CPD001_MCF7_24H:BRD-K77685957-300-06-7:10","MCF7","Dequalinium dichloride","BRD-K77685957","trt_cp",10,"24","h","CPD001_MCF7_24H","1","NULL","dequalinium","epsilon","population"
"314","7351",-0.223182747722625,0.203,0.440576923076923,"CPC004_HCC515_24H:BRD-K91290917-336-03-8:10","HCC515","Amodiaquin dihydrochloride dihydrate","BRD-K91290917","trt_cp",10,"24","h","CPC004_HCC515_24H","1","NULL","amodiaquine","epsilon","population"
"221","432499",-0.221137757947574,0.209,0.451120218579235,"BRAF001_A375_6H:BRD-K36862742-001-19-9:10","A375","hydro-flumethiazide","BRD-K36862742","trt_cp",10,"6","h","BRAF001_A375_6H","1","NULL","hydroflumethiazide","epsilon","population"
"6","102021",-0.218163227365681,0.213,0.457255434782609,"CPC018_NPC_24H:BRD-K51318897-001-07-0:10","NPC","-666","BRD-K51318897","trt_cp",10,"24","h","CPC018_NPC_24H","1","NULL","fenbendazole","epsilon","population"
"53","15788",-0.215188696783789,0.215,0.459054054054054,"CPC002_VCAP_24H:BRD-K59574735-001-05-0:10","VCAP","Bestatin","BRD-K59574735","trt_cp",10,"24","h","CPC002_VCAP_24H","1","NULL","ubenimex","epsilon","population"
"379","92637",-0.20803123257111,0.228,0.484193548387097,"CPC017_A549_24H:BRD-K60762818-003-15-3:10","A549","-666","BRD-K60762818","trt_cp",10,"24","h","CPC017_A549_24H","1","NULL","desipramine","epsilon","population"
"257","47964",-0.199386503067485,0.246,0.519625668449198,"CPC006_SNUC5_6H:BRD-K67868012-003-01-5:11.1","SNUC5","PI 103 hydrochloride","BRD-K67868012","trt_cp",11.1,"6","h","CPC006_SNUC5_6H","1","NULL","PI-103","epsilon","population"
"327","77201",-0.190741773563859,0.258,0.541832460732984,"CPC014_HEPG2_6H:BRD-A19500257:10","HEPG2","geldanamycin","BRD-A19500257","trt_cp",10,"6","h","CPC014_HEPG2_6H","1","NULL","geldanamycin","epsilon","population"
"306","72111",-0.189440416434282,0.261,0.541832460732984,"CPC014_A375_6H:BRD-K13514097-001-01-2:10","A375","S1120","BRD-K13514097","trt_cp",10,"6","h","CPC014_A375_6H","1","NULL","everolimus","epsilon","population"
"264","51538",-0.188603829708124,0.261,0.541832460732984,"CPC006_VCAP_6H:BRD-A23770159-001-02-3:11.1","VCAP","Rapamycin","BRD-A23770159","trt_cp",11.1,"6","h","CPC006_VCAP_6H","1","NULL","sirolimus","epsilon","population"
"262","5120",-0.183026584867076,0.262,0.541832460732984,"CPC004_HA1E_24H:BRD-K67439147-001-01-7:10","HA1E","SIB 1893","BRD-K67439147","trt_cp",10,"24","h","CPC004_HA1E_24H","1","NULL","SIB-1893","epsilon","population"
"134","3071",-0.18042387060792,0.267,0.548497409326425,"CPC003_HA1E_6H:BRD-K00312224-001-03-8:10","HA1E","PPT","BRD-K00312224","trt_cp",10,"6","h","CPC003_HA1E_6H","1","NULL","PPT","epsilon","population"
"113","24921",-0.179680237962447,0.268,0.548497409326425,"CPC006_HT29_24H:BRD-K21672174-001-02-2:160","HT29","Ro 28-1675 ?","BRD-K21672174","trt_cp",160,"24","h","CPC006_HT29_24H","1","NULL","RO-28-1675","epsilon","population"
"263","5127",-0.171965049265663,0.272,0.551809045226131,"CPC005_HA1E_24H:BRD-A52588987-004-04-1:10","HA1E","SKF 83566 hydrobromide","BRD-A52588987","trt_cp",10,"24","h","CPC005_HA1E_24H","1","NULL","SKF-83566","epsilon","population"
"147","322947",-0.169362335006507,0.273,0.551809045226131,"LJP001_BT20_24H:BRD-A79768653-001-05-4:0.4","BT20","Rapamycin:Sirolimus","BRD-A79768653","trt_cp",0.4,"24","h","LJP001_BT20_24H","1","NULL","sirolimus","epsilon","population"
"27","115027",-0.168246886038297,0.276,0.551809045226131,"DEB001_PC3_6H:BRD-A75409952-001-05-7:0.1","PC3","wortmannin","BRD-A75409952","trt_cp",0.1,"6","h","DEB001_PC3_6H","1","NULL","wortmannin","epsilon","population"
"319","74524",-0.16787506971556,0.276,0.551809045226131,"CPC015_ASC_24H:BRD-A78391468-001-01-0:10","ASC","-666","BRD-A78391468","trt_cp",10,"24","h","CPC015_ASC_24H","1","NULL","prednisolone","epsilon","population"
"76","17894",-0.166573712585982,0.277,0.551809045226131,"CPC006_A549_6H:BRD-K06854232-001-03-3:10","A549","AM580","BRD-K06854232","trt_cp",10,"6","h","CPC006_A549_6H","1","NULL","AM-580","epsilon","population"
"170","328452",-0.163970998326827,0.278,0.551809045226131,"LJP001_MDAMB231_6H:BRD-K79404599-001-05-1:10","MDAMB231","LY317615:Enzastaurin","BRD-K79404599","trt_cp",10,"6","h","LJP001_MDAMB231_6H","1","NULL","enzastaurin","epsilon","population"
"392","99010",-0.150492656627626,0.285,0.556418269230769,"CPD001_MCF7_6H:BRD-A32988684-003-07-9:10","MCF7","Heptaminol hydrochloride","BRD-A32988684","trt_cp",10,"6","h","CPD001_MCF7_6H","1","NULL","heptaminol","epsilon","population"
"107","23838",-0.1494701617401,0.286,0.556418269230769,"CPC006_HEPG2_6H:BRD-K64634304-001-01-5:40","HEPG2","Retinoic acid","BRD-K64634304","trt_cp",40,"6","h","CPC006_HEPG2_6H","1","NULL","tretinoin","epsilon","population"
"364","88365",-0.146123814835471,0.287,0.556418269230769,"CPC013_VCAP_24H:BRD-K11663430-001-01-5:10","VCAP","-666","BRD-K11663430","trt_cp",10,"24","h","CPC013_VCAP_24H","1","NULL","pyroxamide","epsilon","population"
"384","94908",-0.144171779141104,0.289,0.556418269230769,"CPC020_HCC515_6H:BRD-K92073408-001-10-8:10","HCC515","19-norethindrone","BRD-K92073408","trt_cp",10,"6","h","CPC020_HCC515_6H","1","NULL","norethisterone","epsilon","population"
"74","17775",-0.142405651608106,0.291,0.556418269230769,"CPC006_A375_24H:BRD-K41260949-236-02-8:10","A375","valproic acid","BRD-K41260949","trt_cp",10,"24","h","CPC006_A375_24H","1","NULL","valproic-acid","epsilon","population"
"285","61281",-0.139338166945529,0.291,0.556418269230769,"CPC013_HEPG2_6H:BRD-K31553034-001-01-4:10","HEPG2","S1456","BRD-K31553034","trt_cp",10,"6","h","CPC013_HEPG2_6H","1","NULL","zibotentan","epsilon","population"
"25","114769",-0.134504554749954,0.292,0.556418269230769,"CPD003_PC3_6H:BRD-K37682401-001-07-7:10","PC3","Piromidic acid","BRD-K37682401","trt_cp",10,"6","h","CPD003_PC3_6H","1","NULL","piromidic-acid","epsilon","population"
"135","31126",-0.131994794571482,0.292,0.556418269230769,"CPC005_PC3_24H:BRD-A19037878:10","PC3","trichostatin-a","BRD-A19037878","trt_cp",10,"24","h","CPC005_PC3_24H","1","NULL","trichostatin-a","epsilon","population"
"321","74751",-0.13060048336122,0.293,0.556418269230769,"CPC015_ASC_24H:BRD-K40887525-001-14-4:10","ASC","-666","BRD-K40887525","trt_cp",10,"24","h","CPC015_ASC_24H","1","NULL","ritanserin","epsilon","population"
"133","30482",-0.120933258970069,0.297,0.559739336492891,"CPC006_PC3_24H:BRD-K95609758-001-02-9:10","PC3","-666","BRD-K95609758","trt_cp",10,"24","h","CPC006_PC3_24H","1","NULL","BMS-191011","epsilon","population"
"312","73378",-0.115913738613125,0.299,0.559739336492891,"CPC015_A549_24H:BRD-A49160188-003-04-4:10","A549","-666","BRD-A49160188","trt_cp",10,"24","h","CPC015_A549_24H","1","NULL","donepezil","epsilon","population"
"203","35081",-0.115541922290389,0.299,0.559739336492891,"CPC005_VCAP_24H:BRD-A19500257:10","VCAP","geldanamycin","BRD-A19500257","trt_cp",10,"24","h","CPC005_VCAP_24H","1","NULL","geldanamycin","epsilon","population"
"58","166238",-0.109221044803867,0.302,0.561121495327103,"ERG005_VCAP_6H:BRD-K18910433-001-14-3:1","VCAP","estradiol","BRD-K18910433","trt_cp",1,"6","h","ERG005_VCAP_6H","1","NULL","estradiol","epsilon","population"
"199","338434",-0.108477412158394,0.303,0.561121495327103,"NMH001_NEU_6H:BRD-A19500257-001-03-9:10","NEU","geldanamycin","BRD-A19500257","trt_cp",10,"6","h","NMH001_NEU_6H","1","NULL","geldanamycin","epsilon","population"
"286","61382",-0.107361963190184,0.304,0.561121495327103,"CPC010_HEPG2_6H:BRD-A75769826-311-05-1:10","HEPG2","sdm25n","BRD-A75769826","trt_cp",10,"6","h","CPC010_HEPG2_6H","1","NULL","SDM25N","epsilon","population"
"342","80896",-0.10345789180145,0.31,0.562739726027397,"CPC016_MCF7_24H:BRD-K91699951-001-03-7:10","MCF7","-666","BRD-K91699951","trt_cp",10,"24","h","CPC016_MCF7_24H","1","NULL","benzonatate","epsilon","population"
"224","434578",-0.102993121398029,0.31,0.562739726027397,"HOG002_A549_6H:BRD-K12762134-001-01-3:3.7","A549","-666","BRD-K12762134","trt_cp",3.7,"6","h","HOG002_A549_6H","1","NULL","XAV-939","epsilon","population"
"112","24896",-0.10187767242982,0.31,0.562739726027397,"CPC006_HT29_24H:BRD-K06980535-003-15-0:10","HT29","PROMAZINE HYDROCHLORIDE","BRD-K06980535","trt_cp",10,"24","h","CPC006_HT29_24H","1","NULL","promazine","epsilon","population"
"361","87735",-0.0997397285740845,0.311,0.562739726027397,"CPC014_VCAP_6H:BRD-K68174511-001-01-7:10","VCAP","-666","BRD-K68174511","trt_cp",10,"6","h","CPC014_VCAP_6H","1","NULL","torin-2","epsilon","population"
"93","21390",-0.097508830637665,0.312,0.562739726027397,"CPC006_HA1E_6H:BRD-K89732114-001-05-9:10","HA1E","trifluoperazine","BRD-K89732114","trt_cp",10,"6","h","CPC006_HA1E_6H","1","NULL","trifluoperazine","epsilon","population"
"354","85976",-0.0943483918944041,0.318,0.568371040723982,"CPC014_PHH_24H:BRD-K99291625-001-06-4:10","PHH","EI-286","BRD-K99291625","trt_cp",10,"24","h","CPC014_PHH_24H","1","NULL","SB-203580","epsilon","population"
"55","165985",-0.0936977133296152,0.318,0.568371040723982,"ERG011_VCAP_6H:BRD-K57080016-001-09-2:0.4","VCAP","AZD-6244","BRD-K57080016","trt_cp",0.4,"6","h","ERG011_VCAP_6H","1","NULL","selumetinib","epsilon","population"
"54","1627",-0.0933258970068785,0.32,0.568587443946188,"CPC005_A549_24H:BRD-A85472596-001-01-4:10","A549","L 670596","BRD-A85472596","trt_cp",10,"24","h","CPC005_A549_24H","1","NULL","L-670596","epsilon","population"
"225","435282",-0.0909090909090909,0.321,0.568587443946188,"HOG002_A549_6H:BRD-K15108141-001-01-7:3.7","A549","gemcitabine","BRD-K15108141","trt_cp",3.7,"6","h","HOG002_A549_6H","1","NULL","gemcitabine","epsilon","population"
"230","436078",-0.081799591002045,0.329,0.579449339207048,"CPC006_H1299_6H:BRD-K70792160-003-02-0:24","H1299","Akt inhibitor X","BRD-K70792160","trt_cp",24,"6","h","CPC006_H1299_6H","1","NULL","10-DEBC","epsilon","population"
"260","5007",-0.0795686930656255,0.331,0.579449339207048,"CPC004_HA1E_24H:BRD-K82941592-238-02-9:10","HA1E","ROSUVASTATIN CALCIUM","BRD-K82941592","trt_cp",10,"24","h","CPC004_HA1E_24H","1","NULL","rosuvastatin","epsilon","population"
"357","86394",-0.0783602900167317,0.332,0.579449339207048,"CPC016_SKB_24H:BRD-A94669766-001-04-2:10","SKB","-666","BRD-A94669766","trt_cp",10,"24","h","CPC016_SKB_24H","1","NULL","naringenin","epsilon","population"
"50","151995",-0.0771518869678379,0.333,0.579449339207048,"DOS050_MCF7_24H:BRD-A75409952:10","MCF7","wortmannin","BRD-A75409952","trt_cp",10,"24","h","DOS050_MCF7_24H","1","NULL","wortmannin","epsilon","population"
"301","71138",-0.068786019706265,0.344,0.594217391304348,"CPC016_A375_6H:BRD-A19661776-003-13-6:10","A375","-666","BRD-A19661776","trt_cp",10,"6","h","CPC016_A375_6H","1","NULL","mianserin","epsilon","population"
"311","73325",-0.068042387060792,0.345,0.594217391304348,"CPC015_A549_24H:BRD-A29437505-001-01-6:10","A549","-666","BRD-A29437505","trt_cp",10,"24","h","CPC015_A549_24H","1","NULL","RWJ-21757","epsilon","population"
"223","434321",-0.0669269380925823,0.346,0.594217391304348,"HOG001_A549_24H:BRD-A45889380-300-04-8:10","A549","quinacrine","BRD-A45889380","trt_cp",10,"24","h","HOG001_A549_24H","1","NULL","mepacrine","epsilon","population"
"49","1502",-0.063487637107269,0.351,0.599310344827586,"CPC005_A549_24H:BRD-K54095730-001-01-5:10","A549","CMPD-1","BRD-K54095730","trt_cp",10,"24","h","CPC005_A549_24H","1","NULL","CMPD-1","epsilon","population"
"110","2450",-0.062186279977691,0.352,0.599310344827586,"CPC004_HA1E_6H:BRD-K09602097-001-04-5:10","HA1E","Forskolin","BRD-K09602097","trt_cp",10,"6","h","CPC004_HA1E_6H","1","NULL","forskolin","epsilon","population"
"227","435461",-0.0555865402491169,0.364,0.617081545064378,"HOG003_A549_6H:BRD-A61304759-001-01-0:10","A549","tanespimycin","BRD-A61304759","trt_cp",10,"6","h","HOG003_A549_6H","1","NULL","tanespimycin","epsilon","population"
"123","27997",-0.051031790295594,0.37,0.62457264957265,"CPC006_NCIH2073_6H:BRD-K00615600-001-06-1:25","NCIH2073","AG14361","BRD-K00615600","trt_cp",25,"6","h","CPC006_NCIH2073_6H","1","NULL","AG-14361","epsilon","population"
"277","56955",-0.0407138873396542,0.393,0.660574468085106,"CPC013_A549_24H:BRD-K47832606-001-13-7:10","A549","S1299","BRD-K47832606","trt_cp",10,"24","h","CPC013_A549_24H","1","NULL","floxuridine","epsilon","population"
"44","14634",-0.0339282394497119,0.413,0.69125,"CPC004_VCAP_6H:BRD-A97104540-004-08-5:10","VCAP","FENOTEROL HYDROBROMIDE","BRD-A97104540","trt_cp",10,"6","h","CPC004_VCAP_6H","1","NULL","fenoterol","epsilon","population"
"243","442419",-0.0267707752370329,0.436,0.726666666666667,"HOG001_MCF7_24H:BRD-K68202742-001-10-8:0.1235","MCF7","trichostatin-a","BRD-K68202742","trt_cp",0.1235,"24","h","HOG001_MCF7_24H","1","NULL","trichostatin-a","epsilon","population"
"15","105072",-0.0201710355084588,0.444,0.736890756302521,"CPC017_SKB_24H:BRD-K21667562-001-01-4:10","SKB","-666","BRD-K21667562","trt_cp",10,"24","h","CPC017_SKB_24H","1","NULL","AM-404","epsilon","population"
"307","72263",-0.00585610708310097,0.489,0.808179916317992,"CPC016_A549_6H:BRD-A35588707-001-03-0:10","A549","-666","BRD-A35588707","trt_cp",10,"6","h","CPC016_A549_6H","1","NULL","teniposide","epsilon","population"
"350","84351",-0.00288157650120846,0.5,0.822916666666667,"CPC014_PC3_6H:BRD-K94294671-003-01-3:10","PC3","A-1065","BRD-K94294671","trt_cp",10,"6","h","CPC014_PC3_6H","1","NULL","OSI-027","epsilon","population"
"120","26757",-0.00158021937163044,0.505,0.827697095435685,"CPC006_MCF7_24H:BRD-K32107296-001-03-7:10","MCF7","Temozolomide","BRD-K32107296","trt_cp",10,"24","h","CPC006_MCF7_24H","1","NULL","temozolomide","epsilon","population"
"254","452429",0.000836586726157218,0.511,0.834070247933884,"ERG015_VCAP_24H:BRD-A19037878-001-01-5:0.4","VCAP","trichostatin-a","BRD-A19037878","trt_cp",0.4,"24","h","ERG015_VCAP_24H","1","NULL","trichostatin-a","epsilon","population"
"371","902",0.00353225506599736,0.521,0.846893004115226,"CPC005_A375_24H:BRD-A72711497-236-02-0:10","A375","LASALOCID SODIUM","BRD-A72711497","trt_cp",10,"24","h","CPC005_A375_24H","1","NULL","lasalocid","epsilon","population"
"217","4106",0.00381111730804984,0.524,0.84827868852459,"CPC001_HA1E_24H:BRD-K23478508-001-03-7:10","HA1E","Digoxin","BRD-K23478508","trt_cp",10,"24","h","CPC001_HA1E_24H","1","NULL","digoxin","epsilon","population"
"131","30092",0.0115263060048336,0.547,0.881897959183674,"CPC006_PC3_6H:BRD-K16406336-311-01-2:10","PC3","METHYLENE BLUE","BRD-K16406336","trt_cp",10,"6","h","CPC006_PC3_6H","1","NULL","methylene-blue","epsilon","population"
"265","51912",0.0211005763153003,0.57,0.915243902439024,"CPC006_VCAP_24H:BRD-K53414658-001-01-7:10","VCAP","-666","BRD-K53414658","trt_cp",10,"24","h","CPC006_VCAP_24H","1","NULL","tivozanib","epsilon","population"
"284","61172",0.0227737497676148,0.574,0.917935222672065,"CPC013_HEPG2_6H:BRD-K87909389-001-02-0:10","HEPG2","HY-10005","BRD-K87909389","trt_cp",10,"6","h","CPC013_HEPG2_6H","1","NULL","alvocidib","epsilon","population"
"7","10209",0.027421453801822,0.584,0.930161290322581,"CPC004_MCF7_6H:BRD-K98490050-001-01-8:10","MCF7","AMSACRINE","BRD-K98490050","trt_cp",10,"6","h","CPC004_MCF7_6H","1","NULL","amsacrine","epsilon","population"
"205","355911",0.0317902955939766,0.595,0.943875502008032,"NMH002_NPC_24H:BRD-K64994968-001-24-2:10","NPC","Progesterone","BRD-K64994968","trt_cp",10,"24","h","NMH002_NPC_24H","1","NULL","progesterone","epsilon","population"
"167","327264",0.0365309537088679,0.61,0.9638,"LJP001_MCF7_24H:BRD-K13390322-001-02-2:2","MCF7","AT-7519:AT 7519","BRD-K13390322","trt_cp",2,"24","h","LJP001_MCF7_24H","1","NULL","AT-7519","epsilon","population"
"24","113064",0.0394125302100762,0.613,0.964681274900398,"CPD003_MCF7_24H:BRD-K22901619-001-01-9:10","MCF7","Norgestimate","BRD-K22901619","trt_cp",10,"24","h","CPD003_MCF7_24H","1","NULL","norgestimate","epsilon","population"
"377","91870",0.0413645659044432,0.617,0.967123015873016,"CPC020_A549_6H:BRD-K81418486:10","A549","vorinostat","BRD-K81418486","trt_cp",10,"6","h","CPC020_A549_6H","1","NULL","vorinostat","epsilon","population"
"70","17565",0.0597694738799033,0.652,0.970762711864407,"CPC006_A375_24H:BRD-K92241597-001-02-9:80","A375","CHR 2797","BRD-K92241597","trt_cp",80,"24","h","CPC006_A375_24H","1","NULL","tosedostat","epsilon","population"
"261","51002",0.0633017289459007,0.657,0.970762711864407,"CPC006_VCAP_6H:BRD-K08703257-001-06-3:36.72","VCAP","Aminobenzamide (3-ABA) [3-aminobenzamide (3-ABA)]","BRD-K08703257","trt_cp",36.72,"6","h","CPC006_VCAP_6H","1","NULL","3-amino-benzamide","epsilon","population"
"250","4474",0.0742703104666295,0.668,0.970762711864407,"CPC001_HA1E_24H:BRD-A43930669-003-01-0:10","HA1E","L 368899 hydrochloride","BRD-A43930669","trt_cp",10,"24","h","CPC001_HA1E_24H","1","NULL","L-368899","epsilon","population"
"102","23555",0.0789180145008367,0.674,0.970762711864407,"CPC006_HEC108_6H:BRD-K81418486-001-13-7:11.1","HEC108","vorinostat","BRD-K81418486","trt_cp",11.1,"6","h","CPC006_HEC108_6H","1","NULL","vorinostat","epsilon","population"
"245","442656",0.0793827849042573,0.674,0.970762711864407,"HOG002_MCF7_6H:BRD-K18910433-001-19-2:0.0045","MCF7","17b-estradiol","BRD-K18910433","trt_cp",0.0045,"6","h","HOG002_MCF7_6H","1","NULL","estradiol","epsilon","population"
"47","149737",0.079847555307678,0.675,0.970762711864407,"DOS049_HT29_24H:BRD-A19037878:10","HT29","trichostatin-a","BRD-A19037878","trt_cp",10,"24","h","DOS049_HT29_24H","1","NULL","trichostatin-a","epsilon","population"
"141","32248",0.0826361777282023,0.68,0.970762711864407,"CPC006_SKLU1_6H:BRD-K28907958-001-02-7:11.1","SKLU1","-666","BRD-K28907958","trt_cp",11.1,"6","h","CPC006_SKLU1_6H","1","NULL","CD-437","epsilon","population"
"80","18378",0.0843093511805169,0.68,0.970762711864407,"CPC006_A549_24H:BRD-A12230535-001-02-6:44.4","A549","Nutlin-3","BRD-A12230535","trt_cp",44.4,"24","h","CPC006_A549_24H","1","NULL","nutlin-3","epsilon","population"
"38","137934",0.0857036623907789,0.683,0.970762711864407,"DOS020_VCAP_24H:BRD-A79768653:10","VCAP","sirolimus","BRD-A79768653","trt_cp",10,"24","h","DOS020_VCAP_24H","1","NULL","sirolimus","epsilon","population"
"36","130411",0.0885852388919873,0.687,0.970762711864407,"DOS030_VCAP_6H:BRD-A19037878:10","VCAP","trichostatin-a","BRD-A19037878","trt_cp",10,"6","h","DOS030_VCAP_6H","1","NULL","trichostatin-a","epsilon","population"
"150","323398",0.0898865960215654,0.687,0.970762711864407,"LJP001_HS578T_6H:BRD-K49669041-001-03-5:10","HS578T","BX-912","BRD-K49669041","trt_cp",10,"6","h","LJP001_HS578T_6H","1","NULL","BX-912","epsilon","population"
"106","23825",0.0927681725227738,0.688,0.970762711864407,"CPC006_HEPG2_6H:BRD-K66874953-004-02-1:69.83","HEPG2","Pifithrin-a","BRD-K66874953","trt_cp",69.83,"6","h","CPC006_HEPG2_6H","1","NULL","pifithrin-alpha","epsilon","population"
"302","71176",0.0950920245398773,0.688,0.970762711864407,"CPC015_A375_6H:BRD-A34205397-001-03-7:10","A375","-666","BRD-A34205397","trt_cp",10,"6","h","CPC015_A375_6H","1","NULL","suloctidil","epsilon","population"
"117","25978",0.0989960959286113,0.69,0.970762711864407,"CPC005_MCF7_6H:BRD-A76941896-003-02-0:10","MCF7","Doxorubicin hydrochloride","BRD-A76941896","trt_cp",10,"6","h","CPC005_MCF7_6H","1","NULL","doxorubicin","epsilon","population"
"22","112059",0.0990890500092954,0.69,0.970762711864407,"CPD002_MCF7_6H:BRD-K78643075-001-08-2:10","MCF7","Bromperidol","BRD-K78643075","trt_cp",10,"6","h","CPD002_MCF7_6H","1","NULL","bromperidol","epsilon","population"
"395","99987",0.108570366239078,0.692,0.970762711864407,"CPC018_MCF7_24H:BRD-K33882852-003-01-0:10","MCF7","-666","BRD-K33882852","trt_cp",10,"24","h","CPC018_MCF7_24H","1","NULL","ZK-93423","epsilon","population"
"39","13906",0.10996467744934,0.693,0.970762711864407,"CPC004_PC3_24H:BRD-A35588707-001-03-0:10","PC3","TENIPOSIDE","BRD-A35588707","trt_cp",10,"24","h","CPC004_PC3_24H","1","NULL","teniposide","epsilon","population"
"61","167286",0.113682840676706,0.696,0.970762711864407,"ERG011_VCAP_24H:BRD-K56851771-001-04-3:0.4","VCAP","enzalutamide","BRD-K56851771","trt_cp",0.4,"24","h","ERG011_VCAP_24H","1","NULL","enzalutamide","epsilon","population"
"220","432483",0.126324595649749,0.701,0.970762711864407,"BRAF001_A375_6H:BRD-K09951645-001-02-7:10","A375","dabrafenib","BRD-K09951645","trt_cp",10,"6","h","BRAF001_A375_6H","1","NULL","dabrafenib","epsilon","population"
"143","322582",0.130228667038483,0.703,0.970762711864407,"LJP002_BT20_24H:BRD-K70401845-001-04-1:0.08","BT20","Erlotinib;OSI-774","BRD-K70401845","trt_cp",0.08,"24","h","LJP002_BT20_24H","1","NULL","erlotinib","epsilon","population"
"232","436289",0.130414575199851,0.703,0.970762711864407,"CPC006_H1299_6H:BRD-K15108141-001-01-7:0.08","H1299","gemcitabine","BRD-K15108141","trt_cp",0.08,"6","h","CPC006_H1299_6H","1","NULL","gemcitabine","epsilon","population"
"122","2796",0.134225692507901,0.704,0.970762711864407,"CPC004_HA1E_6H:BRD-A31204924-001-07-6:10","HA1E","MITOTANE","BRD-A31204924","trt_cp",10,"6","h","CPC004_HA1E_6H","1","NULL","mitotane","epsilon","population"
"9","103242",0.134504554749954,0.705,0.970762711864407,"CPC020_PC3_24H:BRD-K51418664-001-02-0:10","PC3","-666","BRD-K51418664","trt_cp",10,"24","h","CPC020_PC3_24H","1","NULL","mitomycin-c","epsilon","population"
"317","74181",0.134783416992006,0.705,0.970762711864407,"CPC014_A549_24H:BRD-K83963101-001-01-0:10","A549","HY-10180","BRD-K83963101","trt_cp",10,"24","h","CPC014_A549_24H","1","NULL","MLN-8054","epsilon","population"
"236","440994",0.139709983268265,0.705,0.970762711864407,"HOG001_MCF7_24H:BRD-A36630025-001-02-6:0.13704","MCF7","-666","BRD-A36630025","trt_cp",0.13704,"24","h","HOG001_MCF7_24H","1","NULL","SN-38","epsilon","population"
"163","326938",0.140360661833055,0.705,0.970762711864407,"LJP001_MCF7_6H:BRD-K51313569-001-03-7:0.4","MCF7","PD0332991","BRD-K51313569","trt_cp",0.4,"6","h","LJP001_MCF7_6H","1","NULL","palbociclib","epsilon","population"
"295","6670",0.142312697527421,0.705,0.970762711864407,"CPC002_HCC515_6H:BRD-K91509126-001-04-6:10","HCC515","PICEATANNOL","BRD-K91509126","trt_cp",10,"6","h","CPC002_HCC515_6H","1","NULL","piceatannol","epsilon","population"
"28","115202",0.142684513850158,0.705,0.970762711864407,"CPD002_PC3_24H:BRD-A19952358-001-07-1:10","PC3","Closantel","BRD-A19952358","trt_cp",10,"24","h","CPD002_PC3_24H","1","NULL","closantel","epsilon","population"
"206","35683",0.147053355642313,0.706,0.970762711864407,"CPC007_A375_6H:BRD-K03067624-003-19-3:10","A375","EMETINE HYDROCHLORIDE","BRD-K03067624","trt_cp",10,"6","h","CPC007_A375_6H","1","NULL","emetine","epsilon","population"
"148","323341",0.147146309722997,0.706,0.970762711864407,"LJP001_HS578T_6H:BRD-K19540840-001-04-5:0.08","HS578T","AZD0530:Saracatinib","BRD-K19540840","trt_cp",0.08,"6","h","LJP001_HS578T_6H","1","NULL","saracatinib","epsilon","population"
"77","18016",0.147332217884365,0.706,0.970762711864407,"CPC006_A549_6H:BRD-A12230535-001-02-6:44.4","A549","Nutlin-3","BRD-A12230535","trt_cp",44.4,"6","h","CPC006_A549_6H","1","NULL","nutlin-3","epsilon","population"
"151","32360",0.148261758691207,0.706,0.970762711864407,"CPC006_SKLU1_6H:BRD-K23363278-001-01-3:1","SKLU1","CYT997","BRD-K23363278","trt_cp",1,"6","h","CPC006_SKLU1_6H","1","NULL","CYT-997","epsilon","population"
"40","13993",0.14900539133668,0.706,0.970762711864407,"CPC003_PC3_24H:BRD-A60414806-065-01-6:10","PC3","VINCRISTINE SULFATE","BRD-A60414806","trt_cp",10,"24","h","CPC003_PC3_24H","1","NULL","vincristine","epsilon","population"
"136","3160",0.149841978062837,0.706,0.970762711864407,"CPC002_HA1E_6H:BRD-K97399794-001-08-8:10","HA1E","Quercetin","BRD-K97399794","trt_cp",10,"6","h","CPC002_HA1E_6H","1","NULL","quercetin","epsilon","population"
"358","8675",0.15867261572783,0.711,0.970762711864407,"CPC003_HCC515_24H:BRD-K08996725-313-01-7:10","HCC515","Zolantidine dimaleate","BRD-K08996725","trt_cp",10,"24","h","CPC003_HCC515_24H","1","NULL","zolantidine","epsilon","population"
"91","20803",0.159602156534672,0.713,0.970762711864407,"CPC006_EFO27_6H:BRD-K64890080-001-03-9:10","EFO27","BI 2536","BRD-K64890080","trt_cp",10,"6","h","CPC006_EFO27_6H","1","NULL","BI-2536","epsilon","population"
"383","94810",0.16090351366425,0.713,0.970762711864407,"CPC020_HCC515_6H:BRD-K79602928-003-10-8:10","HCC515","-666","BRD-K79602928","trt_cp",10,"6","h","CPC020_HCC515_6H","1","NULL","metformin","epsilon","population"
"274","54506",0.167131437070087,0.714,0.970762711864407,"CPC011_A375_6H:BRD-K55696337-003-16-0:10","A375","topotecan hcl","BRD-K55696337","trt_cp",10,"6","h","CPC011_A375_6H","1","NULL","topotecan","epsilon","population"
"210","365945",0.167875069715561,0.717,0.970762711864407,"RAD001_PC3_6H:BRD-K37890730-001-10-2:10","PC3","CAMPTOTHECIN","BRD-K37890730","trt_cp",10,"6","h","RAD001_PC3_6H","1","NULL","camptothecin","epsilon","population"
"178","329323",0.168339840118981,0.718,0.970762711864407,"LJP001_MDAMB231_24H:BRD-K64800655-001-03-3:10","MDAMB231","PHA-793887","BRD-K64800655","trt_cp",10,"24","h","LJP001_MDAMB231_24H","1","NULL","PHA-793887","epsilon","population"
"332","78633",0.17168618702361,0.725,0.970762711864407,"CPC015_HT29_6H:BRD-A06352418-001-15-0:10","HT29","TERFENADINE","BRD-A06352418","trt_cp",10,"6","h","CPC015_HT29_6H","1","NULL","terfenadine","epsilon","population"
"246","443243",0.172058003346347,0.725,0.970762711864407,"HOG002_MCF7_6H:BRD-A19500257-001-01-3:3.33","MCF7","geldanamycin","BRD-A19500257","trt_cp",3.33,"6","h","HOG002_MCF7_6H","1","NULL","geldanamycin","epsilon","population"
"272","54292",0.172615727830452,0.725,0.970762711864407,"CPC010_A375_6H:BRD-K10860596-003-06-3:10","A375","granisetron hcl","BRD-K10860596","trt_cp",10,"6","h","CPC010_A375_6H","1","NULL","granisetron","epsilon","population"
"195","335802",0.178843651236289,0.73,0.973535353535354,"MUC.CP003_MCF7_24H:BRD-K02407574-001-04-8:0.3704","MCF7","-666","BRD-K02407574","trt_cp",0.3704,"24","h","MUC.CP003_MCF7_24H","1","NULL","parbendazole","epsilon","population"
"318","74194",0.182097044060234,0.732,0.973535353535354,"CPC014_A549_24H:BRD-K49669041-001-02-7:10","A549","HY-11005","BRD-K49669041","trt_cp",10,"24","h","CPC014_A549_24H","1","NULL","BX-912","epsilon","population"
"41","14120",0.185722253206916,0.735,0.973628762541806,"ASG001_PC3_24H:BRD-A61304759-001-01-0:10","PC3","tanespimycin","BRD-A61304759","trt_cp",10,"24","h","ASG001_PC3_24H","1","NULL","tanespimycin","epsilon","population"
"324","76274",0.186837702175126,0.737,0.973628762541806,"CPC016_HEPG2_6H:BRD-A64977602-001-04-3:10","HEPG2","-666","BRD-A64977602","trt_cp",10,"6","h","CPC016_HEPG2_6H","1","NULL","mirtazapine","epsilon","population"
"20","111544",0.192879717419595,0.745,0.980916666666667,"CVD001_HUH7_24H:BRD-K47869605-001-18-9:2.5","HUH7","-666","BRD-K47869605","trt_cp",2.5,"24","h","CVD001_HUH7_24H","1","NULL","podophyllotoxin","epsilon","population"
"16","1064",0.214352110057632,0.781,1,"CPC005_A375_24H:BRD-A62021152-003-01-8:10","A375","WAY 161503 hydrochloride","BRD-A62021152","trt_cp",10,"24","h","CPC005_A375_24H","1","NULL","WAY-161503","epsilon","population"
"381","9316",0.218070273284997,0.791,1,"CPC004_HT29_6H:BRD-K14920963-304-01-9:10","HT29","ERYTHROSINE SODIUM","BRD-K14920963","trt_cp",10,"6","h","CPC004_HT29_6H","1","NULL","erythrosine","epsilon","population"
"336","79705",0.219371630414575,0.793,1,"CPC014_MCF7_6H:BRD-K43164539-001-05-7:10","MCF7","BL-051","BRD-K43164539","trt_cp",10,"6","h","CPC014_MCF7_6H","1","NULL","cholic-acid","epsilon","population"
"333","78856",0.225971370143149,0.81,1,"CPC016_MCF7_6H:BRD-A82656074-003-01-2:10","MCF7","-666","BRD-A82656074","trt_cp",10,"6","h","CPC016_MCF7_6H","1","NULL","naltrindole","epsilon","population"
"387","96274",0.228388176240937,0.816,1,"CPC018_HT29_6H:BRD-A46747628-001-01-9:10","HT29","-666","BRD-A46747628","trt_cp",10,"6","h","CPC018_HT29_6H","1","NULL","ouabain","epsilon","population"
"366","88643",0.231455660903514,0.824,1,"CPC014_VCAP_24H:BRD-K84937637-001-03-2:10","VCAP","A-275","BRD-K84937637","trt_cp",10,"24","h","CPC014_VCAP_24H","1","NULL","sirolimus","epsilon","population"
"86","19954",0.239077895519613,0.844,1,"CPC006_CORL23_6H:BRD-A75409952:10","CORL23","wortmannin","BRD-A75409952","trt_cp",10,"6","h","CPC006_CORL23_6H","1","NULL","wortmannin","epsilon","population"
"142","322559",0.241215839375349,0.849,1,"LJP001_BT20_24H:BRD-K49328571-001-06-9:10","BT20","Dasatinib:BMS-354825, Sprycel, BMS354825","BRD-K49328571","trt_cp",10,"24","h","LJP001_BT20_24H","1","NULL","dasatinib","epsilon","population"
"290","66118",0.246328313812976,0.858,1,"CPC010_PC3_6H:BRD-K70578146-001-03-4:10","PC3","dactinomycin","BRD-K70578146","trt_cp",10,"6","h","CPC010_PC3_6H","1","NULL","dactinomycin","epsilon","population"
"33","11905",0.249116936233501,0.862,1,"CPC002_PC3_6H:BRD-K60640630-001-03-7:10","PC3","Mometasone furoate","BRD-K60640630","trt_cp",10,"6","h","CPC002_PC3_6H","1","NULL","mometasone","epsilon","population"
"130","30026",0.25246328313813,0.867,1,"CPC006_PC3_6H:BRD-K74305673-001-01-3:10","PC3","IMD 0354","BRD-K74305673","trt_cp",10,"6","h","CPC006_PC3_6H","1","NULL","IKK-2-inhibitor-V","epsilon","population"
"51","153873",0.265848670756646,0.885,1,"DOS046_PC3_24H:BRD-A19500257:10","PC3","geldanamycin","BRD-A19500257","trt_cp",10,"24","h","DOS046_PC3_24H","1","NULL","geldanamycin","epsilon","population"
"21","112044",0.277096114519427,0.901,1,"CPD002_MCF7_6H:BRD-K72723676-003-12-9:10","MCF7","Benzethonium chloride","BRD-K72723676","trt_cp",10,"6","h","CPD002_MCF7_6H","1","NULL","benzethonium","epsilon","population"
"328","77477",0.282022680795687,0.907,1,"CPC016_HT29_6H:BRD-K06543683-066-01-3:10","HT29","-666","BRD-K06543683","trt_cp",10,"6","h","CPC016_HT29_6H","1","NULL","bisindolylmaleimide-ix","epsilon","population"
"144","322781",0.28388176240937,0.908,1,"LJP001_BT20_24H:BRD-K79404599-001-05-1:0.4","BT20","LY317615:Enzastaurin","BRD-K79404599","trt_cp",0.4,"24","h","LJP001_BT20_24H","1","NULL","enzastaurin","epsilon","population"
"270","5365",0.284811303216211,0.908,1,"CPC001_HA1E_24H:BRD-K05151076-001-01-8:10","HA1E","ZK 164015","BRD-K05151076","trt_cp",10,"24","h","CPC001_HA1E_24H","1","NULL","ZK-164015","epsilon","population"
"347","83210",0.292712400074363,0.92,1,"CPC015_NPC_24H:BRD-K66353228-001-08-8:10","NPC","-666","BRD-K66353228","trt_cp",10,"24","h","CPC015_NPC_24H","1","NULL","zoxazolamine","epsilon","population"
"255","453999",0.2930842163971,0.92,1,"ERG012_VCAP_6H:BRD-K81418486-001-15-2:0.08","VCAP","vorinostat","BRD-K81418486","trt_cp",0.08,"6","h","ERG012_VCAP_6H","1","NULL","vorinostat","epsilon","population"
"355","8611",0.310559583565719,0.947,1,"CPC001_HCC515_24H:BRD-A14574269-051-01-4:10","HCC515","UB 165 fumarate","BRD-A14574269","trt_cp",10,"24","h","CPC001_HCC515_24H","1","NULL","UB-165","epsilon","population"
"12","103944",0.315393195761294,0.955,1,"CPC020_PC3_24H:BRD-K21680192-003-15-1:10","PC3","mitoxantrone","BRD-K21680192","trt_cp",10,"24","h","CPC020_PC3_24H","1","NULL","mitoxantrone","epsilon","population"
"37","13719",0.316601598810188,0.955,1,"CPC003_PC3_24H:BRD-K15588452-003-01-9:10","PC3","R-96544 hydrochloride","BRD-K15588452","trt_cp",10,"24","h","CPC003_PC3_24H","1","NULL","R-96544","epsilon","population"
"385","94922",0.328499721137758,0.964,1,"CPC020_HCC515_6H:BRD-K55044200-001-11-2:10","HCC515","amoxicillin crystalline","BRD-K55044200","trt_cp",10,"6","h","CPC020_HCC515_6H","1","NULL","amoxicillin","epsilon","population"
"280","5910",0.333984011898122,0.973,1,"CPC002_HCC515_6H:BRD-K18619710-001-03-7:10","HCC515","Digoxigenin","BRD-K18619710","trt_cp",10,"6","h","CPC002_HCC515_6H","1","NULL","digoxigenin","epsilon","population"
"352","85187",0.334076965978807,0.973,1,"CPC013_PC3_24H:BRD-K49328571-001-04-4:10","PC3","HY-10181","BRD-K49328571","trt_cp",10,"24","h","CPC013_PC3_24H","1","NULL","dasatinib","epsilon","population"
"116","25484",0.335657185350437,0.974,1,"CPC006_LOVO_6H:BRD-K02113016-001-01-4:44.4","LOVO","AZD2281 (KU59436)","BRD-K02113016","trt_cp",44.4,"6","h","CPC006_LOVO_6H","1","NULL","olaparib","epsilon","population"
"5","101765",0.345975088306377,0.981,1,"CPC018_NPC_24H:BRD-K08640512-003-01-5:10","NPC","-666","BRD-K08640512","trt_cp",10,"24","h","CPC018_NPC_24H","1","NULL","RS-100329","epsilon","population"
"335","79376",0.361498419780628,0.987,1,"CPC015_MCF7_6H:BRD-K81839095-001-04-6:10","MCF7","-666","BRD-K81839095","trt_cp",10,"6","h","CPC015_MCF7_6H","1","NULL","estrone","epsilon","population"
"109","24266",0.369957241122885,0.99,1,"CPC006_HT115_6H:BRD-A62025033-001-01-8:10","HT115","temsirolimus [CI779]","BRD-A62025033","trt_cp",10,"6","h","CPC006_HT115_6H","1","NULL","temsirolimus","epsilon","population"
"294","66396",0.372281093139989,0.99,1,"CPC011_PC3_6H:BRD-A41450521-075-09-0:10","PC3","tosufloxacin","BRD-A41450521","trt_cp",10,"6","h","CPC011_PC3_6H","1","NULL","tosufloxacin","epsilon","population"
"11","103714",0.382598996095929,0.991,1,"CPD001_PC3_24H:BRD-K21680192-300-11-0:10","PC3","Mitoxantrone dihydrochloride","BRD-K21680192","trt_cp",10,"24","h","CPD001_PC3_24H","1","NULL","mitoxantrone","epsilon","population"
"214","39374",0.385201710355085,0.992,1,"CPC009_HA1E_6H:BRD-A74500471-001-14-8:10","HA1E","ethambutol","BRD-A74500471","trt_cp",10,"6","h","CPC009_HA1E_6H","1","NULL","ethambutol","epsilon","population"
"268","52694",0.386688975646031,0.992,1,"CPC006_VCAP_24H:BRD-K76703230-001-01-3:0.31","VCAP","YM-155","BRD-K76703230","trt_cp",0.31,"24","h","CPC006_VCAP_24H","1","NULL","YM-155","epsilon","population"
"87","20084",0.38733965421082,0.992,1,"CPC006_COV644_6H:BRD-K88510285-001-01-2:0.04","COV644","B675700.cdx","BRD-K88510285","trt_cp",0.04,"6","h","CPC006_COV644_6H","1","NULL","bortezomib","epsilon","population"
"298","700",0.389849414389292,0.993,1,"CPC005_A375_6H:BRD-K48300629-001-03-8:10","A375","Zonisamide","BRD-K48300629","trt_cp",10,"6","h","CPC005_A375_6H","1","NULL","zonisamide","epsilon","population"
"308","73004",0.396728016359918,0.993,1,"CPC014_A549_6H:BRD-A52886023-001-01-7:10","A549","A8674","BRD-A52886023","trt_cp",10,"6","h","CPC014_A549_6H","1","NULL","antimycin-a","epsilon","population"
"322","76048",0.40416434281465,0.993,1,"CPC014_HCC515_6H:BRD-K86930074-001-01-9:10","HCC515","S1017","BRD-K86930074","trt_cp",10,"6","h","CPC014_HCC515_6H","1","NULL","cediranib","epsilon","population"
"192","334218",0.40574456218628,0.993,1,"MUC.CP006_MCF7_6H:BRD-K49049886-001-03-8:20","MCF7","CGS-15943","BRD-K49049886","trt_cp",20,"6","h","MUC.CP006_MCF7_6H","1","NULL","CGS-15943","epsilon","population"
"238","441054",0.406767057073806,0.994,1,"HOG003_MCF7_24H:BRD-K73319509-001-02-3:3.33","MCF7","-666","BRD-K73319509","trt_cp",3.33,"24","h","HOG003_MCF7_24H","1","NULL","PF-04217903","epsilon","population"
"34","12134",0.417177914110429,0.995,1,"CPC004_PC3_6H:BRD-K96799727-001-01-7:10","PC3","Pifithrin- ?","BRD-K96799727","trt_cp",10,"6","h","CPC004_PC3_6H","1","NULL","pifithrin-mu","epsilon","population"
"275","54546",0.435768730247258,0.998,1,"CPC011_A375_6H:BRD-A75409952:10","A375","wortmannin","BRD-A75409952","trt_cp",10,"6","h","CPC011_A375_6H","1","NULL","wortmannin","epsilon","population"
"68","17529",0.440509388362149,0.998,1,"CPC006_A375_24H:BRD-K56301217-001-01-7:11.1","A375","A112550.cdx","BRD-K56301217","trt_cp",11.1,"24","h","CPC006_A375_24H","1","NULL","ABT-737","epsilon","population"
"159","325434",0.440509388362149,0.998,1,"LJP002_MCF10A_6H:BRD-K94176593-001-03-7:10","MCF10A","TWS119","BRD-K94176593","trt_cp",10,"6","h","LJP002_MCF10A_6H","1","NULL","TWS-119","epsilon","population"
"67","17359",0.442647332217884,0.999,1,"CPC006_A375_6H:BRD-K12502280-001-01-5:11.1","A375","TG101348","BRD-K12502280","trt_cp",11.1,"6","h","CPC006_A375_6H","1","NULL","TG-101348","epsilon","population"
"253","450716",0.449340026027143,0.999,1,"AML001_U937_6H:BRD-A19500257:3.33333","U937","GELDANAMYCIN","BRD-A19500257","trt_cp",3.33333,"6","h","AML001_U937_6H","1","NULL","geldanamycin","epsilon","population"
"73","17748",0.451849786205614,0.999,1,"CPC006_A375_24H:BRD-A69951442-001-01-3:10","A375","dexamethasone","BRD-A69951442","trt_cp",10,"24","h","CPC006_A375_24H","1","NULL","dexamethasone","epsilon","population"
"64","17039",0.461331102435397,0.999,1,"CPC001_VCAP_24H:BRD-A19500257:10","VCAP","geldanamycin","BRD-A19500257","trt_cp",10,"24","h","CPC001_VCAP_24H","1","NULL","geldanamycin","epsilon","population"
"320","74571",0.471834913552705,1,1,"CPC016_ASC_24H:BRD-K00662280-001-04-5:10","ASC","-666","BRD-K00662280","trt_cp",10,"24","h","CPC016_ASC_24H","1","NULL","CL-218872","epsilon","population"
"248","4451",0.477040342071017,1,1,"CPC002_HA1E_24H:BRD-K22010301-001-01-2:10","HA1E","JLK 6","BRD-K22010301","trt_cp",10,"24","h","CPC002_HA1E_24H","1","NULL","JLK-6","epsilon","population"
"375","90652",0.483268265476854,1,1,"CPC018_A549_6H:BRD-A95696820-001-01-4:10","A549","-666","BRD-A95696820","trt_cp",10,"6","h","CPC018_A549_6H","1","NULL","acadesine","epsilon","population"
"175","329219",0.48698642870422,1,1,"LJP001_MDAMB231_24H:BRD-K68065987-300-06-7:0.08","MDAMB231","MK2206","BRD-K68065987","trt_cp",0.08,"24","h","LJP001_MDAMB231_24H","1","NULL","MK-2206","epsilon","population"
"66","173",0.496374790853318,1,1,"CPC004_A375_6H:BRD-A94756469-001-03-9:10","A375","DIGOXIN","BRD-A94756469","trt_cp",10,"6","h","CPC004_A375_6H","1","NULL","digoxin","epsilon","population"
"46","1477",0.498326826547686,1,1,"CPC005_A549_24H:BRD-A84493640-001-03-3:10","A549","Atovaquone","BRD-A84493640","trt_cp",10,"24","h","CPC005_A549_24H","1","NULL","atovaquone","epsilon","population"
"239","441081",0.506692693809258,1,1,"HOG002_MCF7_24H:BRD-K18910433-001-19-2:3.3333","MCF7","17b-estradiol","BRD-K18910433","trt_cp",3.3333,"24","h","HOG002_MCF7_24H","1","NULL","estradiol","epsilon","population"
"380","92648",0.510596765197992,1,1,"CPC017_A549_24H:BRD-K62289640-003-01-9:10","A549","-666","BRD-K62289640","trt_cp",10,"24","h","CPC017_A549_24H","1","NULL","lylamine","epsilon","population"
"169","327886",0.512734709053728,1,1,"LJP001_MCF7_24H:BRD-A45498368-001-03-0:0.08","MCF7","WYE-125132","BRD-A45498368","trt_cp",0.08,"24","h","LJP001_MCF7_24H","1","NULL","WYE-125132","epsilon","population"
"96","21821",0.515523331474252,1,1,"CPC006_HCC15_6H:BRD-K95609758-001-02-9:10","HCC15","-666","BRD-K95609758","trt_cp",10,"6","h","CPC006_HCC15_6H","1","NULL","BMS-191011","epsilon","population"
"166","32721",0.515895147796988,1,1,"CPC006_SKM1_6H:BRD-K74402642-003-01-2:10","SKM1","Chemistry 2804","BRD-K74402642","trt_cp",10,"6","h","CPC006_SKM1_6H","1","NULL","NSC-632839","epsilon","population"
"189","332857",0.519148540620933,1,1,"NMH002_FIBRNPC_24H:BRD-K97399794-001-12-0:10","FIBRNPC","Quercetin","BRD-K97399794","trt_cp",10,"24","h","NMH002_FIBRNPC_24H","1","NULL","quercetin","epsilon","population"
"258","49155",0.519892173266406,1,1,"CPC006_SW948_6H:BRD-A62025033-001-01-8:10","SW948","temsirolimus [CI779]","BRD-A62025033","trt_cp",10,"6","h","CPC006_SW948_6H","1","NULL","temsirolimus","epsilon","population"
"215","3976",0.528165086447295,1,1,"CPC002_HA1E_24H:BRD-K54142781-003-02-7:10","HA1E","Cirazoline hydrochloride","BRD-K54142781","trt_cp",10,"24","h","CPC002_HA1E_24H","1","NULL","cirazoline","epsilon","population"
"81","1879",0.531790295593977,1,1,"CPC004_HA1E_6H:BRD-K17561142-003-16-8:10","HA1E","AMIODARONE HYDROCHLORIDE","BRD-K17561142","trt_cp",10,"6","h","CPC004_HA1E_6H","1","NULL","amiodarone","epsilon","population"
"75","17850",0.540992749581707,1,1,"CPC006_A549_6H:BRD-K96799727-001-02-5:10","A549","-666","BRD-K96799727","trt_cp",10,"6","h","CPC006_A549_6H","1","NULL","pifithrin-mu","epsilon","population"
"105","23779",0.546755902584123,1,1,"CPC006_HEPG2_6H:BRD-K68065987-300-03-4:10","HEPG2","MK-2206","BRD-K68065987","trt_cp",10,"6","h","CPC006_HEPG2_6H","1","NULL","MK-2206","epsilon","population"
"153","324436",0.559490611637851,1,1,"LJP002_HS578T_24H:BRD-A37704979-001-05-7:0.4","HS578T","PB203580;RWJ64809;SB203580","BRD-A37704979","trt_cp",0.4,"24","h","LJP002_HS578T_24H","1","NULL","SB-203580","epsilon","population"
"216","4095",0.566276259527793,1,1,"CPC002_HA1E_24H:BRD-K98521173-001-03-8:10","HA1E","Deoxycorticosterone","BRD-K98521173","trt_cp",10,"24","h","CPC002_HA1E_24H","1","NULL","desoxycortone","epsilon","population"
"341","80559",0.570273284997211,1,1,"CPC016_MCF7_24H:BRD-K39746403-084-03-1:10","MCF7","-666","BRD-K39746403","trt_cp",10,"24","h","CPC016_MCF7_24H","1","NULL","erythromycin","epsilon","population"
"157","3252",0.57696597880647,1,1,"CPC005_HA1E_6H:BRD-K58299615-001-02-7:10","HA1E","Ro 90-7501","BRD-K58299615","trt_cp",10,"6","h","CPC005_HA1E_6H","1","NULL","RO-90-7501","epsilon","population"
"108","23874",0.581520728759993,1,1,"CPC006_HEPG2_6H:BRD-K73789395-001-06-5:102.71","HEPG2","ZM 336372","BRD-K73789395","trt_cp",102.71,"6","h","CPC006_HEPG2_6H","1","NULL","ZM-336372","epsilon","population"
"158","325212",0.581892545082729,1,1,"LJP001_MCF10A_6H:BRD-K83963101-001-02-8:10","MCF10A","MLN8054","BRD-K83963101","trt_cp",10,"6","h","LJP001_MCF10A_6H","1","NULL","MLN-8054","epsilon","population"
"164","327107",0.59267521844209,1,1,"LJP001_MCF7_6H:BRD-K59369769-001-11-2:0.08","MCF7","VX680:Tozasertib, MK-0457","BRD-K59369769","trt_cp",0.08,"6","h","LJP001_MCF7_6H","1","NULL","tozasertib","epsilon","population"
"244","442421",0.592954080684142,1,1,"HOG001_MCF7_24H:BRD-K68202742-001-10-8:0.013","MCF7","trichostatin-a","BRD-K68202742","trt_cp",0.013,"24","h","HOG001_MCF7_24H","1","NULL","trichostatin-a","epsilon","population"
"367","88755",0.604945157092396,1,1,"CPC014_VCAP_24H:BRD-K83963101-001-01-0:10","VCAP","HY-10180","BRD-K83963101","trt_cp",10,"24","h","CPC014_VCAP_24H","1","NULL","MLN-8054","epsilon","population"
"111","24652",0.61647146309723,1,1,"CPC006_HT29_24H:BRD-A81541225-001-02-7:10","HT29","-666","BRD-A81541225","trt_cp",10,"24","h","CPC006_HT29_24H","1","NULL","oligomycin-a","epsilon","population"
"291","66143",0.617958728388176,1,1,"CPC010_PC3_6H:BRD-K76534306-001-17-7:10","PC3","enrofloxacin","BRD-K76534306","trt_cp",10,"6","h","CPC010_PC3_6H","1","NULL","enrofloxacin","epsilon","population"
"340","80450",0.61916713143707,1,1,"CPC015_MCF7_24H:BRD-K21450440-001-08-8:10","MCF7","-666","BRD-K21450440","trt_cp",10,"24","h","CPC015_MCF7_24H","1","NULL","benzthiazide","epsilon","population"
"94","21534",0.627532998698643,1,1,"CPC006_HA1E_24H:BRD-K98530306-003-07-6:10","HA1E","CLONIDINE HYDROCHLORIDE","BRD-K98530306","trt_cp",10,"24","h","CPC006_HA1E_24H","1","NULL","clonidine","epsilon","population"
"247","443585",0.627625952779327,1,1,"HOG001_MCF7_6H:BRD-A75409952-001-01-6:10","MCF7","wortmannin","BRD-A75409952","trt_cp",10,"6","h","HOG001_MCF7_6H","1","NULL","wortmannin","epsilon","population"
"338","80268",0.628276631344116,1,1,"CPC015_MCF7_24H:BRD-A68930007-001-03-1:10","MCF7","-666","BRD-A68930007","trt_cp",10,"24","h","CPC015_MCF7_24H","1","NULL","ouabain","epsilon","population"
"226","435404",0.631344116006693,1,1,"HOG001_A549_6H:BRD-A45889380-300-04-8:10","A549","quinacrine","BRD-A45889380","trt_cp",10,"6","h","HOG001_A549_6H","1","NULL","mepacrine","epsilon","population"
"378","92230",0.631715932329429,1,1,"CPC018_A549_24H:BRD-K15196155-001-01-5:10","A549","-666","BRD-K15196155","trt_cp",10,"24","h","CPC018_A549_24H","1","NULL","IBC-293","epsilon","population"
"373","90432",0.637386131251162,1,1,"CPC020_A375_6H:BRD-K53790871-001-15-1:10","A375","triamcinolone acetonide","BRD-K53790871","trt_cp",10,"6","h","CPC020_A375_6H","1","NULL","triamcinolone","epsilon","population"
"370","89814",0.640360661833054,1,1,"CPC018_A375_6H:BRD-K51662849-001-03-9:10","A375","-666","BRD-K51662849","trt_cp",10,"6","h","CPC018_A375_6H","1","NULL","ilomastat","epsilon","population"
"137","31751",0.642684513850158,1,1,"CPC006_RMGI_6H:BRD-K98548675-001-02-6:10","RMGI","Parthenolide","BRD-K98548675","trt_cp",10,"6","h","CPC006_RMGI_6H","1","NULL","parthenolide","epsilon","population"
"140","32205",0.643335192414947,1,1,"CPC006_RMUGS_6H:BRD-A62025033-001-01-8:10","RMUGS","temsirolimus [CI779]","BRD-A62025033","trt_cp",10,"6","h","CPC006_RMUGS_6H","1","NULL","temsirolimus","epsilon","population"
"127","29423",0.658021937163041,1,1,"CPC006_OV7_6H:BRD-A31107743-001-01-3:0.09","OV7","89671","BRD-A31107743","trt_cp",0.09,"6","h","CPC006_OV7_6H","1","NULL","brefeldin-a","epsilon","population"
"208","361515",0.661740100390407,1,1,"RAD001_A549_6H:BRD-K57080016-001-03-5:0.0137","A549","AZD6244","BRD-K57080016","trt_cp",0.0137,"6","h","RAD001_A549_6H","1","NULL","selumetinib","epsilon","population"
"174","328990",0.661833054471091,1,1,"LJP002_MDAMB231_24H:BRD-K74065929-001-02-3:0.08","MDAMB231","Doramapimod;BIRB796","BRD-K74065929","trt_cp",0.08,"24","h","LJP002_MDAMB231_24H","1","NULL","doramapimod","epsilon","population"
"56","16611",0.662576687116564,1,1,"CPC003_VCAP_24H:BRD-K00312224-001-03-8:10","VCAP","PPT","BRD-K00312224","trt_cp",10,"24","h","CPC003_VCAP_24H","1","NULL","PPT","epsilon","population"
"48","149766",0.705893288715375,1,1,"DOS051_HT29_24H:BRD-K81418486:0.1","HT29","vorinostat","BRD-K81418486","trt_cp",0.1,"24","h","DOS051_HT29_24H","1","NULL","vorinostat","epsilon","population"
"259","49467",0.724948875255624,1,1,"CPC006_T3M10_6H:BRD-K68185022-001-06-4:70.07","T3M10","Ursolic Acid","BRD-K68185022","trt_cp",70.07,"6","h","CPC006_T3M10_6H","1","NULL","ursolic-acid","epsilon","population"
"180","329458",0.751440788250604,1,1,"LJP001_MDAMB231_24H:BRD-K59369769-001-11-2:10","MDAMB231","VX680:Tozasertib, MK-0457","BRD-K59369769","trt_cp",10,"24","h","LJP001_MDAMB231_24H","1","NULL","tozasertib","epsilon","population"
"97","2276",0.766406395240751,1,1,"CPC002_HA1E_6H:BRD-K98521173-001-03-8:10","HA1E","Deoxycorticosterone","BRD-K98521173","trt_cp",10,"6","h","CPC002_HA1E_6H","1","NULL","desoxycortone","epsilon","population"
"114","25175",0.774958170663692,1,1,"CPC006_JHUEM2_6H:BRD-K01976263-003-04-5:0.63","JHUEM2","Emetine Dihydrochloride Hydrate (74)","BRD-K01976263","trt_cp",0.63,"6","h","CPC006_JHUEM2_6H","1","NULL","emetine","epsilon","population"
"292","66272",0.801078267335936,1,1,"CPC011_PC3_6H:BRD-K74117820-066-08-2:10","PC3","nelfinavir","BRD-K74117820","trt_cp",10,"6","h","CPC011_PC3_6H","1","NULL","nelfinavir","epsilon","population"
"176","329220",0.861591373861313,1,1,"LJP001_MDAMB231_24H:BRD-K83963101-001-02-8:10","MDAMB231","MLN8054","BRD-K83963101","trt_cp",10,"24","h","LJP001_MDAMB231_24H","1","NULL","MLN-8054","epsilon","population"
