"","database","category","pval","qval","genes"
"142","GO_Biological_Process_2017","sister chromatid cohesion (GO:0007062)",1.07050961891971e-17,8.59619223992527e-15,"CDCA5,BUB1B,CDCA8,CENPA,AURKB,NDC80,SKA1,CDC20,CENPE,KIF18A,CENPF,CENPI,CENPK,NUF2,BIRC5,CENPM,KIF2C,BUB1,SPC24,SPC25"
"145","GO_Biological_Process_2017","chromosome segregation (GO:0007059)",3.39852649875832e-12,1.36450838925146e-09,"TOP2A,CDT1,CENPE,CENPF,NUF2,HJURP,OIP5,KIF11,SKA3,NDC80,SKA1,SPC25"
"144","GO_Biological_Process_2017","mitotic cell cycle (GO:0000278)",2.71468769644966e-11,7.26631406749691e-09,"CDT1,CDCA5,BUB1B,KIF11,SKA3,SKA1,NDC80,KIF15,CENPE,TPX2,CENPF,KIF18B,PBK,KIF2C"
"148","GO_Biological_Process_2017","microtubule-based movement (GO:0007018)",2.14471702388771e-08,4.30551942545457e-06,"CENPE,KIF18A,KIF18B,KIF4A,KIF14,KIF23,KIF2C,KIF20A,KIF11,KIF15"
"149","GO_Biological_Process_2017","skeletal system development (GO:0001501)",3.34100518675346e-07,5.36565432992605e-05,"COL1A1,BCAN,ACAN,POSTN,BMP2,IGF2,SOX11,SOX4,HAPLN1,DLL3,PAX1"
"151","GO_Biological_Process_2017","mitotic metaphase plate congression (GO:0007080)",1.15308558659449e-06,0.000154321287672563,"CENPE,KIF18A,CDCA5,KIF14,CDCA8,KIF2C,CEP55"
"153","GO_Biological_Process_2017","CENP-A containing nucleosome assembly (GO:0034080)",3.35992931433014e-06,0.000385431891343872,"CENPI,CENPK,HJURP,CENPM,OIP5,CENPA"
"154","GO_Biological_Process_2017","mitotic cytokinesis (GO:0000281)",4.14850246169335e-06,0.000394241654510941,"KIF4A,NUSAP1,KIF23,KIF20A,CENPA,CEP55"
"159","GO_Biological_Process_2017","regulation of chromosome segregation (GO:0051983)",5.36650469400567e-06,0.000394241654510941,"KIF2C,MKI67,BUB1,AURKB"
"163","GO_Biological_Process_2017","attachment of mitotic spindle microtubules to kinetochore (GO:0051315)",5.36650469400567e-06,0.000394241654510941,"CENPE,CDT1,KIF2C,NDC80"
"146","GO_Biological_Process_2017","positive regulation of transcription, DNA-templated (GO:0045893)",5.40057060973891e-06,0.000394241654510941,"RET,TFAP2A,EGR2,MSTN,F2R,SIX1,SOX11,FOXM1,TBX5,BRCA2,EGFR,GDF7,COL1A1,BMP4,AR,BMP2,NR5A2,MYC,CD38,SOX8,SOX4"
"143","GO_Biological_Process_2017","positive regulation of transcription from RNA polymerase II promoter (GO:0045944)",6.76569516781528e-06,0.000424805723722161,"MAML2,ONECUT2,SIX1,FOXM1,EGFR,HEY1,MYC,MYBL2,SOX8,E2F7,SOX4,TFAP2A,EGR2,GSX1,OSR1,TCF12,SOX11,GRHL3,ETV1,TBX5,ETV4,BMP4,AR,BMP2,SFRP2,NR5A2,HOXD8"
"156","GO_Biological_Process_2017","antigen processing and presentation of exogenous peptide antigen via MHC class II (GO:0019886)",6.87730312377097e-06,0.000424805723722161,"CENPE,KIF18A,KIF4A,KIF23,KIF2C,KIF11,HLA-DOA,HLA-DQA1,KIF15"
"155","GO_Biological_Process_2017","extracellular matrix organization (GO:0030198)",8.06211345950058e-06,0.000462419793427069,"COL1A1,FBN2,BCAN,ACAN,COL3A1,VCAM1,SPARC,MFAP2,TNC,HAPLN1,CD44"
"162","GO_Biological_Process_2017","microtubule depolymerization (GO:0007019)",8.84099104941333e-06,0.00047328772084526,"KIF18A,KIF18B,KIF14,KIF2C"
"173","GO_Biological_Process_2017","metaphase plate congression (GO:0051310)",1.37327837822144e-05,0.000689214086069883,"CENPE,CENPF,KIF2C,NDC80"
"157","GO_Biological_Process_2017","G2/M transition of mitotic cell cycle (GO:0000086)",1.68592319315538e-05,0.00079635077888457,"TPX2,CCNB2,MELK,CDK1,USH1C,HMMR,CDC25C,FOXM1,PHLDA1,NES"
"152","GO_Biological_Process_2017","cellular protein metabolic process (GO:0044267)",2.0194868334975e-05,0.000900915515165831,"C3,BMP4,EVA1A,PAPPA,MMP2,IGFBP2,TNC,IGF2,TGFBI,SNCAIP,F5,LTF"
"147","GO_Biological_Process_2017","negative regulation of apoptotic process (GO:0043066)",2.44658584909308e-05,0.0010340044404325,"TNFSF18,TFAP2A,NGFR,OSR1,KIF14,DHRS2,EGFR,BMP4,MYC,CDK1,CD38,DPEP1,BIRC5,SOX8,CD44,LTF"
"168","GO_Biological_Process_2017","mitotic chromosome condensation (GO:0007076)",2.90725803261192e-05,0.00116726410009368,"CDCA5,NUSAP1,NCAPG,NCAPH"
"523","GO_Biological_Process_2017","positive regulation of osteoblast proliferation (GO:0033690)",6.02434651696875e-05,0.00222194510092707,"BMP2,SOX8,LTF"
"165","GO_Biological_Process_2017","positive regulation of pathway-restricted SMAD protein phosphorylation (GO:0010862)",6.08752082445772e-05,0.00222194510092707,"BMP4,BMP2,MSTN,TTK,LEFTY2,GDF7"
"166","GO_Biological_Process_2017","positive regulation of bone mineralization (GO:0030501)",6.88213577127748e-05,0.00240276305405905,"BMP4,TFAP2A,FBN2,BMP2,OSR1"
"176","GO_Biological_Process_2017","mitotic sister chromatid segregation (GO:0000070)",9.23949348202294e-05,0.00309138052752684,"KIF18B,ESPL1,NUSAP1,NDC80"
"150","GO_Biological_Process_2017","positive regulation of cell proliferation (GO:0008284)",0.000100551554375763,0.00322070251023723,"F2R,IGF2,KIF14,SOX11,TTK,FOXM1,EGFR,TSHR,AR,SFRP2,CDK4,MYC,BIRC5,FOLR2,SOX4"
"208","GO_Biological_Process_2017","positive regulation of ossification (GO:0045778)",0.000104281774926735,0.00322070251023723,"BMP4,BMP2,SOX11"
"175","GO_Biological_Process_2017","branching involved in ureteric bud morphogenesis (GO:0001658)",0.00011742806319854,0.0034923975832751,"BMP4,BMP2,MYC,SIX1"
"167","GO_Biological_Process_2017","extracellular matrix disassembly (GO:0022617)",0.000124269672185646,0.00354692116501258,"FBN2,BCAN,ACAN,ADAMTS5,MMP14,MMP2,CD44"
"172","GO_Biological_Process_2017","positive regulation of osteoblast differentiation (GO:0045669)",0.000128095533979284,0.00354692116501258,"BMP4,FBN2,BMP2,SOX11,LTF"
"183","GO_Biological_Process_2017","spindle organization (GO:0007051)",0.000147033351779075,0.00393559271595323,"ASPM,TTK,KIF11,AURKB"
"221","GO_Biological_Process_2017","kinetochore assembly (GO:0051382)",0.000165041117902664,0.00405771980759339,"CENPE,CENPF,CENPA"
"461","GO_Biological_Process_2017","protein localization to kinetochore (GO:0034501)",0.000165041117902664,0.00405771980759339,"CDK1,BUB1B,AURKB"
"164","GO_Biological_Process_2017","DNA replication (GO:0006260)",0.000168061840632451,0.00405771980759339,"CDC45,ORC1,EXO1,CDK1,MCM10,CLSPN,CDC25C,MCM2"
"169","GO_Biological_Process_2017","retrograde vesicle-mediated transport, Golgi to ER (GO:0006890)",0.000171808808789757,0.00405771980759339,"CENPE,KIF18A,KIF4A,KIF23,KIF2C,KIF11,KIF15"
"206","GO_Biological_Process_2017","embryonic skeletal system morphogenesis (GO:0048704)",0.000244878424513213,0.00531452364551649,"SIX1,SOX11,HOXD3"
"430","GO_Biological_Process_2017","negative regulation of myoblast differentiation (GO:0045662)",0.000244878424513213,0.00531452364551649,"BMP4,MSTN,SOX8"
"458","GO_Biological_Process_2017","embryonic forelimb morphogenesis (GO:0035115)",0.000244878424513213,0.00531452364551649,"TFAP2A,OSR1,TBX5"
"174","GO_Biological_Process_2017","regulation of cell cycle (GO:0051726)",0.000265208558041887,0.00538097546204055,"CCNB2,CENPF,MYBL2,CDC25C,FOXM1,DTL"
"158","GO_Biological_Process_2017","cell-cell signaling (GO:0007267)",0.000265832631908902,0.00538097546204055,"TNFSF18,PCSK1,C1QA,NMB,VIPR2,PCDHGA1,TRH,TBX5,TSHR,AR,BMP2,SFRP2,PCDHA9"
"186","GO_Biological_Process_2017","regulation of transcription involved in G1/S transition of mitotic cell cycle (GO:0000083)",0.000268043609566154,0.00538097546204055,"CDT1,RRM2,CDC45,ORC1"
"170","GO_Biological_Process_2017","G1/S transition of mitotic cell cycle (GO:0000082)",0.000289702680136755,0.00567393297926376,"CDT1,CDC45,ORC1,CDK4,MYC,MCM10,MCM2"
"409","GO_Biological_Process_2017","negative regulation of transcription regulatory region DNA binding (GO:2000678)",0.000346037324525382,0.00646204585102051,"HEY1,MSX2,SOX11"
"489","GO_Biological_Process_2017","mitotic spindle midzone assembly (GO:0051256)",0.000346037324525382,0.00646204585102051,"KIF4A,KIF23,AURKB"
"179","GO_Biological_Process_2017","kidney development (GO:0001822)",0.000355903583662177,0.00649524040183473,"BMP4,TFAP2A,CENPF,SIX1,SULF1"
"190","GO_Biological_Process_2017","cellular response to BMP stimulus (GO:0071773)",0.000380491991198588,0.00664206671592317,"TMEM100,BMP4,BMP2,ADAMTS12"
"198","GO_Biological_Process_2017","DNA replication initiation (GO:0006270)",0.000380491991198588,0.00664206671592317,"CDC45,ORC1,MCM10,MCM2"
"177","GO_Biological_Process_2017","osteoblast differentiation (GO:0001649)",0.000408265206223219,0.00697525448079244,"BMP4,BMP2,MSX2,LRRC17,TNC,SOX8"
"468","GO_Biological_Process_2017","positive regulation of cartilage development (GO:0061036)",0.00047065152732959,0.00787360784261793,"BMP4,BMP2,SOX6"
"178","GO_Biological_Process_2017","Notch signaling pathway (GO:0007219)",0.000546784125255035,0.00878135305159587,"BMP2,MAML2,HEY1,MYC,HOXD3"
"180","GO_Biological_Process_2017","SMAD protein signal transduction (GO:0060395)",0.000546784125255035,0.00878135305159587,"BMP4,BMP2,MSTN,LEFTY2,GDF7"
"202","GO_Biological_Process_2017","positive regulation of protein localization to nucleus (GO:1900182)",0.000798250780974702,0.0121646817166246,"NGFR,CDK1,GTSE1"
"298","GO_Biological_Process_2017","mitotic spindle assembly checkpoint (GO:0007094)",0.000798250780974702,0.0121646817166246,"CENPF,BUB1B,TTK"
"195","GO_Biological_Process_2017","cell development (GO:0048468)",0.000802899291383689,0.0121646817166246,"BMP2,MSTN,LEFTY2,GDF7"
"181","GO_Biological_Process_2017","negative regulation of cell migration (GO:0030336)",0.000997129132662944,0.0139119991749679,"SFRP2,DPEP1,TBX5,SULF1,ALOX15B,FAM60A"
"289","GO_Biological_Process_2017","ureteric bud development (GO:0001657)",0.00100498292532228,0.0139119991749679,"BMP4,OSR1,SIX1"
"306","GO_Biological_Process_2017","inner ear morphogenesis (GO:0042472)",0.00100498292532228,0.0139119991749679,"TFAP2A,USH1C,SIX1"
"365","GO_Biological_Process_2017","negative regulation of osteoclast differentiation (GO:0045671)",0.00100498292532228,0.0139119991749679,"MAFB,LRRC17,LILRB4"
"189","GO_Biological_Process_2017","mitotic spindle organization (GO:0007052)",0.00103950180634879,0.0139119991749679,"TTK,KIF11,NDC80,SPC25"
"193","GO_Biological_Process_2017","positive regulation of Wnt signaling pathway (GO:0030177)",0.00103950180634879,0.0139119991749679,"BMP2,DEPDC1B,SULF1,SOX4"
"199","GO_Biological_Process_2017","positive regulation of neuron differentiation (GO:0045666)",0.00103950180634879,0.0139119991749679,"BMP2,TCF12,SOX11,HOXD3"
"160","GO_Biological_Process_2017","negative regulation of transcription, DNA-templated (GO:0045892)",0.00106971314861006,0.0140816337431784,"TFAP2A,MSX2,FOXM1,BMP4,CENPF,BMP2,SFRP2,HEY1,DEPDC1,BIRC5,ID3,CD38,SOX8,MDFI,EZH2"
"200","GO_Biological_Process_2017","positive regulation of epithelial cell proliferation (GO:0050679)",0.00117443780869734,0.0152108638771607,"BMP4,OSR1,MYC,EGFR"
"396","GO_Biological_Process_2017","negative regulation of catalytic activity (GO:0043086)",0.00124267075847062,0.0158391209373318,"SLN,NES,TIMP4"
"192","GO_Biological_Process_2017","mitotic spindle assembly (GO:0090307)",0.00165220217242983,0.0207299741322055,"TPX2,BIRC5,MYBL2,KIF11"
"161","GO_Biological_Process_2017","negative regulation of transcription from RNA polymerase II promoter (GO:0000122)",0.00174380877131331,0.0215427452825321,"TFAP2A,MSX2,OSR1,CBX2,SOX11,FOXM1,AURKB,BMP4,AR,BMP2,HEY1,MYC,RCOR2,MDFI,E2F7,EZH2"
"783","GO_Biological_Process_2017","positive regulation of mitotic metaphase/anaphase transition (GO:0045842)",0.00207743009819283,0.0238310909835549,"ESPL1,DLGAP5"
"798","GO_Biological_Process_2017","telencephalon development (GO:0021537)",0.00207743009819283,0.0238310909835549,"BMP4,BMP2"
"875","GO_Biological_Process_2017","negative regulation of cardiac muscle cell differentiation (GO:2000726)",0.00207743009819283,0.0238310909835549,"BMP2,SOX6"
"889","GO_Biological_Process_2017","middle ear morphogenesis (GO:0042474)",0.00207743009819283,0.0238310909835549,"GSC,OSR1"
"895","GO_Biological_Process_2017","noradrenergic neuron differentiation (GO:0003357)",0.00207743009819283,0.0238310909835549,"SOX11,SOX4"
"185","GO_Biological_Process_2017","DNA damage response, signal transduction by p53 class mediator resulting in cell cycle arrest (GO:0006977)",0.0021343069116917,0.0241387105646259,"CDK1,CDC25C,GTSE1,E2F7,SOX4"
"171","GO_Biological_Process_2017","negative regulation of cell proliferation (GO:0008285)",0.00262223049305843,0.0292451539711933,"TFAP2A,BMP4,AR,BMP2,SFRP2,F2R,TBX5,ALOX15B,DHRS2,E2F7,SOX4"
"240","GO_Biological_Process_2017","calcium-dependent cell-cell adhesion via plasma membrane cell adhesion molecules (GO:0016339)",0.00294942804045362,0.0313680607831082,"PCDHB2,PCDHB3,PCDHB9"
"287","GO_Biological_Process_2017","ventricular septum morphogenesis (GO:0060412)",0.00294942804045362,0.0313680607831082,"HEY1,SOX11,SOX4"
"288","GO_Biological_Process_2017","cartilage development (GO:0051216)",0.00294942804045362,0.0313680607831082,"HOXD3,SULF1,CD44"
"662","GO_Biological_Process_2017","negative regulation of stress-activated MAPK cascade (GO:0032873)",0.00308602341452745,0.0313680607831082,"MYC,FOXM1"
"668","GO_Biological_Process_2017","regulation of G2/M transition of mitotic cell cycle (GO:0010389)",0.00308602341452745,0.0313680607831082,"CENPF,KIF14"
"784","GO_Biological_Process_2017","negative regulation of cytokinesis (GO:0032466)",0.00308602341452745,0.0313680607831082,"E2F7,AURKB"
"823","GO_Biological_Process_2017","regulation of microtubule polymerization or depolymerization (GO:0031110)",0.00308602341452745,0.0313680607831082,"SKA3,SKA1"
"303","GO_Biological_Process_2017","positive regulation of BMP signaling pathway (GO:0030513)",0.00340402377362325,0.0337460628422157,"BMP4,SOX11,SULF1"
"307","GO_Biological_Process_2017","protein localization to nucleus (GO:0034504)",0.00340402377362325,0.0337460628422157,"BMP4,COL1A1,SIX1"
"204","GO_Biological_Process_2017","cytokinesis (GO:0000910)",0.00355357105856388,0.0347989946344731,"ESPL1,KIF23,KIF20A,BRCA2"
"188","GO_Biological_Process_2017","cell-matrix adhesion (GO:0007160)",0.00386063337470283,0.0372742900553999,"COL3A1,VCAM1,HOXD3,ADAMTS12,CD44"
"311","GO_Biological_Process_2017","activation of protein kinase activity (GO:0032147)",0.00389917853630584,0.0372742900553999,"TPX2,KIF14,CLSPN"
"586","GO_Biological_Process_2017","metanephric mesenchyme development (GO:0072075)",0.0042787200703005,0.0377561782027615,"OSR1,SIX1"
"593","GO_Biological_Process_2017","positive regulation of protein localization to plasma membrane (GO:1903078)",0.0042787200703005,0.0377561782027615,"TREM2,EGFR"
"613","GO_Biological_Process_2017","chromosome organization (GO:0051276)",0.0042787200703005,0.0377561782027615,"MYC,CDCA8"
"733","GO_Biological_Process_2017","thyroid gland development (GO:0030878)",0.0042787200703005,0.0377561782027615,"SIX1,HOXD3"
"740","GO_Biological_Process_2017","embryonic eye morphogenesis (GO:0048048)",0.0042787200703005,0.0377561782027615,"FBN2,MFAP2"
"767","GO_Biological_Process_2017","positive regulation of chemokine secretion (GO:0090197)",0.0042787200703005,0.0377561782027615,"LPL,ALOX15B"
"774","GO_Biological_Process_2017","regulation of mitotic metaphase/anaphase transition (GO:0030071)",0.0042787200703005,0.0377561782027615,"CENPE,UBE2C"
"305","GO_Biological_Process_2017","chondrocyte differentiation (GO:0002062)",0.0044359423596588,0.0383017388688819,"BMP4,BMP2,OSR1"
"315","GO_Biological_Process_2017","regulation of ubiquitin-protein ligase activity involved in mitotic cell cycle (GO:0051439)",0.0044359423596588,0.0383017388688819,"CDC20,UBE2C,CDK1"
"191","GO_Biological_Process_2017","BMP signaling pathway (GO:0030509)",0.00461037237071512,0.0393843512094068,"BMP4,TMEM100,BMP2,LEFTY2,GDF7"
"184","GO_Biological_Process_2017","positive regulation of cell migration (GO:0030335)",0.00538978171534797,0.0453690694959396,"COL1A1,RET,BMP2,MMP14,F2R,GTSE1,EGFR"
"534","GO_Biological_Process_2017","positive regulation of production of miRNAs involved in gene silencing by miRNA (GO:1903800)",0.00564994638803731,0.0453690694959396,"BMP4,EGFR"
"549","GO_Biological_Process_2017","eyelid development in camera-type eye (GO:0061029)",0.00564994638803731,0.0453690694959396,"TFAP2A,SOX11"
"563","GO_Biological_Process_2017","DNA replication checkpoint (GO:0000076)",0.00564994638803731,0.0453690694959396,"CDT1,CDC45"
"568","GO_Biological_Process_2017","regulation of sensory perception of pain (GO:0051930)",0.00564994638803731,0.0453690694959396,"TMEM100,F2R"
"715","GO_Biological_Process_2017","epithelial to mesenchymal transition involved in endocardial cushion formation (GO:0003198)",0.00564994638803731,0.0453690694959396,"BMP4,HEY1"
"194","GO_Biological_Process_2017","heart development (GO:0007507)",0.00608122400396176,0.0482032367841118,"BMP2,COL3A1,OSR1,TBX5,SOX4"
"245","GO_Biological_Process_2017","synapse assembly (GO:0007416)",0.00612295162139403,0.0482032367841118,"PCDHB2,PCDHB3,PCDHB9,PCDHB8"
"309","GO_Biological_Process_2017","strand displacement (GO:0000732)",0.00630530976556976,0.0491569295315779,"RAD51,EXO1,BRCA2"
"197","GO_Biological_Process_2017","anaphase-promoting complex-dependent catabolic process (GO:0031145)",0.00641073606323106,0.0494982794112937,"CDC20,UBE2C,CDK1,BUB1B,AURKB"
"520","GO_Biological_Process_2017","cardiac epithelial to mesenchymal transition (GO:0060317)",0.00719425152075691,0.0536173121235006,"BMP2,HEY1"
"659","GO_Biological_Process_2017","spinal cord development (GO:0021510)",0.00719425152075691,0.0536173121235006,"SOX11,SOX4"
"691","GO_Biological_Process_2017","attachment of spindle microtubules to kinetochore (GO:0008608)",0.00719425152075691,0.0536173121235006,"NDC80,AURKB"
"182","GO_Biological_Process_2017","positive regulation of apoptotic process (GO:0043065)",0.00721129478124292,0.0536173121235006,"TOP2A,BMP4,NGFR,BMP2,SFRP2,MELK,UBD,BMF,SOX4"
"283","GO_Biological_Process_2017","negative regulation of cell cycle (GO:0045786)",0.00858023107562646,0.0606081607663304,"BMP4,BMP2,ALOX15B"
"456","GO_Biological_Process_2017","cardiac right ventricle morphogenesis (GO:0003215)",0.00890630506902489,0.0606081607663304,"BMP4,SOX4"
"498","GO_Biological_Process_2017","embryonic skeletal system development (GO:0048706)",0.00890630506902489,0.0606081607663304,"COL1A1,SULF1"
"511","GO_Biological_Process_2017","sympathetic nervous system development (GO:0048485)",0.00890630506902489,0.0606081607663304,"SOX11,SOX4"
"642","GO_Biological_Process_2017","positive regulation of cell adhesion mediated by integrin (GO:0033630)",0.00890630506902489,0.0606081607663304,"RET,SFRP2"
"644","GO_Biological_Process_2017","mesonephros development (GO:0001823)",0.00890630506902489,0.0606081607663304,"BMP4,OSR1"
"646","GO_Biological_Process_2017","pulmonary valve morphogenesis (GO:0003184)",0.00890630506902489,0.0606081607663304,"BMP4,HEY1"
"661","GO_Biological_Process_2017","embryonic cranial skeleton morphogenesis (GO:0048701)",0.00890630506902489,0.0606081607663304,"TFAP2A,SIX1"
"666","GO_Biological_Process_2017","myeloid dendritic cell differentiation (GO:0043011)",0.00890630506902489,0.0606081607663304,"UBD,DHRS2"
"689","GO_Biological_Process_2017","sex differentiation (GO:0007548)",0.00890630506902489,0.0606081607663304,"AR,CENPI"
"216","GO_Biological_Process_2017","collagen catabolic process (GO:0030574)",0.00912175280453039,0.0615526680843522,"COL1A1,MMP14,COL3A1,MMP2"
"196","GO_Biological_Process_2017","protein ubiquitination involved in ubiquitin-dependent protein catabolic process (GO:0042787)",0.00921832487198499,0.0616859572683663,"CDC20,KLHL25,UBE2C,CDK1,BUB1B,AURKB"
"284","GO_Biological_Process_2017","embryo development (GO:0009790)",0.0103310088073911,0.068560331176323,"BMP2,NR5A2,MDFI"
"678","GO_Biological_Process_2017","positive regulation of ubiquitin protein ligase activity (GO:1904668)",0.010780894745756,0.070382589275139,"CDC20,UBE2C"
"687","GO_Biological_Process_2017","bone morphogenesis (GO:0060349)",0.010780894745756,0.070382589275139,"TFAP2A,LTF"
"282","GO_Biological_Process_2017","positive regulation of cytokinesis (GO:0032467)",0.0122739465467975,0.079483702234503,"KIF14,KIF23,AURKB"
"471","GO_Biological_Process_2017","positive regulation of branching involved in ureteric bud morphogenesis (GO:0090190)",0.0128129240707479,0.0797579692155855,"SIX1,SOX8"
"570","GO_Biological_Process_2017","keratan sulfate catabolic process (GO:0042340)",0.0128129240707479,0.0797579692155855,"ACAN,FMOD"
"576","GO_Biological_Process_2017","establishment of mitotic spindle orientation (GO:0000132)",0.0128129240707479,0.0797579692155855,"CENPA,NDC80"
"606","GO_Biological_Process_2017","mitotic recombination (GO:0006312)",0.0128129240707479,0.0797579692155855,"TOP2A,RAD51"
"632","GO_Biological_Process_2017","dermatan sulfate biosynthetic process (GO:0030208)",0.0128129240707479,0.0797579692155855,"BCAN,UST"
"203","GO_Biological_Process_2017","central nervous system development (GO:0007417)",0.0129574696972092,0.0800372935912231,"BCAN,ACAN,DCX,NES,HAPLN1"
"281","GO_Biological_Process_2017","positive regulation of epithelial to mesenchymal transition (GO:0010718)",0.0133184973071972,0.081020858618783,"COL1A1,BMP2,EZH2"
"291","GO_Biological_Process_2017","regulation of MAPK cascade (GO:0043408)",0.0133184973071972,0.081020858618783,"MSTN,LEFTY2,GDF7"
"302","GO_Biological_Process_2017","DNA synthesis involved in DNA repair (GO:0000731)",0.0144122124764501,0.0870150873578153,"RAD51,EXO1,BRCA2"
"484","GO_Biological_Process_2017","positive regulation of collagen biosynthetic process (GO:0032967)",0.0149974101235429,0.088550884773566,"BMP4,F2R"
"533","GO_Biological_Process_2017","pathway-restricted SMAD protein phosphorylation (GO:0060389)",0.0149974101235429,0.088550884773566,"BMP2,GDF7"
"575","GO_Biological_Process_2017","glutamate receptor signaling pathway (GO:0007215)",0.0149974101235429,0.088550884773566,"GRID2,GRIK3"
"317","GO_Biological_Process_2017","negative regulation of cell death (GO:0060548)",0.016748177166104,0.0981663230976754,"BMP4,SOX11,SOX4"
"412","GO_Biological_Process_2017","endocardial cushion morphogenesis (GO:0003203)",0.0173294813233878,0.0993969535905742,"BMP2,HEY1"
"554","GO_Biological_Process_2017","peripheral nervous system development (GO:0007422)",0.0173294813233878,0.0993969535905742,"EGR2,SOX8"
"558","GO_Biological_Process_2017","positive regulation of G2/M transition of mitotic cell cycle (GO:0010971)",0.0173294813233878,0.0993969535905742,"CDK4,CDK1"
"226","GO_Biological_Process_2017","protein sumoylation (GO:0016925)",0.0176598909546702,0.100573705224115,"TOP2A,BIRC5,CDCA8,AURKB"
"227","GO_Biological_Process_2017","sensory perception of sound (GO:0007605)",0.0185366787431972,0.104823612892869,"COL1A1,TFAP2A,USH1C,BIRC5"
"452","GO_Biological_Process_2017","inner ear development (GO:0048839)",0.0198043752558506,0.109675264347917,"BMP2,SIX1"
"529","GO_Biological_Process_2017","positive regulation of macrophage derived foam cell differentiation (GO:0010744)",0.0198043752558506,0.109675264347917,"LPL,ALOX15B"
"562","GO_Biological_Process_2017","regulation of neuron apoptotic process (GO:0043523)",0.0198043752558506,0.109675264347917,"GRID2,KIF14"
"321","GO_Biological_Process_2017","cellular response to UV (GO:0034644)",0.0206261838354678,0.113444011095073,"MYC,BMF,AURKB"
"225","GO_Biological_Process_2017","negative regulation of ubiquitin-protein ligase activity involved in mitotic cell cycle (GO:0051436)",0.02132720688739,0.116501681160369,"CDC20,UBE2C,CDK1,BUB1B"
"550","GO_Biological_Process_2017","hyaluronan catabolic process (GO:0030214)",0.0224174365408593,0.121629740150743,"HMMR,CD44"
"385","GO_Biological_Process_2017","folic acid metabolic process (GO:0046655)",0.0251641147284648,0.13381976243018,"MTHFD2,FOLR2"
"448","GO_Biological_Process_2017","negative regulation of Notch signaling pathway (GO:0045746)",0.0251641147284648,0.13381976243018,"MMP14,HEY1"
"495","GO_Biological_Process_2017","cell separation after cytokinesis (GO:0000920)",0.0251641147284648,0.13381976243018,"KIF20A,CEP55"
"211","GO_Biological_Process_2017","positive regulation of protein phosphorylation (GO:0001934)",0.025450196587975,0.13445070960621,"C3,BMP4,BMP2,IGF2,EGFR"
"219","GO_Biological_Process_2017","positive regulation of ubiquitin-protein ligase activity involved in regulation of mitotic cell cycle transition (GO:0051437)",0.0265226033274103,0.139200329881768,"CDC20,UBE2C,CDK1,BUB1B"
"270","GO_Biological_Process_2017","negative regulation of cysteine-type endopeptidase activity involved in apoptotic process (GO:0043154)",0.028091589352868,0.14647757305424,"NGFR,DPEP1,CD44"
"187","GO_Biological_Process_2017","signal transduction (GO:0007165)",0.0289874214231035,0.150173544533885,"TNFSF18,RET,NMB,VIPR2,KLRC2,FPR3,TRH,IQGAP2,LILRB4,SHD,EGFR,C3,AR,PTK7,CDK4,NMU,DEPDC1,CD38,CNGA3,SOX8"
"201","GO_Biological_Process_2017","nervous system development (GO:0007399)",0.029624550371347,0.15249047402687,"MAFB,PCDHB2,GBX2,PCDHGA1,DCX,PCDHB3,PCDHA9,TSHR"
"469","GO_Biological_Process_2017","positive regulation of phosphorylation (GO:0042327)",0.0310406324020454,0.157757138093939,"AR,EGFR"
"475","GO_Biological_Process_2017","positive regulation of activated T cell proliferation (GO:0042104)",0.0310406324020454,0.157757138093939,"IGFBP2,IGF2"
"454","GO_Biological_Process_2017","G2 DNA damage checkpoint (GO:0031572)",0.0341618773276494,0.169333256136435,"CLSPN,DTL"
"476","GO_Biological_Process_2017","T cell differentiation (GO:0030217)",0.0341618773276494,0.169333256136435,"LFNG,SOX4"
"482","GO_Biological_Process_2017","chondroitin sulfate biosynthetic process (GO:0030206)",0.0341618773276494,0.169333256136435,"CHST9,BCAN"
"501","GO_Biological_Process_2017","positive regulation of insulin secretion (GO:0032024)",0.0341618773276494,0.169333256136435,"TRH,SOX4"
"253","GO_Biological_Process_2017","canonical Wnt signaling pathway (GO:0060070)",0.0368022314691122,0.180914671925082,"PTK7,MYC,SOX4"
"451","GO_Biological_Process_2017","negative regulation of epithelial to mesenchymal transition (GO:0010719)",0.0373995461264803,0.180914671925082,"SFRP2,TBX5"
"492","GO_Biological_Process_2017","hormone-mediated signaling pathway (GO:0009755)",0.0373995461264803,0.180914671925082,"NR5A2,TSHR"
"493","GO_Biological_Process_2017","regulation of mitotic nuclear division (GO:0007088)",0.0373995461264803,0.180914671925082,"MKI67,CDC25C"
"205","GO_Biological_Process_2017","positive regulation of gene expression (GO:0010628)",0.0387072741244588,0.186119407915811,"TFAP2A,AR,BMP2,MYC,OSR1,SOX11,HOXD3"
"373","GO_Biological_Process_2017","odontogenesis (GO:0042476)",0.0407495828840578,0.192481853269991,"BMP4,OSR1"
"460","GO_Biological_Process_2017","cell division (GO:0051301)",0.0407495828840578,0.192481853269991,"CDT1,SKA1"
"465","GO_Biological_Process_2017","cell motility (GO:0048870)",0.0407495828840578,0.192481853269991,"MMP14,SRPX2"
"395","GO_Biological_Process_2017","positive regulation of protein serine/threonine kinase activity (GO:0071902)",0.0442080248379267,0.203251265110638,"LTF,EZH2"
"434","GO_Biological_Process_2017","negative regulation of endothelial cell proliferation (GO:0001937)",0.0442080248379267,0.203251265110638,"SPARC,SULF1"
"439","GO_Biological_Process_2017","cerebral cortex development (GO:0021987)",0.0442080248379267,0.203251265110638,"COL3A1,KIF14"
"442","GO_Biological_Process_2017","positive regulation of mitotic nuclear division (GO:0045840)",0.0442080248379267,0.203251265110638,"IGF2,NUSAP1"
"212","GO_Biological_Process_2017","proteolysis (GO:0006508)",0.0443885315565689,0.203251265110638,"PCSK1,ACAN,ST14,MMP14,UBD,MMP2"
"334","GO_Biological_Process_2017","single organismal cell-cell adhesion (GO:0016337)",0.0446504953575696,0.203251265110638,"SRPX2,EGFR,CD44"
"235","GO_Biological_Process_2017","complement activation (GO:0006956)",0.0448013373905142,0.203251265110638,"C3,C1QA,MASP1,C1QC"
"322","GO_Biological_Process_2017","positive regulation of MAPK cascade (GO:0043410)",0.0467322453854406,0.208478877241517,"BMP2,F2R,IGF2"
"366","GO_Biological_Process_2017","positive regulation of vascular endothelial growth factor production (GO:0010575)",0.0477710005136227,0.208478877241517,"C3,SULF1"
"410","GO_Biological_Process_2017","positive regulation of Rho protein signal transduction (GO:0035025)",0.0477710005136227,0.208478877241517,"COL3A1,F2R"
"414","GO_Biological_Process_2017","regulation of cell adhesion (GO:0030155)",0.0477710005136227,0.208478877241517,"RET,KIF14"
"415","GO_Biological_Process_2017","positive regulation of viral genome replication (GO:0045070)",0.0477710005136227,0.208478877241517,"TOP2A,NR5A2"
"417","GO_Biological_Process_2017","in utero embryonic development (GO:0001701)",0.0477710005136227,0.208478877241517,"BMP2,SOX8"
"421","GO_Biological_Process_2017","collagen fibril organization (GO:0030199)",0.0477710005136227,0.208478877241517,"COL1A1,COL3A1"
"260","GO_Biological_Process_2017","muscle organ development (GO:0007517)",0.0488611411962391,0.212083764219351,"MSTN,TCF12,SOX6"
"224","GO_Biological_Process_2017","cell migration (GO:0016477)",0.0500354209951513,0.216013134726379,"DEPDC1B,TNN,PTK7,CDK1,ADAMTS12"
"254","GO_Biological_Process_2017","positive regulation of peptidyl-tyrosine phosphorylation (GO:0050731)",0.0510367828216024,0.216241290659169,"IGF2,TREM2,CD44"
"389","GO_Biological_Process_2017","mitotic cell cycle checkpoint (GO:0007093)",0.0514347279151947,0.216241290659169,"BUB1B,BUB1"
"398","GO_Biological_Process_2017","establishment of protein localization (GO:0045184)",0.0514347279151947,0.216241290659169,"KIF14,CEP55"
"413","GO_Biological_Process_2017","negative regulation of extrinsic apoptotic signaling pathway (GO:2001237)",0.0514347279151947,0.216241290659169,"BMP4,AR"
"418","GO_Biological_Process_2017","cell fate commitment (GO:0045165)",0.0514347279151947,0.216241290659169,"BMP2,SOX8"
"220","GO_Biological_Process_2017","regulation of immune response (GO:0050776)",0.0518940772371783,0.217036166778407,"COL1A1,C3,COL3A1,VCAM1,SELL,TREM2"
"388","GO_Biological_Process_2017","endodermal cell differentiation (GO:0035987)",0.0551955127593241,0.218877167113567,"MMP14,MMP2"
"433","GO_Biological_Process_2017","activation of MAPKK activity (GO:0000186)",0.0551955127593241,0.218877167113567,"BMP4,F2R"
"268","GO_Biological_Process_2017","regulation of membrane potential (GO:0042391)",0.0555266095124271,0.218877167113567,"KCNH7,GRIK3,CNGA3"
"256","GO_Biological_Process_2017","negative regulation of neuron apoptotic process (GO:0043524)",0.0578399032328883,0.218877167113567,"F2R,KIF14,SIX1"
"258","GO_Biological_Process_2017","apoptotic signaling pathway (GO:0097190)",0.0578399032328883,0.218877167113567,"NGFR,DAPL1,CD38"
"387","GO_Biological_Process_2017","neural tube closure (GO:0001843)",0.0590497467294496,0.218877167113567,"VANGL2,GRHL3"
"394","GO_Biological_Process_2017","DNA recombination (GO:0006310)",0.0590497467294496,0.218877167113567,"RAD51,EXO1"
"441","GO_Biological_Process_2017","positive regulation of fibroblast proliferation (GO:0048146)",0.0590497467294496,0.218877167113567,"CDK4,MYC"
"232","GO_Biological_Process_2017","transcription initiation from RNA polymerase II promoter (GO:0006367)",0.0595642593551556,0.218877167113567,"AR,NR5A2,MAML2,E2F2,TBX5"
"262","GO_Biological_Process_2017","positive regulation of cell growth (GO:0030307)",0.0601981618857711,0.218877167113567,"MMP14,SFRP2,EGFR"
"264","GO_Biological_Process_2017","animal organ morphogenesis (GO:0009887)",0.0626008994580978,0.218877167113567,"LFNG,BMP2,ONECUT2"
"228","GO_Biological_Process_2017","proteasome-mediated ubiquitin-dependent protein catabolic process (GO:0043161)",0.0626182461414658,0.218877167113567,"CDC20,UBE2C,CDK1,KIF14,BUB1B,GTSE1"
"378","GO_Biological_Process_2017","outflow tract morphogenesis (GO:0003151)",0.0629939057492401,0.218877167113567,"SFRP2,SOX11"
"399","GO_Biological_Process_2017","glycosaminoglycan metabolic process (GO:0030203)",0.0629939057492401,0.218877167113567,"CHST9,BCAN"
"233","GO_Biological_Process_2017","positive regulation of ERK1 and ERK2 cascade (GO:0070374)",0.066960964143835,0.218877167113567,"BMP2,F2R,TREM2,EGFR,CD44"
"390","GO_Biological_Process_2017","proteolysis involved in cellular protein catabolic process (GO:0051603)",0.0670245483134924,0.218877167113567,"CPVL,ADAMTS12"
"391","GO_Biological_Process_2017","negative regulation of epithelial cell proliferation (GO:0050680)",0.0670245483134924,0.218877167113567,"SFRP2,MARVELD3"
"397","GO_Biological_Process_2017","keratan sulfate biosynthetic process (GO:0018146)",0.0670245483134924,0.218877167113567,"ACAN,FMOD"
"416","GO_Biological_Process_2017","protein transport (GO:0015031)",0.0670245483134924,0.218877167113567,"CENPF,CALCRL"
"257","GO_Biological_Process_2017","interferon-gamma-mediated signaling pathway (GO:0060333)",0.07007091105595,0.218877167113567,"VCAM1,HLA-DQA1,CD44"
"380","GO_Biological_Process_2017","positive regulation of cAMP biosynthetic process (GO:0030819)",0.0711383138592804,0.218877167113567,"CALCRL,TSHR"
"404","GO_Biological_Process_2017","response to cytokine (GO:0034097)",0.0711383138592804,0.218877167113567,"COL3A1,TIMP4"
"827","GO_Biological_Process_2017","metanephric epithelium development (GO:0072207)",0.0711418936695403,0.218877167113567,"OSR1"
"850","GO_Biological_Process_2017","positive regulation of insulin receptor signaling pathway (GO:0046628)",0.0711418936695403,0.218877167113567,"IGF2"
"855","GO_Biological_Process_2017","apoptotic chromosome condensation (GO:0030263)",0.0711418936695403,0.218877167113567,"TOP2A"
"861","GO_Biological_Process_2017","endocardial cushion development (GO:0003197)",0.0711418936695403,0.218877167113567,"BMP4"
"864","GO_Biological_Process_2017","histone modification (GO:0016570)",0.0711418936695403,0.218877167113567,"AURKB"
"869","GO_Biological_Process_2017","negative regulation of protein export from nucleus (GO:0046826)",0.0711418936695403,0.218877167113567,"SOX4"
"874","GO_Biological_Process_2017","negative regulation of membrane protein ectodomain proteolysis (GO:0051045)",0.0711418936695403,0.218877167113567,"TIMP4"
"880","GO_Biological_Process_2017","oligodendrocyte differentiation (GO:0048709)",0.0711418936695403,0.218877167113567,"SOX8"
"881","GO_Biological_Process_2017","membranous septum morphogenesis (GO:0003149)",0.0711418936695403,0.218877167113567,"BMP4"
"886","GO_Biological_Process_2017","apical protein localization (GO:0045176)",0.0711418936695403,0.218877167113567,"VANGL2"
"887","GO_Biological_Process_2017","olfactory bulb development (GO:0021772)",0.0711418936695403,0.218877167113567,"KIF14"
"891","GO_Biological_Process_2017","positive regulation of adenylate cyclase activity (GO:0045762)",0.0711418936695403,0.218877167113567,"TSHR"
"892","GO_Biological_Process_2017","positive regulation of epidermal cell differentiation (GO:0045606)",0.0711418936695403,0.218877167113567,"BMP4"
"896","GO_Biological_Process_2017","complement activation, alternative pathway (GO:0006957)",0.0711418936695403,0.218877167113567,"C3"
"897","GO_Biological_Process_2017","establishment of protein localization to telomere (GO:0070200)",0.0711418936695403,0.218877167113567,"BRCA2"
"900","GO_Biological_Process_2017","negative regulation of insulin-like growth factor receptor signaling pathway (GO:0043569)",0.0711418936695403,0.218877167113567,"BMP2"
"905","GO_Biological_Process_2017","mesenchymal to epithelial transition involved in metanephros morphogenesis (GO:0003337)",0.0711418936695403,0.218877167113567,"BMP4"
"906","GO_Biological_Process_2017","negative regulation of cysteine-type endopeptidase activity (GO:2000117)",0.0711418936695403,0.218877167113567,"LTF"
"907","GO_Biological_Process_2017","chondrocyte development (GO:0002063)",0.0711418936695403,0.218877167113567,"SULF1"
"908","GO_Biological_Process_2017","regulation of Ras protein signal transduction (GO:0046578)",0.0711418936695403,0.218877167113567,"FOXM1"
"910","GO_Biological_Process_2017","regulation of insulin-like growth factor receptor signaling pathway (GO:0043567)",0.0711418936695403,0.218877167113567,"IGFBP2"
"911","GO_Biological_Process_2017","positive regulation of cholesterol storage (GO:0010886)",0.0711418936695403,0.218877167113567,"LPL"
"913","GO_Biological_Process_2017","type B pancreatic cell development (GO:0003323)",0.0711418936695403,0.218877167113567,"BMP4"
"914","GO_Biological_Process_2017","regulation of cell division (GO:0051302)",0.0711418936695403,0.218877167113567,"KIF18B"
"915","GO_Biological_Process_2017","peptide biosynthetic process (GO:0043043)",0.0711418936695403,0.218877167113567,"PCSK1"
"916","GO_Biological_Process_2017","membrane to membrane docking (GO:0022614)",0.0711418936695403,0.218877167113567,"VCAM1"
"917","GO_Biological_Process_2017","dopamine biosynthetic process (GO:0042416)",0.0711418936695403,0.218877167113567,"DAO"
"919","GO_Biological_Process_2017","positive regulation of myotube differentiation (GO:0010831)",0.0711418936695403,0.218877167113567,"MMP14"
"920","GO_Biological_Process_2017","lens morphogenesis in camera-type eye (GO:0002089)",0.0711418936695403,0.218877167113567,"SOX11"
"921","GO_Biological_Process_2017","peripheral nervous system neuron development (GO:0048935)",0.0711418936695403,0.218877167113567,"ETV1"
"922","GO_Biological_Process_2017","negative regulation of macrophage differentiation (GO:0045650)",0.0711418936695403,0.218877167113567,"C1QC"
"923","GO_Biological_Process_2017","free ubiquitin chain polymerization (GO:0010994)",0.0711418936695403,0.218877167113567,"UBE2C"
"924","GO_Biological_Process_2017","regulation of fibroblast growth factor receptor signaling pathway (GO:0040036)",0.0711418936695403,0.218877167113567,"SULF1"
"926","GO_Biological_Process_2017","positive regulation of regulatory T cell differentiation (GO:0045591)",0.0711418936695403,0.218877167113567,"LILRB4"
"929","GO_Biological_Process_2017","substrate-dependent cell migration, cell extension (GO:0006930)",0.0711418936695403,0.218877167113567,"NTN1"
"932","GO_Biological_Process_2017","anterior/posterior axis specification, embryo (GO:0008595)",0.0711418936695403,0.218877167113567,"HOXD8"
"933","GO_Biological_Process_2017","steroid hormone mediated signaling pathway (GO:0043401)",0.0711418936695403,0.218877167113567,"BMP4"
"934","GO_Biological_Process_2017","amine metabolic process (GO:0009308)",0.0711418936695403,0.218877167113567,"VCAM1"
"936","GO_Biological_Process_2017","pronephros development (GO:0048793)",0.0711418936695403,0.218877167113567,"OSR1"
"937","GO_Biological_Process_2017","embryonic hindlimb morphogenesis (GO:0035116)",0.0711418936695403,0.218877167113567,"OSR1"
"938","GO_Biological_Process_2017","heparan sulfate proteoglycan biosynthetic process, enzymatic modification (GO:0015015)",0.0711418936695403,0.218877167113567,"HS3ST3B1"
"939","GO_Biological_Process_2017","double-strand break repair via break-induced replication (GO:0000727)",0.0711418936695403,0.218877167113567,"CDC45"
"940","GO_Biological_Process_2017","STAT protein import into nucleus (GO:0007262)",0.0711418936695403,0.218877167113567,"F2R"
"941","GO_Biological_Process_2017","embryonic skeletal joint morphogenesis (GO:0060272)",0.0711418936695403,0.218877167113567,"OSR1"
"942","GO_Biological_Process_2017","metanephric mesenchymal cell differentiation (GO:0072162)",0.0711418936695403,0.218877167113567,"OSR1"
"943","GO_Biological_Process_2017","hepoxilin biosynthetic process (GO:0051122)",0.0711418936695403,0.218877167113567,"ALOX15B"
"944","GO_Biological_Process_2017","regulation of mitotic centrosome separation (GO:0046602)",0.0711418936695403,0.218877167113567,"KIF11"
"407","GO_Biological_Process_2017","positive regulation of cysteine-type endopeptidase activity involved in apoptotic process (GO:0043280)",0.0753319210977699,0.221683105464629,"MYC,F2R"
"423","GO_Biological_Process_2017","cellular response to drug (GO:0035690)",0.0753319210977699,0.221683105464629,"MYC,DPEP1"
"437","GO_Biological_Process_2017","negative regulation of autophagy (GO:0010507)",0.0753319210977699,0.221683105464629,"DAPL1,BMF"
"470","GO_Biological_Process_2017","positive regulation of fat cell differentiation (GO:0045600)",0.0796021664880725,0.221683105464629,"BMP2,SFRP2"
"290","GO_Biological_Process_2017","axonogenesis (GO:0007409)",0.0806217747486828,0.221683105464629,"LRRN1,FMOD,LRRC55"
"432","GO_Biological_Process_2017","positive regulation of telomerase activity (GO:0051973)",0.0839459226131757,0.221683105464629,"MYC,AURKB"
"763","GO_Biological_Process_2017","regulation of myelination (GO:0031641)",0.0847530677181084,0.221683105464629,"KIF14"
"773","GO_Biological_Process_2017","regulation of Notch signaling pathway (GO:0008593)",0.0847530677181084,0.221683105464629,"LFNG"
"780","GO_Biological_Process_2017","cochlea development (GO:0090102)",0.0847530677181084,0.221683105464629,"MCM2"
"781","GO_Biological_Process_2017","abscission (GO:0009838)",0.0847530677181084,0.221683105464629,"AURKB"
"787","GO_Biological_Process_2017","platelet dense granule organization (GO:0060155)",0.0847530677181084,0.221683105464629,"F2R"
"790","GO_Biological_Process_2017","Golgi disassembly (GO:0090166)",0.0847530677181084,0.221683105464629,"CDK1"
"794","GO_Biological_Process_2017","mesenchymal cell differentiation (GO:0048762)",0.0847530677181084,0.221683105464629,"BMP2"
"797","GO_Biological_Process_2017","trigeminal nerve development (GO:0021559)",0.0847530677181084,0.221683105464629,"TFAP2A"
"802","GO_Biological_Process_2017","aortic valve morphogenesis (GO:0003180)",0.0847530677181084,0.221683105464629,"BMP4"
"807","GO_Biological_Process_2017","urogenital system development (GO:0001655)",0.0847530677181084,0.221683105464629,"OSR1"
"808","GO_Biological_Process_2017","cellular response to iron ion (GO:0071281)",0.0847530677181084,0.221683105464629,"TFAP2A"
"816","GO_Biological_Process_2017","homocysteine metabolic process (GO:0050667)",0.0847530677181084,0.221683105464629,"DPEP1"
"818","GO_Biological_Process_2017","heart trabecula formation (GO:0060347)",0.0847530677181084,0.221683105464629,"HEY1"
"821","GO_Biological_Process_2017","enteric nervous system development (GO:0048484)",0.0847530677181084,0.221683105464629,"SOX8"
"828","GO_Biological_Process_2017","heparan sulfate proteoglycan biosynthetic process (GO:0015012)",0.0847530677181084,0.221683105464629,"HS3ST3B1"
"829","GO_Biological_Process_2017","positive regulation of leukocyte migration (GO:0002687)",0.0847530677181084,0.221683105464629,"TNFSF18"
"830","GO_Biological_Process_2017","negative regulation of viral process (GO:0048525)",0.0847530677181084,0.221683105464629,"LTF"
"831","GO_Biological_Process_2017","positive regulation of chromatin binding (GO:0035563)",0.0847530677181084,0.221683105464629,"CDT1"
"845","GO_Biological_Process_2017","negative regulation of erythrocyte differentiation (GO:0045647)",0.0847530677181084,0.221683105464629,"MAFB"
"846","GO_Biological_Process_2017","equilibrioception (GO:0050957)",0.0847530677181084,0.221683105464629,"USH1C"
"847","GO_Biological_Process_2017","negative regulation of protein localization to nucleus (GO:1900181)",0.0847530677181084,0.221683105464629,"LILRB4"
"849","GO_Biological_Process_2017","post-embryonic development (GO:0009791)",0.0847530677181084,0.221683105464629,"BMP4"
"851","GO_Biological_Process_2017","negative regulation of cell division (GO:0051782)",0.0847530677181084,0.221683105464629,"MYC"
"853","GO_Biological_Process_2017","positive regulation of apoptotic cell clearance (GO:2000427)",0.0847530677181084,0.221683105464629,"C3"
"860","GO_Biological_Process_2017","positive regulation of G-protein coupled receptor protein signaling pathway (GO:0045745)",0.0847530677181084,0.221683105464629,"C3"
"862","GO_Biological_Process_2017","regulation of embryonic development (GO:0045995)",0.0847530677181084,0.221683105464629,"CDK1"
"865","GO_Biological_Process_2017","oxygen transport (GO:0015671)",0.0847530677181084,0.221683105464629,"MYC"
"867","GO_Biological_Process_2017","negative regulation of calcium ion import (GO:0090281)",0.0847530677181084,0.221683105464629,"SLN"
"870","GO_Biological_Process_2017","negative regulation of B cell apoptotic process (GO:0002903)",0.0847530677181084,0.221683105464629,"AURKB"
"883","GO_Biological_Process_2017","response to growth factor (GO:0070848)",0.0847530677181084,0.221683105464629,"MYC"
"888","GO_Biological_Process_2017","positive regulation of transcription of Notch receptor target (GO:0007221)",0.0847530677181084,0.221683105464629,"MAML2"
"898","GO_Biological_Process_2017","mitral valve morphogenesis (GO:0003183)",0.0847530677181084,0.221683105464629,"SOX4"
"909","GO_Biological_Process_2017","organelle organization (GO:0006996)",0.0847530677181084,0.221683105464629,"KIF4A"
"918","GO_Biological_Process_2017","blood vessel endothelial cell proliferation involved in sprouting angiogenesis (GO:0002043)",0.0847530677181084,0.221683105464629,"BMP4"
"925","GO_Biological_Process_2017","positive regulation of astrocyte differentiation (GO:0048711)",0.0847530677181084,0.221683105464629,"BMP2"
"927","GO_Biological_Process_2017","protein insertion into mitochondrial membrane involved in apoptotic signaling pathway (GO:0001844)",0.0847530677181084,0.221683105464629,"BMF"
"928","GO_Biological_Process_2017","positive regulation of neural precursor cell proliferation (GO:2000179)",0.0847530677181084,0.221683105464629,"NES"
"930","GO_Biological_Process_2017","prepulse inhibition (GO:0060134)",0.0847530677181084,0.221683105464629,"GRID2"
"931","GO_Biological_Process_2017","establishment of epithelial cell polarity (GO:0090162)",0.0847530677181084,0.221683105464629,"FERMT1"
"935","GO_Biological_Process_2017","regulation of cell cycle arrest (GO:0071156)",0.0847530677181084,0.221683105464629,"FOXM1"
"472","GO_Biological_Process_2017","regulation of mitotic cell cycle (GO:0007346)",0.0883601366976042,0.227166753804529,"CDK1,BIRC5"
"524","GO_Biological_Process_2017","DNA damage response, detection of DNA damage (GO:0042769)",0.0883601366976042,0.227166753804529,"DTL,SOX4"
"301","GO_Biological_Process_2017","regulation of gene expression (GO:0010468)",0.0918145280537921,0.227166753804529,"CDK4,MYC,CDK1"
"429","GO_Biological_Process_2017","negative regulation of Wnt signaling pathway (GO:0030178)",0.0928418290726851,0.227166753804529,"SFRP2,MDFI"
"732","GO_Biological_Process_2017","folic acid transport (GO:0015884)",0.0981654589914962,0.227166753804529,"FOLR2"
"738","GO_Biological_Process_2017","positive regulation of B cell differentiation (GO:0045579)",0.0981654589914962,0.227166753804529,"MMP14"
"746","GO_Biological_Process_2017","cleavage furrow formation (GO:0036089)",0.0981654589914962,0.227166753804529,"AURKB"
"749","GO_Biological_Process_2017","negative regulation of lipopolysaccharide-mediated signaling pathway (GO:0031665)",0.0981654589914962,0.227166753804529,"LTF"
"754","GO_Biological_Process_2017","tetrahydrofolate metabolic process (GO:0046653)",0.0981654589914962,0.227166753804529,"MTHFD2"
"755","GO_Biological_Process_2017","gastrulation (GO:0007369)",0.0981654589914962,0.227166753804529,"GSC"
"758","GO_Biological_Process_2017","cardiac septum morphogenesis (GO:0060411)",0.0981654589914962,0.227166753804529,"HEY1"
"759","GO_Biological_Process_2017","cardiac ventricle morphogenesis (GO:0003208)",0.0981654589914962,0.227166753804529,"HEY1"
"769","GO_Biological_Process_2017","positive regulation of gastrulation (GO:2000543)",0.0981654589914962,0.227166753804529,"OSR1"
"771","GO_Biological_Process_2017","regulation of cytokine production (GO:0001817)",0.0981654589914962,0.227166753804529,"LTF"
"786","GO_Biological_Process_2017","telomere maintenance via telomere lengthening (GO:0010833)",0.0981654589914962,0.227166753804529,"RAD51"
"789","GO_Biological_Process_2017","very-low-density lipoprotein particle remodeling (GO:0034372)",0.0981654589914962,0.227166753804529,"LPL"
"792","GO_Biological_Process_2017","positive regulation of vascular smooth muscle cell proliferation (GO:1904707)",0.0981654589914962,0.227166753804529,"MMP2"
"795","GO_Biological_Process_2017","pharyngeal arch artery morphogenesis (GO:0061626)",0.0981654589914962,0.227166753804529,"BMP4"
"804","GO_Biological_Process_2017","dorsal aorta morphogenesis (GO:0035912)",0.0981654589914962,0.227166753804529,"HEY1"
"805","GO_Biological_Process_2017","negative regulation of sodium ion transmembrane transporter activity (GO:2000650)",0.0981654589914962,0.227166753804529,"OSR1"
"809","GO_Biological_Process_2017","positive regulation of DNA biosynthetic process (GO:2000573)",0.0981654589914962,0.227166753804529,"MYC"
"813","GO_Biological_Process_2017","negative regulation of immune response (GO:0050777)",0.0981654589914962,0.227166753804529,"COL3A1"
"824","GO_Biological_Process_2017","complement receptor mediated signaling pathway (GO:0002430)",0.0981654589914962,0.227166753804529,"FPR3"
"854","GO_Biological_Process_2017","positive regulation of double-strand break repair (GO:2000781)",0.0981654589914962,0.227166753804529,"FOXM1"
"863","GO_Biological_Process_2017","regulation of cysteine-type endopeptidase activity involved in apoptotic process (GO:0043281)",0.0981654589914962,0.227166753804529,"NGFR"
"866","GO_Biological_Process_2017","positive regulation of transcription from RNA polymerase II promoter involved in cellular response to chemical stimulus (GO:1901522)",0.0981654589914962,0.227166753804529,"BMP2"
"868","GO_Biological_Process_2017","keratinocyte proliferation (GO:0043616)",0.0981654589914962,0.227166753804529,"FERMT1"
"871","GO_Biological_Process_2017","positive regulation of cyclin-dependent protein serine/threonine kinase activity involved in G1/S transition of mitotic cell cycle (GO:0031659)",0.0981654589914962,0.227166753804529,"EGFR"
"872","GO_Biological_Process_2017","marginal zone B cell differentiation (GO:0002315)",0.0981654589914962,0.227166753804529,"LFNG"
"876","GO_Biological_Process_2017","cornea development in camera-type eye (GO:0061303)",0.0981654589914962,0.227166753804529,"SOX11"
"877","GO_Biological_Process_2017","negative regulation of mitotic nuclear division (GO:0045839)",0.0981654589914962,0.227166753804529,"BMP4"
"879","GO_Biological_Process_2017","generation of neurons (GO:0048699)",0.0981654589914962,0.227166753804529,"SIX1"
"884","GO_Biological_Process_2017","negative regulation of osteoblast proliferation (GO:0033689)",0.0981654589914962,0.227166753804529,"TNN"
"893","GO_Biological_Process_2017","regulation of osteoblast differentiation (GO:0045667)",0.0981654589914962,0.227166753804529,"SMOC1"
"894","GO_Biological_Process_2017","strand invasion (GO:0042148)",0.0981654589914962,0.227166753804529,"RAD51"
"901","GO_Biological_Process_2017","osteoblast development (GO:0002076)",0.0981654589914962,0.227166753804529,"TNN"
"902","GO_Biological_Process_2017","positive regulation of mitotic cell cycle spindle assembly checkpoint (GO:0090267)",0.0981654589914962,0.227166753804529,"NDC80"
"903","GO_Biological_Process_2017","positive regulation of sequestering of triglyceride (GO:0010890)",0.0981654589914962,0.227166753804529,"LPL"
"904","GO_Biological_Process_2017","dopamine metabolic process (GO:0042417)",0.0981654589914962,0.227166753804529,"SNCAIP"
"912","GO_Biological_Process_2017","positive regulation of cell migration involved in sprouting angiogenesis (GO:0090050)",0.0981654589914962,0.227166753804529,"SRPX2"
"323","GO_Biological_Process_2017","ubiquitin-dependent protein catabolic process (GO:0006511)",0.103610673382739,0.23907865151247,"UBE2C,UBD,DTL"
"297","GO_Biological_Process_2017","platelet degranulation (GO:0002576)",0.104647014191366,0.239152864565977,"SPARC,IGF2,LEFTY2,F5"
"453","GO_Biological_Process_2017","retina homeostasis (GO:0001895)",0.106663045390882,0.239152864565977,"RPE65,LTF"
"473","GO_Biological_Process_2017","cell growth (GO:0016049)",0.106663045390882,0.239152864565977,"AR,TNN"
"483","GO_Biological_Process_2017","positive regulation of protein binding (GO:0032092)",0.106663045390882,0.239152864565977,"BMP4,BMP2"
"293","GO_Biological_Process_2017","chemical synaptic transmission (GO:0007268)",0.109129313435906,0.239152864565977,"PCDHB2,PRLHR,PCDHB3,PCDHB9,PCDHB8"
"710","GO_Biological_Process_2017","regulation of peptidyl-tyrosine phosphorylation (GO:0050730)",0.111381960798784,0.239152864565977,"EGFR"
"719","GO_Biological_Process_2017","atrioventricular valve morphogenesis (GO:0003181)",0.111381960798784,0.239152864565977,"BMP2"
"720","GO_Biological_Process_2017","positive regulation of toll-like receptor 4 signaling pathway (GO:0034145)",0.111381960798784,0.239152864565977,"LTF"
"737","GO_Biological_Process_2017","DNA topological change (GO:0006265)",0.111381960798784,0.239152864565977,"TOP2A"
"742","GO_Biological_Process_2017","positive regulation of synapse maturation (GO:0090129)",0.111381960798784,0.239152864565977,"CDC20"
"748","GO_Biological_Process_2017","mitotic sister chromatid cohesion (GO:0007064)",0.111381960798784,0.239152864565977,"CDCA5"
"751","GO_Biological_Process_2017","regulation of neurotransmitter secretion (GO:0046928)",0.111381960798784,0.239152864565977,"SNCAIP"
"760","GO_Biological_Process_2017","ventricular septum development (GO:0003281)",0.111381960798784,0.239152864565977,"TBX5"
"761","GO_Biological_Process_2017","positive regulation of vasculogenesis (GO:2001214)",0.111381960798784,0.239152864565977,"TMEM100"
"764","GO_Biological_Process_2017","regulation of gene expression by genetic imprinting (GO:0006349)",0.111381960798784,0.239152864565977,"IGF2"
"779","GO_Biological_Process_2017","negative regulation of synaptic transmission, glutamatergic (GO:0051967)",0.111381960798784,0.239152864565977,"GRIK3"
"796","GO_Biological_Process_2017","negative regulation of ATPase activity (GO:0032780)",0.111381960798784,0.239152864565977,"LTF"
"815","GO_Biological_Process_2017","positive regulation of catenin import into nucleus (GO:0035413)",0.111381960798784,0.239152864565977,"EGFR"
"838","GO_Biological_Process_2017","endochondral ossification (GO:0001958)",0.111381960798784,0.239152864565977,"BMP4"
"852","GO_Biological_Process_2017","drug transmembrane transport (GO:0006855)",0.111381960798784,0.239152864565977,"ABCC3"
"856","GO_Biological_Process_2017","protein insertion into membrane (GO:0051205)",0.111381960798784,0.239152864565977,"EGFR"
"858","GO_Biological_Process_2017","negative regulation of retinoic acid receptor signaling pathway (GO:0048387)",0.111381960798784,0.239152864565977,"EZH2"
"882","GO_Biological_Process_2017","hematopoietic stem cell proliferation (GO:0071425)",0.111381960798784,0.239152864565977,"SFRP2"
"885","GO_Biological_Process_2017","glomerular basement membrane development (GO:0032836)",0.111381960798784,0.239152864565977,"SULF1"
"890","GO_Biological_Process_2017","adipose tissue development (GO:0060612)",0.111381960798784,0.239152864565977,"SOX8"
"521","GO_Biological_Process_2017","heterophilic cell-cell adhesion via plasma membrane cell adhesion molecules (GO:0007157)",0.111386265688263,0.239152864565977,"GRID2,VCAM1"
"445","GO_Biological_Process_2017","cellular response to retinoic acid (GO:0071300)",0.116163112103947,0.244248302793343,"RET,PTK7"
"450","GO_Biological_Process_2017","negative regulation of viral genome replication (GO:0045071)",0.116163112103947,0.244248302793343,"BTBD17,LTF"
"447","GO_Biological_Process_2017","female pregnancy (GO:0007565)",0.120991013650395,0.244248302793343,"PAPPA,PRLHR"
"541","GO_Biological_Process_2017","positive regulation of MAP kinase activity (GO:0043406)",0.120991013650395,0.244248302793343,"EGFR,EZH2"
"564","GO_Biological_Process_2017","G-protein coupled receptor signaling pathway, coupled to cyclic nucleotide second messenger (GO:0007187)",0.120991013650395,0.244248302793343,"CALCRL,TSHR"
"304","GO_Biological_Process_2017","cellular response to DNA damage stimulus (GO:0006974)",0.123398783978499,0.244248302793343,"TOP2A,RAD51,MYC,MCM10,DTL"
"641","GO_Biological_Process_2017","intracellular receptor signaling pathway (GO:0030522)",0.124405424461367,0.244248302793343,"AR"
"654","GO_Biological_Process_2017","cellular response to nitric oxide (GO:0071732)",0.124405424461367,0.244248302793343,"DPEP1"
"658","GO_Biological_Process_2017","membrane protein proteolysis (GO:0033619)",0.124405424461367,0.244248302793343,"RET"
"664","GO_Biological_Process_2017","energy reserve metabolic process (GO:0006112)",0.124405424461367,0.244248302793343,"MYC"
"692","GO_Biological_Process_2017","positive regulation of response to DNA damage stimulus (GO:2001022)",0.124405424461367,0.244248302793343,"MYC"
"696","GO_Biological_Process_2017","Notch signaling involved in heart development (GO:0061314)",0.124405424461367,0.244248302793343,"HEY1"
"705","GO_Biological_Process_2017","negative regulation of peptidyl-tyrosine phosphorylation (GO:0050732)",0.124405424461367,0.244248302793343,"SFRP2"
"709","GO_Biological_Process_2017","chylomicron remodeling (GO:0034371)",0.124405424461367,0.244248302793343,"LPL"
"730","GO_Biological_Process_2017","positive regulation of blood coagulation (GO:0030194)",0.124405424461367,0.244248302793343,"F2R"
"745","GO_Biological_Process_2017","neurotrophin TRK receptor signaling pathway (GO:0048011)",0.124405424461367,0.244248302793343,"NGFR"
"765","GO_Biological_Process_2017","sensory perception of light stimulus (GO:0050953)",0.124405424461367,0.244248302793343,"USH1C"
"775","GO_Biological_Process_2017","anoikis (GO:0043276)",0.124405424461367,0.244248302793343,"BMF"
"810","GO_Biological_Process_2017","somitogenesis (GO:0001756)",0.124405424461367,0.244248302793343,"LFNG"
"820","GO_Biological_Process_2017","negative regulation of transcription by competitive promoter binding (GO:0010944)",0.124405424461367,0.244248302793343,"TFAP2A"
"826","GO_Biological_Process_2017","mitotic DNA replication checkpoint (GO:0033314)",0.124405424461367,0.244248302793343,"CLSPN"
"834","GO_Biological_Process_2017","negative regulation of pri-miRNA transcription from RNA polymerase II promoter (GO:1902894)",0.124405424461367,0.244248302793343,"LILRB4"
"835","GO_Biological_Process_2017","cytoplasmic sequestering of transcription factor (GO:0042994)",0.124405424461367,0.244248302793343,"MDFI"
"836","GO_Biological_Process_2017","embryonic digestive tract morphogenesis (GO:0048557)",0.124405424461367,0.244248302793343,"SOX11"
"840","GO_Biological_Process_2017","pattern specification process (GO:0007389)",0.124405424461367,0.244248302793343,"SIX1"
"841","GO_Biological_Process_2017","cardiac muscle tissue morphogenesis (GO:0055008)",0.124405424461367,0.244248302793343,"BMP2"
"842","GO_Biological_Process_2017","regulation of smooth muscle contraction (GO:0006940)",0.124405424461367,0.244248302793343,"NMU"
"843","GO_Biological_Process_2017","positive regulation of lipid storage (GO:0010884)",0.124405424461367,0.244248302793343,"C3"
"844","GO_Biological_Process_2017","excitatory postsynaptic potential (GO:0060079)",0.124405424461367,0.244248302793343,"GRID2"
"848","GO_Biological_Process_2017","response to gamma radiation (GO:0010332)",0.124405424461367,0.244248302793343,"MYC"
"857","GO_Biological_Process_2017","positive regulation of protein homooligomerization (GO:0032464)",0.124405424461367,0.244248302793343,"BMF"
"859","GO_Biological_Process_2017","G-protein coupled glutamate receptor signaling pathway (GO:0007216)",0.124405424461367,0.244248302793343,"GRIK3"
"873","GO_Biological_Process_2017","tyrosine phosphorylation of STAT protein (GO:0007260)",0.124405424461367,0.244248302793343,"F2R"
"878","GO_Biological_Process_2017","response to osmotic stress (GO:0006970)",0.124405424461367,0.244248302793343,"MARVELD3"
"899","GO_Biological_Process_2017","homeostatic process (GO:0042592)",0.124405424461367,0.244248302793343,"NR5A2"
"507","GO_Biological_Process_2017","positive regulation of endothelial cell migration (GO:0010595)",0.125867462712238,0.24651603062909,"BMP4,SPARC"
"945","GO_Cellular_Component_2017","chromosome, centromeric region (GO:0000775)",1.68914611699363e-12,2.78709109303949e-10,"CENPE,CENPF,CDCA5,NUF2,HJURP,BIRC5,CDCA8,KIF2C,OIP5,CENPA,NDC80"
"946","GO_Cellular_Component_2017","condensed chromosome kinetochore (GO:0000777)",1.87800871902866e-09,1.54935719319864e-07,"HJURP,BUB1B,BIRC5,BUB1,NDC80,SPC25"
"947","GO_Cellular_Component_2017","kinesin complex (GO:0005871)",8.02610802065196e-09,4.41435941135858e-07,"CENPE,KIF18A,KIF18B,KIF4A,KIF14,KIF23,KIF2C,KIF20A,KIF11"
"951","GO_Cellular_Component_2017","condensed chromosome outer kinetochore (GO:0000940)",3.52343458077611e-08,1.45341676457014e-06,"CENPE,CENPF,BUB1B,SKA3,SKA1"
"948","GO_Cellular_Component_2017","kinetochore (GO:0000776)",1.22749119010091e-07,4.05072092733299e-06,"CDT1,CENPE,CENPF,CENPI,BUB1B,KIF2C,SKA3,BUB1,AURKB,NDC80"
"949","GO_Cellular_Component_2017","spindle (GO:0005819)",1.11842165979229e-06,3.07565956442881e-05,"CDC20,TPX2,CENPF,KIF23,TTK,KIF20A,KIF11,AURKB"
"953","GO_Cellular_Component_2017","spindle microtubule (GO:0005876)",4.14850246169335e-06,9.77861294542005e-05,"KIF4A,CDK1,KIF11,SKA3,SKA1,AURKB"
"1093","GO_Cellular_Component_2017","chromosome passenger complex (GO:0032133)",3.04524932783985e-05,0.000628082673866969,"BIRC5,CDCA8,AURKB"
"952","GO_Cellular_Component_2017","proteinaceous extracellular matrix (GO:0005578)",7.21551261004681e-05,0.00132284397850858,"BCAN,ACAN,POSTN,LRRN1,FMOD,LRRC55,HAPLN1,TIMP4"
"954","GO_Cellular_Component_2017","spindle midzone (GO:0051233)",0.000181681140659154,0.00299773882087604,"KIF14,CDCA8,BUB1B,AURKB"
"958","GO_Cellular_Component_2017","mitotic spindle (GO:0072686)",0.000546784125255035,0.00820176187882553,"TPX2,ESPL1,CKAP2L,CDK1,KIF23"
"956","GO_Cellular_Component_2017","chromatin (GO:0000785)",0.000605466908292462,0.00832516998902135,"CENPF,RAD51,CDK4,OIP5,ESCO2,MCM2"
"1099","GO_Cellular_Component_2017","condensin complex (GO:0000796)",0.00207743009819283,0.0263673820155244,"NCAPG,NCAPH"
"957","GO_Cellular_Component_2017","microtubule cytoskeleton (GO:0015630)",0.00307800126511271,0.0318246164623144,"TPX2,CCNB2,CENPE,KIF18A,KIF2C,SKA1,MCM2"
"1088","GO_Cellular_Component_2017","condensed chromosome, centromeric region (GO:0000779)",0.00308602341452745,0.0318246164623144,"CENPE,AURKB"
"1090","GO_Cellular_Component_2017","condensed nuclear chromosome, centromeric region (GO:0000780)",0.00308602341452745,0.0318246164623144,"CENPA,AURKB"
"963","GO_Cellular_Component_2017","anaphase-promoting complex (GO:0005680)",0.00340402377362325,0.0330390542734021,"CDC20,UBE2C,BUB1B"
"950","GO_Cellular_Component_2017","integral component of plasma membrane (GO:0005887)",0.00399983838607886,0.0352994405799791,"RET,CX3CR1,CALCRL,VIPR2,GRIK3,FPR3,ASIC4,PRLHR,CNGA3,PCDHA9,HLA-DQA1,HS3ST3B1,ABCC3,NGFR,GRID2,ST14,GPR34,KLRC2,KCNH7,ECEL1,F2R,PCDHGA1,TSHR,MMP14,PCDHB2,SELL,PCDHB3,PCDHB9,CD44,PCDHB8"
"1091","GO_Cellular_Component_2017","lateral element (GO:0000800)",0.0042787200703005,0.0352994405799791,"RAD51,BRCA2"
"1094","GO_Cellular_Component_2017","replication fork protection complex (GO:0031298)",0.0042787200703005,0.0352994405799791,"CDC45,MCM10"
"965","GO_Cellular_Component_2017","nuclear chromosome (GO:0000228)",0.00563813537676164,0.0442996351031272,"TOP2A,RAD51,BIRC5"
"955","GO_Cellular_Component_2017","centrosome (GO:0005813)",0.006488924143226,0.048666931074195,"TFAP2A,CKAP2L,KIF23,BRCA2,NDC80,KIF15,CCNB2,CDC45,ESPL1,CDK1,KIF2C,DTL,CEP55"
"1066","GO_Cellular_Component_2017","microfibril (GO:0001527)",0.00719425152075691,0.0516109348228213,"FBN2,MFAP2"
"1065","GO_Cellular_Component_2017","spindle pole centrosome (GO:0031616)",0.00890630506902489,0.0612308473495461,"AURKB,DLGAP5"
"1038","GO_Cellular_Component_2017","MHC class II protein complex (GO:0042613)",0.0149974101235429,0.0961821477816692,"HLA-DOA,HLA-DQA1"
"959","GO_Cellular_Component_2017","endoplasmic reticulum lumen (GO:0005788)",0.01515597480196,0.0961821477816692,"COL1A1,C3,BMP4,ADAMTS5,COL3A1,EVA1A,COL22A1,TNC,F5"
"964","GO_Cellular_Component_2017","platelet alpha granule lumen (GO:0031093)",0.016809454244224,0.101452033185819,"SPARC,IGF2,LEFTY2,F5"
"1042","GO_Cellular_Component_2017","microtubule plus-end (GO:0035371)",0.0173294813233878,0.101452033185819,"KIF18B,KIF2C"
"962","GO_Cellular_Component_2017","nuclear chromosome, telomeric region (GO:0000784)",0.0178309634084167,0.101452033185819,"RAD51,ORC1,CDK1,BRCA2,MCM2"
"967","GO_Cellular_Component_2017","secretory granule (GO:0030141)",0.023462032323558,0.129041177779569,"TRH,BRCA2,LTF"
"1026","GO_Cellular_Component_2017","condensed chromosome (GO:0000793)",0.0251641147284648,0.129752466568647,"RAD51,MKI67"
"1036","GO_Cellular_Component_2017","cyclin-dependent protein kinase holoenzyme complex (GO:0000307)",0.0251641147284648,0.129752466568647,"CDK4,CDK1"
"969","GO_Cellular_Component_2017","chromosome (GO:0005694)",0.028091589352868,0.14045794676434,"CENPE,CDCA2,CDCA5"
"970","GO_Cellular_Component_2017","caveola (GO:0005901)",0.0297346690131843,0.144300599622806,"KIF18A,PLVAP,F2R"
"961","GO_Cellular_Component_2017","nuclear body (GO:0016604)",0.0341157754076468,0.160831512636049,"CDT1,KIF18B,CENPI,EXO1,GSC,CDCA8,HOXD3,MKI67"
"971","GO_Cellular_Component_2017","extracellular vesicle (GO:1903561)",0.0368022314691122,0.168676894233431,"LFNG,OLFML3,F5"
"966","GO_Cellular_Component_2017","nuclear chromatin (GO:0000790)",0.0385286895663191,0.171817129147099,"AR,RAD51,CDCA5,TCF12,ASF1B,EZH2"
"978","GO_Cellular_Component_2017","perikaryon (GO:0043204)",0.0551955127593241,0.237035940090869,"TMEM100,GRIK3"
"968","GO_Cellular_Component_2017","Golgi lumen (GO:0005796)",0.0560266767487509,0.237035940090869,"BCAN,ACAN,MMP14,FMOD"
"960","GO_Cellular_Component_2017","nucleolus (GO:0005730)",0.0613866027788163,0.24975345649945,"TOP2A,HJURP,CDCA8,SIX1,MCM10,MKI67,ETV4,RAD51,ORC1,CDK4,MYC,PHLDA1,DTL,SPC24,MCM2"
"972","GO_Cellular_Component_2017","spindle pole (GO:0000922)",0.0626008994580978,0.24975345649945,"TPX2,CENPF,KIF11"
"1103","GO_Cellular_Component_2017","microtubule minus-end (GO:0036449)",0.0711418936695403,0.24975345649945,"ASPM"
"1105","GO_Cellular_Component_2017","cohesin complex (GO:0008278)",0.0711418936695403,0.24975345649945,"CDCA5"
"1106","GO_Cellular_Component_2017","central element (GO:0000801)",0.0711418936695403,0.24975345649945,"SYCE2"
"1107","GO_Cellular_Component_2017","Cul4B-RING E3 ubiquitin ligase complex (GO:0031465)",0.0711418936695403,0.24975345649945,"DTL"
"1108","GO_Cellular_Component_2017","macropinosome (GO:0044354)",0.0711418936695403,0.24975345649945,"MMP14"
"1109","GO_Cellular_Component_2017","plasma membrane protein complex (GO:0098797)",0.0711418936695403,0.24975345649945,"RET"
"1","KEGG_2016","Cell cycle_Homo sapiens_hsa04110",4.09528331281779e-10,5.77434947107309e-08,"CDKN2A,BUB1B,TTK,CDC25C,CDC20,CCNB2,CDC45,ESPL1,ORC1,CDK4,MYC,CDK1,E2F2,BUB1,MCM2"
"2","KEGG_2016","Staphylococcus aureus infection_Homo sapiens_hsa05150",1.69165889610137e-05,0.00119261952175147,"C3,C1QA,FPR3,MASP1,HLA-DOA,HLA-DQA1,C1QC"
"3","KEGG_2016","Bladder cancer_Homo sapiens_hsa05219",2.74397287056412e-05,0.00128966724916514,"CDKN2A,CDK4,MMP2,MYC,E2F2,EGFR"
"4","KEGG_2016","HTLV-I infection_Homo sapiens_hsa05166",0.000119073403131072,0.00374369219329532,"EGR2,VCAM1,MSX2,CDKN2A,BUB1B,CDC20,CCNB2,CDK4,MYC,E2F2,MYBL2,HLA-DOA,HLA-DQA1"
"5","KEGG_2016","MicroRNAs in cancer_Homo sapiens_hsa05206",0.000132755042315437,0.00374369219329532,"ST14,CDKN2A,CDCA5,TNC,KIF23,CDC25C,EGFR,TNN,MYC,E2F2,BMF,SOX4,CD44,EZH2"
"6","KEGG_2016","Pancreatic cancer_Homo sapiens_hsa05212",0.000408265206223219,0.00915264403318892,"RAD51,CDK4,CDKN2A,E2F2,BRCA2,EGFR"
"7","KEGG_2016","Oocyte meiosis_Homo sapiens_hsa04114",0.00046351797979258,0.00915264403318892,"CDC20,AR,CCNB2,SGOL1,ESPL1,CDK1,CDC25C,BUB1"
"8","KEGG_2016","p53 signaling pathway_Homo sapiens_hsa04115",0.000519298952237669,0.00915264403318892,"CCNB2,RRM2,CDK4,CDKN2A,CDK1,GTSE1"
"10","KEGG_2016","Complement and coagulation cascades_Homo sapiens_hsa04610",0.00106603804120545,0.016701262645552,"C3,C1QA,F2R,MASP1,F5,C1QC"
"11","KEGG_2016","TGF-beta signaling pathway_Homo sapiens_hsa04350",0.00146701354209133,0.0206848909434877,"BMP4,BMP2,MYC,ID3,LEFTY2,GDF7"
"9","KEGG_2016","Pathways in cancer_Homo sapiens_hsa05200",0.00228373409366256,0.0292733188369474,"RET,CDKN2A,MMP2,F2R,BRCA2,EGFR,BMP4,AR,BMP2,RAD51,CDK4,MYC,BIRC5,E2F2"
"15","KEGG_2016","ECM-receptor interaction_Homo sapiens_hsa04512",0.00710697478164747,0.0835069536843577,"COL1A1,TNN,TNC,HMMR,CD44"
"12","KEGG_2016","Non-small cell lung cancer_Homo sapiens_hsa05223",0.00912175280453039,0.098935934264522,"CDK4,CDKN2A,E2F2,EGFR"
"13","KEGG_2016","Glioma_Homo sapiens_hsa05214",0.0151867300168435,0.152952066598209,"CDK4,CDKN2A,E2F2,EGFR"
"14","KEGG_2016","AGE-RAGE signaling pathway in diabetic complications_Homo sapiens_hsa04933",0.0165145421696396,0.155236696394613,"COL1A1,COL3A1,VCAM1,CDK4,MMP2"
"16","KEGG_2016","Signaling pathways regulating pluripotency of stem cells_Homo sapiens_hsa04550",0.0183641487035681,0.161834060450194,"BMP4,BMP2,MYC,ID3,LHX5,LEFTY2"
"17","KEGG_2016","Melanoma_Homo sapiens_hsa05218",0.0203701423781459,0.168952357371681,"CDK4,CDKN2A,E2F2,EGFR"
"18","KEGG_2016","Chronic myeloid leukemia_Homo sapiens_hsa05220",0.0223113998922759,0.174772632489494,"CDK4,CDKN2A,MYC,E2F2"
"25","KEGG_2016","Notch signaling pathway_Homo sapiens_hsa04330",0.0331698078429601,0.246154889781967,"LFNG,MAML2,DLL3"
