"","target","p","padj"
"KIT","KIT",0.003,1
"NCOR2","NCOR2",0.005,1
"PDGFRA","PDGFRA",0.006,1
"TAOK1","TAOK1",0.011,1
"ABL1","ABL1",0.018,1
"PIK3CB","PIK3CB",0.022,1
"DDR2","DDR2",0.025,1
"BCR","BCR",0.027,1
"NEK2","NEK2",0.028,1
"PIK3CD","PIK3CD",0.028,1
"PIK3CG","PIK3CG",0.028,1
"BTK","BTK",0.031,1
"ROS1","ROS1",0.031,1
"TRAP1","TRAP1",0.034,1
"LIMK1","LIMK1",0.035,1
"FLT3","FLT3",0.037,1
"LRRK2","LRRK2",0.037,1
"PAK4","PAK4",0.037,1
"PRKAA1","PRKAA1",0.037,1
"MST1R","MST1R",0.038,1
"ITK","ITK",0.04,1
"CLK4","CLK4",0.045,1
"MAP4K5","MAP4K5",0.045,1
"MAP2K1","MAP2K1",0.046,1
"DAPK3","DAPK3",0.048,1
"PLK3","PLK3",0.05,1
"ALK","ALK",0.057,1
"MAPK8","MAPK8",0.058,1
"NR0B1","NR0B1",0.061,1
"PIK3R1","PIK3R1",0.061,1
"AURKA","AURKA",0.063,1
"PRKDC","PRKDC",0.065,1
"ROCK2","ROCK2",0.065,1
"DYRK1B","DYRK1B",0.072,1
"CSF1R","CSF1R",0.075,1
"FGFR1","FGFR1",0.08,1
"BMX","BMX",0.081,1
"ACVR1","ACVR1",0.085,1
"KDM4DL","KDM4DL",0.088,1
"MCL1","MCL1",0.088,1
"AURKC","AURKC",0.089,1
"EDNRA","EDNRA",0.098,1
"ESRRB","ESRRB",0.098,1
"GPER","GPER",0.098,1
"SHBG","SHBG",0.098,1
"PIK3CA","PIK3CA",0.099,1
"KDR","KDR",0.1,1
"CSK","CSK",0.107,1
"MELK","MELK",0.11,1
"PAK1","PAK1",0.11,1
"HDAC1","HDAC1",0.114,1
"HDAC10","HDAC10",0.114,1
"HDAC11","HDAC11",0.114,1
"HDAC2","HDAC2",0.114,1
"HDAC3","HDAC3",0.114,1
"HDAC4","HDAC4",0.114,1
"HDAC5","HDAC5",0.114,1
"HDAC6","HDAC6",0.114,1
"HDAC7","HDAC7",0.114,1
"HDAC8","HDAC8",0.114,1
"HDAC9","HDAC9",0.114,1
"FGFR3","FGFR3",0.115,1
"BLK","BLK",0.116,1
"GABRA1","GABRA1",0.116,1
"GABRA2","GABRA2",0.116,1
"GABRA3","GABRA3",0.116,1
"GABRA5","GABRA5",0.116,1
"GABRB3","GABRB3",0.116,1
"GABRG2","GABRG2",0.116,1
"PIM3","PIM3",0.119,1
"AOX1","AOX1",0.121,1
"CCR2","CCR2",0.124,1
"CYP2C8","CYP2C8",0.124,1
"THRA","THRA",0.124,1
"THRB","THRB",0.124,1
"MAP2K2","MAP2K2",0.128,1
"APAF1","APAF1",0.131,1
"FYN","FYN",0.133,1
"IRAK4","IRAK4",0.133,1
"XBP1","XBP1",0.134,1
"SLCO1B3","SLCO1B3",0.14,1
"BRSK1","BRSK1",0.141,1
"RPS6KB1","RPS6KB1",0.141,1
"TNK2","TNK2",0.142,1
"SLCO4C1","SLCO4C1",0.146,1
"SRC","SRC",0.146,1
"AXL","AXL",0.149,1
"LTK","LTK",0.15,1
"NR3C1","NR3C1",0.155,1
"BCL2","BCL2",0.158,1
"BCL2L1","BCL2L1",0.158,1
"MAP3K10","MAP3K10",0.158,1
"ZAK","ZAK",0.158,1
"DDR1","DDR1",0.161,1
"JAK3","JAK3",0.161,1
"CLK2","CLK2",0.164,1
"RPS6KA3","RPS6KA3",0.164,1
"NTRK3","NTRK3",0.166,1
"TYRO3","TYRO3",0.166,1
"RET","RET",0.167,1
"HSP90AA1","HSP90AA1",0.168,1
"HSP90AB1","HSP90AB1",0.168,1
"MARK4","MARK4",0.171,1
"EGFR","EGFR",0.179,1
"MAP4K2","MAP4K2",0.183,1
"ERBB2","ERBB2",0.185,1
"MMP14","MMP14",0.188,1
"MMP8","MMP8",0.188,1
"F2","F2",0.189,1
"PDPK1","PDPK1",0.205,1
"MAP4K4","MAP4K4",0.209,1
"PRKX","PRKX",0.215,1
"MAPK9","MAPK9",0.216,1
"SCN9A","SCN9A",0.216,1
"LCK","LCK",0.223,1
"NTRK2","NTRK2",0.225,1
"CCND1","CCND1",0.226,1
"CCR4","CCR4",0.226,1
"PDGFRB","PDGFRB",0.23,1
"PLK4","PLK4",0.232,1
"SLC22A11","SLC22A11",0.233,1
"SLC22A6","SLC22A6",0.233,1
"SLC22A8","SLC22A8",0.233,1
"SRMS","SRMS",0.235,1
"ROCK1","ROCK1",0.241,1
"EPHA2","EPHA2",0.243,1
"ADORA2B","ADORA2B",0.245,1
"PTK6","PTK6",0.247,1
"NFKB1","NFKB1",0.254,1
"NFKB2","NFKB2",0.254,1
"RELA","RELA",0.254,1
"TYK2","TYK2",0.254,1
"INSR","INSR",0.26,1
"CACNA1B","CACNA1B",0.264,1
"NR1H4","NR1H4",0.265,1
"NR1I2","NR1I2",0.265,1
"HRH4","HRH4",0.266,1
"HTR4","HTR4",0.268,1
"PGR","PGR",0.269,1
"SLC6A3","SLC6A3",0.27,1
"PSMB1","PSMB1",0.271,1
"PSMB2","PSMB2",0.271,1
"PSMB5","PSMB5",0.271,1
"MMP12","MMP12",0.273,1
"MMP13","MMP13",0.273,1
"MMP3","MMP3",0.273,1
"MMP9","MMP9",0.273,1
"PARP2","PARP2",0.278,1
"TNKS2","TNKS2",0.278,1
"STAT3","STAT3",0.279,1
"AR","AR",0.283,1
"ABCC1","ABCC1",0.288,1
"MARK3","MARK3",0.288,1
"NTRK1","NTRK1",0.289,1
"TOP2A","TOP2A",0.289,1
"CA3","CA3",0.29,1
"F3","F3",0.296,1
"MAPK13","MAPK13",0.296,1
"NEK4","NEK4",0.296,1
"PHKG2","PHKG2",0.296,1
"PRKG1","PRKG1",0.296,1
"ZAP70","ZAP70",0.296,1
"AURKB","AURKB",0.304,1
"CDK7","CDK7",0.306,1
"IGF1R","IGF1R",0.307,1
"MYLK","MYLK",0.307,1
"PKN2","PKN2",0.312,1
"HIPK2","HIPK2",0.314,1
"PLK1","PLK1",0.314,1
"JAK2","JAK2",0.316,1
"SIK2","SIK2",0.319,1
"ESRRA","ESRRA",0.32,1
"CCND2","CCND2",0.322,1
"CCND3","CCND3",0.322,1
"PI4KB","PI4KB",0.326,1
"PIK3C2B","PIK3C2B",0.326,1
"PIK3C3","PIK3C3",0.326,1
"ESR1","ESR1",0.33,1
"HTR5A","HTR5A",0.33,1
"DYRK3","DYRK3",0.331,1
"FES","FES",0.331,1
"TEC","TEC",0.331,1
"TXK","TXK",0.331,1
"MET","MET",0.337,1
"TACR2","TACR2",0.339,1
"GRM1","GRM1",0.341,1
"NR3C2","NR3C2",0.346,1
"LYN","LYN",0.352,1
"SLC22A3","SLC22A3",0.365,1
"CA1","CA1",0.372,1
"CA12","CA12",0.372,1
"CA14","CA14",0.372,1
"CA2","CA2",0.372,1
"CA4","CA4",0.372,1
"CA5A","CA5A",0.372,1
"CA5B","CA5B",0.372,1
"CA6","CA6",0.372,1
"CA7","CA7",0.372,1
"CA9","CA9",0.372,1
"ERBB4","ERBB4",0.372,1
"EIF2AK2","EIF2AK2",0.38,1
"CHEK1","CHEK1",0.386,1
"MMP2","MMP2",0.387,1
"GPR55","GPR55",0.388,1
"SMO","SMO",0.388,1
"PTK2","PTK2",0.389,1
"FLT1","FLT1",0.39,1
"GRK5","GRK5",0.391,1
"ATP1A1","ATP1A1",0.392,1
"ATP1A2","ATP1A2",0.392,1
"ATP1A3","ATP1A3",0.392,1
"ATP1A4","ATP1A4",0.392,1
"ATP1B1","ATP1B1",0.392,1
"ATP1B2","ATP1B2",0.392,1
"ATP1B3","ATP1B3",0.392,1
"CDK6","CDK6",0.392,1
"FXYD2","FXYD2",0.392,1
"RORC","RORC",0.392,1
"MARK2","MARK2",0.395,1
"YES1","YES1",0.396,1
"FLT4","FLT4",0.402,1
"EPHB4","EPHB4",0.408,1
"SLK","SLK",0.408,1
"TOP2B","TOP2B",0.414,1
"ADRB1","ADRB1",0.415,1
"BDKRB2","BDKRB2",0.415,1
"MC3R","MC3R",0.415,1
"MC4R","MC4R",0.415,1
"MC5R","MC5R",0.415,1
"CCNA2","CCNA2",0.421,1
"PRKD3","PRKD3",0.422,1
"PTGS2","PTGS2",0.425,1
"CASP1","CASP1",0.431,1
"FGFR2","FGFR2",0.438,1
"ADRA1B","ADRA1B",0.442,1
"PRKCZ","PRKCZ",0.443,1
"DRD2","DRD2",0.452,1
"CDK2","CDK2",0.454,1
"SLC6A4","SLC6A4",0.454,1
"CHRM2","CHRM2",0.455,1
"ABCB1","ABCB1",0.459,1
"MAPK12","MAPK12",0.461,1
"ADCY1","ADCY1",0.464,1
"ADRA2B","ADRA2B",0.475,1
"TUBA1A","TUBA1A",0.476,1
"TUBA1B","TUBA1B",0.476,1
"TUBA1C","TUBA1C",0.476,1
"TUBA3C","TUBA3C",0.476,1
"TUBA3D","TUBA3D",0.476,1
"TUBA3E","TUBA3E",0.476,1
"TUBA4A","TUBA4A",0.476,1
"TUBB","TUBB",0.476,1
"TUBB1","TUBB1",0.476,1
"TUBB2A","TUBB2A",0.476,1
"TUBB2B","TUBB2B",0.476,1
"TUBB2C","TUBB2C",0.476,1
"TUBB3","TUBB3",0.476,1
"TUBB4","TUBB4",0.476,1
"TUBB6","TUBB6",0.476,1
"TUBB8","TUBB8",0.476,1
"SIRT1","SIRT1",0.48,1
"SIRT2","SIRT2",0.48,1
"DRD4","DRD4",0.481,1
"CAMK2A","CAMK2A",0.483,1
"CAMK2B","CAMK2B",0.492,1
"MAPK11","MAPK11",0.493,1
"HRH3","HRH3",0.495,1
"HSD17B1","HSD17B1",0.495,1
"EBP","EBP",0.501,1
"KCNH2","KCNH2",0.501,1
"CDK5","CDK5",0.504,1
"MMP1","MMP1",0.504,1
"TEK","TEK",0.512,1
"SLCO1B1","SLCO1B1",0.513,1
"DYRK1A","DYRK1A",0.521,1
"AKR1B1","AKR1B1",0.524,1
"AKT1","AKT1",0.524,1
"ALOX12","ALOX12",0.524,1
"ALOX15","ALOX15",0.524,1
"AMY1A","AMY1A",0.524,1
"AMY1B","AMY1B",0.524,1
"AMY1C","AMY1C",0.524,1
"AMY2A","AMY2A",0.524,1
"AVPR2","AVPR2",0.524,1
"CXCR1","CXCR1",0.524,1
"CYP19A1","CYP19A1",0.524,1
"CYP1A1","CYP1A1",0.524,1
"CYP1B1","CYP1B1",0.524,1
"GLO1","GLO1",0.524,1
"GPR35","GPR35",0.524,1
"HSD17B2","HSD17B2",0.524,1
"NOX4","NOX4",0.524,1
"PKN1","PKN1",0.524,1
"PLA2G1B","PLA2G1B",0.524,1
"PLAU","PLAU",0.524,1
"PTPN1","PTPN1",0.524,1
"XDH","XDH",0.524,1
"ADORA3","ADORA3",0.527,1
"MINK1","MINK1",0.528,1
"DPP4","DPP4",0.529,1
"ESR2","ESR2",0.53,1
"CDK4","CDK4",0.532,1
"ACHE","ACHE",0.536,1
"CSNK1A1","CSNK1A1",0.537,1
"FABP2","FABP2",0.537,1
"GPBAR1","GPBAR1",0.537,1
"SOAT1","SOAT1",0.537,1
"CA13","CA13",0.546,1
"TOP1","TOP1",0.548,1
"ABCG2","ABCG2",0.552,1
"CHRM1","CHRM1",0.555,1
"HTR7","HTR7",0.558,1
"TNKS","TNKS",0.572,1
"TGFBR1","TGFBR1",0.573,1
"MAPK10","MAPK10",0.576,1
"HCK","HCK",0.583,1
"CDK9","CDK9",0.585,1
"GRM5","GRM5",0.589,1
"FER","FER",0.594,1
"ADRA2A","ADRA2A",0.595,1
"IRAK1","IRAK1",0.596,1
"PRKACA","PRKACA",0.596,1
"SRPK1","SRPK1",0.596,1
"STK17A","STK17A",0.596,1
"TBK1","TBK1",0.596,1
"TSSK1B","TSSK1B",0.596,1
"ADRA1A","ADRA1A",0.601,1
"CTSB","CTSB",0.603,1
"CTSK","CTSK",0.603,1
"MAPK14","MAPK14",0.604,1
"CCNE1","CCNE1",0.609,1
"CCNH","CCNH",0.609,1
"HTR6","HTR6",0.609,1
"NISCH","NISCH",0.612,1
"MKNK2","MKNK2",0.621,1
"CDC42BPA","CDC42BPA",0.628,1
"LTA4H","LTA4H",0.632,1
"CSNK1D","CSNK1D",0.634,1
"DRD1","DRD1",0.634,1
"CDK8","CDK8",0.639,1
"FGFR4","FGFR4",0.639,1
"TNF","TNF",0.639,1
"","",0.641,1
"CHEK2","CHEK2",0.644,1
"PRNP","PRNP",0.662,1
"HTR1D","HTR1D",0.664,1
"SLC6A2","SLC6A2",0.665,1
"OPRK1","OPRK1",0.666,1
"HTR1A","HTR1A",0.672,1
"EPHB2","EPHB2",0.674,1
"RIPK2","RIPK2",0.674,1
"HTR2C","HTR2C",0.676,1
"BCHE","BCHE",0.685,1
"STK3","STK3",0.685,1
"PARP1","PARP1",0.687,1
"CYP1A2","CYP1A2",0.691,1
"KARS","KARS",0.692,1
"MAPK1","MAPK1",0.692,1
"ALOX5","ALOX5",0.694,1
"ADRA2C","ADRA2C",0.711,1
"CHRNA3","CHRNA3",0.716,1
"CHRNA4","CHRNA4",0.716,1
"CHRNA7","CHRNA7",0.716,1
"CHRNB2","CHRNB2",0.716,1
"TLR9","TLR9",0.717,1
"CAMK2D","CAMK2D",0.72,1
"CAMK2G","CAMK2G",0.72,1
"OPRD1","OPRD1",0.72,1
"OPRL1","OPRL1",0.72,1
"OPRM1","OPRM1",0.72,1
"DHCR7","DHCR7",0.721,1
"BACE1","BACE1",0.723,1
"CCNB1","CCNB1",0.749,1
"HTR2A","HTR2A",0.749,1
"HRH1","HRH1",0.75,1
"HTR2B","HTR2B",0.751,1
"RXRA","RXRA",0.754,1
"MTOR","MTOR",0.757,1
"FKBP1A","FKBP1A",0.76,1
"CCNA1","CCNA1",0.761,1
"SLC22A1","SLC22A1",0.762,1
"MAOB","MAOB",0.765,1
"CHRM3","CHRM3",0.769,1
"CHRM5","CHRM5",0.769,1
"PRKD2","PRKD2",0.769,1
"HTR3A","HTR3A",0.778,1
"CSNK2A1","CSNK2A1",0.779,1
"MAOA","MAOA",0.78,1
"CYP2D6","CYP2D6",0.782,1
"HTR3B","HTR3B",0.782,1
"HTR3C","HTR3C",0.782,1
"HTR3D","HTR3D",0.782,1
"HTR3E","HTR3E",0.782,1
"CHRM4","CHRM4",0.785,1
"IDO1","IDO1",0.786,1
"CYP2C19","CYP2C19",0.787,1
"CDK5R1","CDK5R1",0.789,1
"CCNT1","CCNT1",0.79,1
"NOX1","NOX1",0.794,1
"ABCB11","ABCB11",0.798,1
"ADRA1D","ADRA1D",0.803,1
"DRD3","DRD3",0.803,1
"ESRRG","ESRRG",0.805,1
"PLD1","PLD1",0.805,1
"PLD2","PLD2",0.805,1
"JAK1","JAK1",0.818,1
"TACR1","TACR1",0.82,1
"CNR1","CNR1",0.825,1
"EBPL","EBPL",0.825,1
"FRK","FRK",0.825,1
"SLC47A2","SLC47A2",0.828,1
"ADORA1","ADORA1",0.831,1
"ADORA2A","ADORA2A",0.831,1
"PRKCQ","PRKCQ",0.831,1
"SYK","SYK",0.836,1
"SSTR4","SSTR4",0.842,1
"CCNE2","CCNE2",0.844,1
"PRKCI","PRKCI",0.844,1
"PRKD1","PRKD1",0.844,1
"HRH2","HRH2",0.846,1
"RARA","RARA",0.849,1
"RARB","RARB",0.849,1
"RARG","RARG",0.849,1
"PDE2A","PDE2A",0.858,1
"SLC29A1","SLC29A1",0.858,1
"MAPK3","MAPK3",0.86,1
"SIGMAR1","SIGMAR1",0.861,1
"CYP2B6","CYP2B6",0.866,1
"CYP2B7P1","CYP2B7P1",0.866,1
"GSK3B","GSK3B",0.868,1
"HIF1A","HIF1A",0.869,1
"RAF1","RAF1",0.869,1
"PRKCA","PRKCA",0.871,1
"PRKCE","PRKCE",0.871,1
"PRKCH","PRKCH",0.871,1
"CYP3A4","CYP3A4",0.872,1
"ADRB3","ADRB3",0.884,1
"CYP2C9","CYP2C9",0.891,1
"TBXAS1","TBXAS1",0.898,1
"PTK2B","PTK2B",0.899,1
"CDK1","CDK1",0.9,1
"PRKCD","PRKCD",0.906,1
"CCNB2","CCNB2",0.907,1
"CCNB3","CCNB3",0.907,1
"PRKCB","PRKCB",0.914,1
"ABCC2","ABCC2",0.932,1
"SLCO2B1","SLCO2B1",0.932,1
"SLC47A1","SLC47A1",0.938,1
"SCN1A","SCN1A",0.939,1
"SCN2A","SCN2A",0.939,1
"SCN3A","SCN3A",0.939,1
"PIM1","PIM1",0.94,1
"PTGS1","PTGS1",0.945,1
"CNR2","CNR2",0.946,1
"TRPV1","TRPV1",0.946,1
"HMGCR","HMGCR",0.952,1
"GSK3A","GSK3A",0.953,1
"ADRB2","ADRB2",0.959,1
"MAPKAPK2","MAPKAPK2",0.959,1
"PRKCG","PRKCG",0.964,1
"PDE5A","PDE5A",0.97,1
"SLC22A2","SLC22A2",0.972,1
"PDE3B","PDE3B",0.975,1
"PDE1A","PDE1A",0.984,1
"PDE1B","PDE1B",0.984,1
"PDE1C","PDE1C",0.984,1
"PDE3A","PDE3A",0.984,1
"CAMKK2","CAMKK2",0.987,1
"CSNK1G1","CSNK1G1",0.987,1
"CSNK1G2","CSNK1G2",0.987,1
"SGK2","SGK2",0.987,1
"ABCC4","ABCC4",0.989,1
"PDE10A","PDE10A",0.989,1
"PDE11A","PDE11A",0.989,1
"PDE4A","PDE4A",0.989,1
"PDE4B","PDE4B",0.989,1
"PDE4C","PDE4C",0.989,1
"PDE4D","PDE4D",0.989,1
"PDE6A","PDE6A",0.989,1
"PDE6B","PDE6B",0.989,1
"PDE6C","PDE6C",0.989,1
"PDE6D","PDE6D",0.989,1
"PDE6G","PDE6G",0.989,1
"PDE6H","PDE6H",0.989,1
"PDE7A","PDE7A",0.989,1
"BRAF","BRAF",0.992,1
"HIPK4","HIPK4",0.997,1
