"","pert_iname","clinical_phase","moa","target","mean","n","median","sd","sRGES"
"118","kenpaullone","Preclinical","CDK inhibitor|glycogen synthase kinase inhibitor","CCNB1|CDK1|CDK5|GSK3B",-1.14485344239945,1,-1.14485344239945,NA,-1.14485344239945
"150","neratinib","Phase 3","EGFR inhibitor","EGFR|ERBB2|KDR",-1.0947511929107,1,-1.0947511929107,NA,-1.0947511929107
"174","PF-562271","Phase 1","focal adhesion kinase inhibitor","PTK2|PTK2B",-1.015081799591,1,-1.015081799591,NA,-1.015081799591
"17","asiatic-acid","Preclinical","apoptosis stimulant","PYGM",-0.909253578732106,1,-0.909253578732106,NA,-0.909253578732106
"215","sildenafil","Launched","phosphodiesterase inhibitor","PDE5A|PDE6G|PDE6H|SLCO1B1|SLCO1B3",-0.896131561008862,1,-0.896131561008862,NA,-0.896131561008862
"238","torin-1","Preclinical","mTOR inhibitor","MTOR",-0.884117246080436,1,-0.884117246080436,NA,-0.884117246080436
"98","fenoterol","Withdrawn","adrenergic receptor agonist","ADRB1|ADRB2|ADRB3",-0.861196319018405,1,-0.861196319018405,NA,-0.861196319018405
"55","CMPD-1","Preclinical","p38 MAPK inhibitor","GNRHR|MAPK14",-0.854550102249489,1,-0.854550102249489,NA,-0.854550102249489
"190","promazine","Launched","dopamine receptor antagonist","ADRA1A|ADRA1B|ADRA1D|CHRM1|CHRM2|CHRM3|CHRM4|CHRM5|DRD1|DRD2|DRD3|DRD4|HRH1|HTR2A|HTR2C",-0.845347648261759,1,-0.845347648261759,NA,-0.845347648261759
"102","fluvastatin","Launched","HMGCR inhibitor","HMGCR",-0.845092024539877,2,-0.845092024539877,0.17569217569359,-0.845092024539877
"131","mephenytoin","Launched","hydantoin antiepileptic","SCN10A|SCN11A|SCN1A|SCN2A|SCN3A|SCN4A|SCN5A|SCN7A|SCN8A|SCN9A",-0.83282208588957,1,-0.83282208588957,NA,-0.83282208588957
"78","DR-2313","Preclinical","PARP inhibitor","PARP1|PARP3",-0.830777096114519,1,-0.830777096114519,NA,-0.830777096114519
"124","lapatinib","Launched","EGFR inhibitor","EGFR|ERBB2",-0.82719836400818,1,-0.82719836400818,NA,-0.82719836400818
"191","PSB-06126","Preclinical","NTPDase inhibitor","ENTPD3",-0.811605316973415,1,-0.811605316973415,NA,-0.811605316973415
"7","AM-404","Preclinical","cyclooxygenase inhibitor|FAAH inhibitor|TRPV antagonist","CNR1|CNR2|FAAH|TRPV1",-0.801891615541922,1,-0.801891615541922,NA,-0.801891615541922
"116","irinotecan","Launched","topoisomerase inhibitor","TOP1|TOP1MT",-0.789877300613497,1,-0.789877300613497,NA,-0.789877300613497
"95","ezetimibe","Launched","cholesterol inhibitor|Niemann-Pick C1-like 1 protein antagonist","ANPEP|NPC1L1|SOAT1",-0.789621676891616,1,-0.789621676891616,NA,-0.789621676891616
"23","azacitidine","Launched","DNA methyltransferase inhibitor","DNMT1|DNMT3A",-0.789110429447853,1,-0.789110429447853,NA,-0.789110429447853
"155","norgestimate","Launched","progesterone receptor agonist","ESR1|PGR",-0.776840490797546,1,-0.776840490797546,NA,-0.776840490797546
"85","erlotinib","Launched","EGFR inhibitor","EGFR|NR1I2",-0.754004771642809,1,-0.754004771642809,NA,-0.754004771642809
"158","nutlin-3","Preclinical","MDM inhibitor","MDM2|TP53",-0.744759713701431,2,-0.744759713701431,0.117308870396235,-0.744759713701431
"272","ZM-336372","Preclinical","RAF inhibitor","BRAF|LCK|MAPK14|RAF1",-0.744120654396728,2,-0.744120654396728,0.033620107694452,-0.744120654396728
"276","zuclopenthixol","Launched","dopamine receptor antagonist","ADRA1A|ADRA2A|DRD1|DRD2|DRD5|HRH1|HTR2A",-0.737985685071575,1,-0.737985685071575,NA,-0.737985685071575
"182","piromidic-acid","Phase 2","bacterial DNA gyrase inhibitor","",-0.732106339468303,1,-0.732106339468303,NA,-0.732106339468303
"203","rucaparib","Phase 3","PARP inhibitor","PARP1|PARP2",-0.723415132924335,1,-0.723415132924335,NA,-0.723415132924335
"206","saclofen","Preclinical","GABA receptor antagonist","GABBR1|GABBR2|KCTD12|KCTD16|KCTD8",-0.713701431492842,1,-0.713701431492842,NA,-0.713701431492842
"104","fostamatinib","Phase 3","SYK inhibitor","RET|SYK",-0.713531015678255,2,-0.713531015678255,0.107849449414103,-0.713531015678255
"21","auranofin","Launched","NFkB pathway inhibitor","IKBKB|PRDX5|TRPA1",-0.712678936605317,1,-0.712678936605317,NA,-0.712678936605317
"240","tosedostat","Phase 2","peptidase inhibitor","ANPEP|LAP3|NPEPPS",-0.710378323108384,1,-0.710378323108384,NA,-0.710378323108384
"166","PAC-1","Phase 1","caspase activator","CASP3",-0.702453987730061,1,-0.702453987730061,NA,-0.702453987730061
"258","vemurafenib","Launched","RAF inhibitor","BRAF|RAF1",-0.699556918882072,1,-0.699556918882072,NA,-0.699556918882072
"81","entinostat","Phase 3","HDAC inhibitor","HDAC1|HDAC2|HDAC3|HDAC9",-0.687883435582822,1,-0.687883435582822,NA,-0.687883435582822
"237","topotecan","Launched","topoisomerase inhibitor","TOP1|TOP1MT",-0.661639400136333,3,-0.744887525562372,0.251481044726132,-0.661639400136333
"231","tetrindole","Phase 3","monoamine oxidase inhibitor","MAOA",-0.661298568507157,1,-0.661298568507157,NA,-0.661298568507157
"28","BI-2536","Phase 2","PLK inhibitor","BRD4|PLK1|PLK2|PLK3",-0.659764826175869,1,-0.659764826175869,NA,-0.659764826175869
"179","piceatannol","Preclinical","SYK inhibitor","ATP5A1|ATP5B|ATP5C1|IRF3",-0.655163599182004,1,-0.655163599182004,NA,-0.655163599182004
"139","mirtazapine","Launched","adrenergic receptor antagonist|serotonin receptor antagonist","ADRA1A|ADRA1B|ADRA1D|ADRA2A|ADRA2B|ADRA2C|ADRB1|ADRB2|DRD1|DRD2|DRD3|DRD5|HRH1|HRH3|HTR2A|HTR2B|HTR2C|HTR3A|HTR7|OPRK1|SLC6A2|SLC6A3|SLC6A4",-0.636758691206544,1,-0.636758691206544,NA,-0.636758691206544
"73","dipyridamole","Launched","phosphodiesterase inhibitor","ADA|PDE10A|PDE1A|PDE1B|PDE1C|PDE2A|PDE3A|PDE3B|PDE4A|PDE4B|PDE4C|PDE4D|PDE5A|PDE6A|PDE6B|PDE6C|PDE6D|PDE6G|PDE6H|PDE7A|PDE7B|PDE8A|PDE8B|PDE9A|SLC29A1",-0.630623721881391,1,-0.630623721881391,NA,-0.630623721881391
"10","amlodipine","Launched","calcium channel blocker","CA1|CACNA1B|CACNA1C|CACNA1D|CACNA1F|CACNA1S|CACNA2D1|CACNA2D3|CACNB1|CACNB2|SMPD1",-0.626278118609407,1,-0.626278118609407,NA,-0.626278118609407
"161","olaparib","Launched","PARP inhibitor","PARP1|PARP2",-0.624801181549648,3,-0.601993865030675,0.0928294820650948,-0.624801181549648
"126","lonidamine","Launched","glucokinase inhibitor","GCK",-0.621932515337423,1,-0.621932515337423,NA,-0.621932515337423
"6","alvocidib","Phase 2","CDK inhibitor","CDK1|CDK2|CDK4|CDK5|CDK6|CDK7|CDK8|CDK9|EGFR|PYGM",-0.615030674846626,1,-0.615030674846626,NA,-0.615030674846626
"39","camptothecin","Phase 3","topoisomerase inhibitor","TOP1",-0.611707566462168,1,-0.611707566462168,NA,-0.611707566462168
"220","stavudine","Launched","DNA directed DNA polymerase inhibitor|nucleoside reverse transcriptase inhibitor","",-0.59381390593047,1,-0.59381390593047,NA,-0.59381390593047
"262","WAY-161503","Preclinical","serotonin receptor agonist","HTR2C",-0.589468302658487,1,-0.589468302658487,NA,-0.589468302658487
"173","PF-04217903","Phase 1","c-Met inhibitor","MET",-0.573790047716428,1,-0.573790047716428,NA,-0.573790047716428
"34","bromperidol","Launched","dopamine receptor antagonist","DRD2",-0.562372188139059,1,-0.562372188139059,NA,-0.562372188139059
"172","perhexiline","Launched","carnitine palmitoyltransferase inhibitor","CPT1A|CPT2",-0.560071574642127,1,-0.560071574642127,NA,-0.560071574642127
"63","dacinostat","Phase 1","HDAC inhibitor","HDAC1|HDAC2|HDAC3|HDAC4|HDAC5|HDAC6|HDAC7|HDAC8|HDAC9",-0.552914110429448,1,-0.552914110429448,NA,-0.552914110429448
"22","AZ-628","Preclinical","RAF inhibitor","BRAF|RAF1",-0.552147239263804,1,-0.552147239263804,NA,-0.552147239263804
"243","trametinib","Launched","MEK inhibitor","MAP2K1|MAP2K2",-0.545245398773006,1,-0.545245398773006,NA,-0.545245398773006
"123","lacidipine","Launched","calcium channel blocker","CACNA1C",-0.544989775051125,1,-0.544989775051125,NA,-0.544989775051125
"224","tamoxifen","Launched","estrogen receptor antagonist|selective estrogen receptor modulator (SERM)","EBP|ESR1|ESR2|GPER1|PRKCA|PRKCB|PRKCD|PRKCE|PRKCG|PRKCI|PRKCQ|PRKCZ",-0.542944785276074,1,-0.542944785276074,NA,-0.542944785276074
"120","L-368899","Phase 1","oxytocin receptor antagonist","AVPR1A|AVPR2|OXTR",-0.542689161554192,1,-0.542689161554192,NA,-0.542689161554192
"38","BX-912","Preclinical","pyruvate dehydrogenase kinase inhibitor","CDK2|CHEK1|GSK3B|KDR|PDK1|PDPK1",-0.539110429447853,2,-0.539110429447853,0.0798929440911184,-0.539110429447853
"101","floxuridine","Launched","DNA synthesis inhibitor","TYMS",-0.528885480572597,1,-0.528885480572597,NA,-0.528885480572597
"140","mitomycin-c","Launched","DNA alkylating agent|DNA synthesis inhibitor","",-0.526457055214724,2,-0.526457055214724,0.319391023097298,-0.526457055214724
"177","phenothiazine","Preclinical","dopamine receptor antagonist","",-0.523773006134969,1,-0.523773006134969,NA,-0.523773006134969
"105","gaboxadol","Phase 3","benzodiazepine receptor agonist","GABRA1|GABRA2|GABRA3|GABRA4|GABRA5|GABRA6|GABRD|GABRR1|GABRR2|GABRR3",-0.522750511247444,1,-0.522750511247444,NA,-0.522750511247444
"196","pyrvinium-pamoate","Launched","androgen receptor antagonist","AR",-0.507668711656442,2,-0.507668711656442,0.0397657187783846,-0.507668711656442
"205","ryuvidine","Preclinical","histone lysine methyltransferase inhibitor","CDK2|CDK4",-0.501533742331288,1,-0.501533742331288,NA,-0.501533742331288
"109","GSK-3-inhibitor-IX","Preclinical","glycogen synthase kinase inhibitor|lipoxygenase inhibitor","GSK3A|GSK3B",-0.495143149284254,1,-0.495143149284254,NA,-0.495143149284254
"49","cholic-acid","Launched","bile acid","ADH1C|CES1|COX4I1|COX5A|COX5B|COX6A2|COX6B1|COX6C|COX7A1|COX7B|COX7C|COX8A|ESRRG|FABP6|FECH|GPBAR1|MT-CO1|MT-CO2|MT-CO3|PLA2G1B",-0.474437627811861,1,-0.474437627811861,NA,-0.474437627811861
"275","zoxazolamine","Phase 2","myorelaxant","",-0.46497955010225,1,-0.46497955010225,NA,-0.46497955010225
"219","STAT3-inhibitor-VI","Preclinical","STAT inhibitor","STAT3",-0.464212678936605,1,-0.464212678936605,NA,-0.464212678936605
"244","tretinoin","Launched","retinoid receptor agonist|retinoid receptor ligand","ALDH1A1|ALDH1A2|GPRC5A|NR0B1|NR2C2|PPARD|RARA|RARB|RARG|RARRES1|RORB|RORC|RXRB|RXRG",-0.458333333333333,1,-0.458333333333333,NA,-0.458333333333333
"93","evodiamine","Preclinical","ATPase inhibitor|TRPV agonist","TRPV1",-0.455265848670757,1,-0.455265848670757,NA,-0.455265848670757
"14","andarine","Phase 1","androgen receptor modulator","AR",-0.442229038854806,1,-0.442229038854806,NA,-0.442229038854806
"1","10-DEBC","Preclinical","AKT inhibitor","PIM1",-0.441462167689161,1,-0.441462167689161,NA,-0.441462167689161
"87","erythrosine","Preclinical","coloring agent","",-0.440695296523517,1,-0.440695296523517,NA,-0.440695296523517
"264","WYE-125132","Preclinical","mTOR inhibitor","MTOR",-0.428595773687798,1,-0.428595773687798,NA,-0.428595773687798
"68","desipramine","Launched","tricyclic antidepressant","ADRA1A|ADRA1B|ADRA1D|ADRA2A|ADRA2B|ADRA2C|ADRB1|ADRB2|CHRM1|CHRM2|CHRM3|CHRM4|CHRM5|DRD2|HRH1|HTR1A|HTR2A|HTR2C|SLC6A2|SLC6A4|SMPD1",-0.424335378323108,1,-0.424335378323108,NA,-0.424335378323108
"241","tosufloxacin","Launched","bacterial DNA gyrase inhibitor","",-0.415899795501023,1,-0.415899795501023,NA,-0.415899795501023
"100","FGIN-1-43","Preclinical","benzodiazepine receptor agonist","TSPO",-0.411042944785276,1,-0.411042944785276,NA,-0.411042944785276
"147","naltrindole","Preclinical","opioid receptor antagonist","OPRD1|OPRK1|OPRM1",-0.403374233128834,1,-0.403374233128834,NA,-0.403374233128834
"253","UB-165","Preclinical","acetylcholine receptor agonist","CHRNA3|CHRNA4|CHRNB2",-0.386503067484663,1,-0.386503067484663,NA,-0.386503067484663
"200","rosuvastatin","Launched","HMGCR inhibitor","HMGCR",-0.384713701431493,1,-0.384713701431493,NA,-0.384713701431493
"11","amodiaquine","Launched","histamine receptor agonist","HNMT",-0.383435582822086,1,-0.383435582822086,NA,-0.383435582822086
"111","hydroflumethiazide","Launched","sodium/potassium/chloride transporter inhibitor","ATP1A1|CA1|CA12|CA2|CA4|CA9|KCNMA1|SLC12A1|SLC12A3",-0.378323108384458,1,-0.378323108384458,NA,-0.378323108384458
"59","curcumin","Launched","cyclooxygenase inhibitor|histone acetyltransferase inhibitor|lipoxygenase inhibitor|NFkB pathway inhibitor","APP|CA1|CA12|CA14|CA2|CA4|CA6|CA9|CYP3A4|DNMT3B|EP300|MMP13|MMP9|NOS2|PTGS1|PTGS2|XDH",-0.37321063394683,1,-0.37321063394683,NA,-0.37321063394683
"61","cytochalasin-b","Phase 2","microtubule inhibitor","ACTB",-0.370398773006135,1,-0.370398773006135,NA,-0.370398773006135
"255","UCL-2077","Preclinical","slow afterhyperpolarization channel blocker","",-0.356850715746421,1,-0.356850715746421,NA,-0.356850715746421
"156","nortriptyline","Launched","tricyclic antidepressant","ADRA1A|ADRA1B|ADRA1D|ADRA2A|ADRA2B|ADRA2C|ADRB1|ADRB2|ADRB3|CHRM1|CHRM2|CHRM3|CHRM4|CHRM5|DRD2|HRH1|HTR1A|HTR2A|HTR2C|HTR6|KCNJ10|PGRMC1|SIGMAR1|SLC6A2|SLC6A4",-0.338445807770961,1,-0.338445807770961,NA,-0.338445807770961
"222","tacrolimus","Launched","calcineurin inhibitor","FKBP1A",-0.334867075664622,2,-0.334867075664622,0.655411346774647,-0.334867075664622
"168","parbendazole","Preclinical","tubulin polymerization inhibitor","TUBB",-0.334014996591684,1,-0.334014996591684,NA,-0.334014996591684
"74","donepezil","Launched","acetylcholinesterase inhibitor","ACHE|HTR2A",-0.313650306748466,1,-0.313650306748466,NA,-0.313650306748466
"230","tetrabenazine","Launched","vesicular monoamine transporter inhibitor","DRD2|SLC18A1|SLC18A2",-0.30700408997955,1,-0.30700408997955,NA,-0.30700408997955
"164","OSI-027","Phase 1","mTOR inhibitor","MTOR",-0.303766189502386,2,-0.303766189502386,1.15477237288867,-0.303766189502386
"223","talniflumate","Launched","cyclooxygenase inhibitor","CLCA1",-0.290899795501022,1,-0.290899795501022,NA,-0.290899795501022
"245","triamcinolone","Launched","glucocorticoid receptor agonist","NR3C1|SERPINA6",-0.284509202453988,1,-0.284509202453988,NA,-0.284509202453988
"12","amoxicillin","Launched","penicillin binding protein inhibitor","CYP2C19|SLC15A1|SLC15A2|SLC22A6",-0.277862985685072,1,-0.277862985685072,NA,-0.277862985685072
"214","SIB-1893","Preclinical","glutamate receptor antagonist","GRM4|GRM5",-0.266104294478528,1,-0.266104294478528,NA,-0.266104294478528
"8","AM-580","Preclinical","retinoid receptor agonist","RARA",-0.258179959100204,1,-0.258179959100204,NA,-0.258179959100204
"137","mianserin","Launched","serotonin receptor antagonist","ADRA1A|ADRA1B|ADRA1D|ADRA2A|ADRA2B|ADRA2C|DRD1|DRD2|DRD3|DRD5|HRH1|HRH2|HRH4|HTR1A|HTR1F|HTR2A|HTR2B|HTR2C|HTR6|HTR7|OPRK1|SLC6A2|SLC6A3|SLC6A4",-0.251278118609407,1,-0.251278118609407,NA,-0.251278118609407
"92","everolimus","Launched","mTOR inhibitor","MTOR",-0.250255623721881,1,-0.250255623721881,NA,-0.250255623721881
"254","ubenimex","Launched","leukotriene synthesis inhibitor","LTA4H|RNPEP",-0.247443762781186,1,-0.247443762781186,NA,-0.247443762781186
"75","doramapimod","Phase 2","p38 MAPK inhibitor","MAPK11|MAPK12|MAPK13|MAPK14",-0.232021131561009,1,-0.232021131561009,NA,-0.232021131561009
"145","MNITMT","Preclinical","lymphocyte inhibitor","",-0.220858895705521,1,-0.220858895705521,NA,-0.220858895705521
"233","thiotepa","Launched","cytochrome P450 inhibitor","CYP2B6|CYP3A4",-0.218558282208589,1,-0.218558282208589,NA,-0.218558282208589
"208","SB-203580","Preclinical","p38 MAPK inhibitor","AKT1|ALOX5|CHEK1|CYP2D6|CYP3A4|GAK|GSK3B|LCK|MAPK1|MAPK10|MAPK11|MAPK12|MAPK14|MAPK8|MAPK9|PRKCA|RAF1|RIPK2|ROCK1|RPS6KB1|SGK1|SRC|TNF",-0.215192569870484,2,-0.215192569870484,0.0245221932466708,-0.215192569870484
"234","thiothixene","Launched","dopamine receptor antagonist","DRD1|DRD2|HRH1|HTR2A",-0.207055214723926,1,-0.207055214723926,NA,-0.207055214723926
"273","zolantidine","Preclinical","histamine receptor antagonist","",-0.202709611451943,1,-0.202709611451943,NA,-0.202709611451943
"53","clonidine","Launched","adrenergic receptor agonist","ADRA1A|ADRA1B|ADRA1D|ADRA2A|ADRA2B|ADRA2C",-0.200664621676892,1,-0.200664621676892,NA,-0.200664621676892
"50","cirazoline","Preclinical","adrenergic receptor agonist","ADRA1A",-0.196830265848671,1,-0.196830265848671,NA,-0.196830265848671
"96","fenbendazole","Launched","tubulin polymerization inhibitor","TUBB",-0.192740286298568,1,-0.192740286298568,NA,-0.192740286298568
"221","suloctidil","Withdrawn","adrenergic receptor antagonist","",-0.188266871165644,2,-0.188266871165644,0.441218725172894,-0.188266871165644
"83","enzastaurin","Phase 3","PKC inhibitor","AKT1|GSK3B|PRKCA|PRKCB|PRKCD|PRKCG",-0.180072710747557,3,-0.115456714383095,0.203196444262128,-0.180072710747557
"171","PD-0325901","Phase 2","MEK inhibitor","MAP2K1",-0.17280163599182,1,-0.17280163599182,NA,-0.17280163599182
"149","nelfinavir","Launched","HIV protease inhibitor","CYP1A2|CYP2B6|CYP2C19|CYP2C9|CYP2D6|CYP3A4|CYP3A7",-0.168711656441718,1,-0.168711656441718,NA,-0.168711656441718
"236","toltrazuril","Launched","antiprotozoal agent","",-0.168200408997955,1,-0.168200408997955,NA,-0.168200408997955
"148","naringenin","Phase 1","aromatase inhibitor|TRPV antagonist","CYP19A1|CYP1B1|ESR2|GLO1|HSD17B1",-0.157464212678937,1,-0.157464212678937,NA,-0.157464212678937
"169","parthenolide","Phase 1","NFkB pathway inhibitor","",-0.155930470347648,1,-0.155930470347648,NA,-0.155930470347648
"135","MG-132","Preclinical","proteasome inhibitor","PSMB1",-0.141828561690525,2,-0.141828561690525,0.235642009306458,-0.141828561690525
"108","granisetron","Launched","serotonin receptor antagonist","HTR3A",-0.124744376278119,1,-0.124744376278119,NA,-0.124744376278119
"125","lasalocid","Launched","bacterial permeability inducer","",-0.104294478527607,1,-0.104294478527607,NA,-0.104294478527607
"128","lylamine","Preclinical","cannabinoid receptor agonist","CNR1",-0.104294478527607,1,-0.104294478527607,NA,-0.104294478527607
"211","SDM25N","Preclinical","opioid receptor antagonist","OPRD1",-0.104038854805726,1,-0.104038854805726,NA,-0.104038854805726
"153","nitazoxanide","Launched","pyruvate ferredoxin oxidoreductase inhibitor","",-0.100460122699387,1,-0.100460122699387,NA,-0.100460122699387
"227","temsirolimus","Launched","mTOR inhibitor","MTOR",-0.0963062372188137,4,-0.154141104294478,0.535216024922767,-0.0963062372188137
"122","L-733060","Preclinical","tachykinin antagonist","TACR1",-0.0950920245398774,1,-0.0950920245398774,NA,-0.0950920245398774
"2","3-amino-benzamide","Phase 2","PARP inhibitor","PARP1",-0.0950920245398773,1,-0.0950920245398773,NA,-0.0950920245398773
"248","trifluoperazine","Launched","dopamine receptor antagonist","ADRA1A|CALM1|CALY|DRD2|DRD4|HRH1|HTR2A|HTR2C|S100A4|TNNC1",-0.094452965235174,2,-0.094452965235174,0.355903183066542,-0.094452965235174
"232","TG-101348","Phase 3","FLT3 inhibitor|JAK inhibitor","BRD4|JAK1|JAK2|JAK3|TYK2",-0.0938139059304704,1,-0.0938139059304704,NA,-0.0938139059304704
"18","AT-7519","Phase 2","CDK inhibitor","CDK1|CDK2|CDK4|CDK5|CDK6|CDK9",-0.088360599863667,1,-0.088360599863667,NA,-0.088360599863667
"270","ZK-164015","Preclinical","estrogen receptor antagonist","ESR1|ESR2",-0.0738752556237219,1,-0.0738752556237219,NA,-0.0738752556237219
"216","sirolimus","Launched","mTOR inhibitor","FGF2|FKBP1A|MTOR",-0.072369915928198,6,0.0360855487389231,0.285716913824168,-0.072369915928198
"5","AG-14361","Preclinical","PARP inhibitor","PARP1",-0.071319018404908,1,-0.071319018404908,NA,-0.071319018404908
"52","CL-218872","Phase 1","benzodiazepine receptor agonist","GABRA1|GABRA2|GABRA3|GABRA5|GABRB2|GABRG2",-0.0672290388548057,1,-0.0672290388548057,NA,-0.0672290388548057
"274","zonisamide","Launched","sodium channel blocker|T-type calcium channel blocker","CA1|CA10|CA11|CA12|CA13|CA14|CA2|CA3|CA4|CA5A|CA5B|CA6|CA7|CA8|CA9|CACNA1G|CACNA1H|CACNA1I|MAOA|MAOB|SCN10A|SCN11A|SCN1A|SCN1B|SCN2A|SCN2B|SCN3A|SCN3B|SCN4A|SCN4B|SCN5A|SCN7A|SCN8A|SCN9A",-0.0664621676891615,1,-0.0664621676891615,NA,-0.0664621676891615
"136","MGCD-265","Preclinical","VEGFR inhibitor","AXL|MET",-0.060753237900477,1,-0.060753237900477,NA,-0.060753237900477
"132","metformin","Launched","insulin sensitizer","ACACB|PRKAB1",-0.0570040899795501,1,-0.0570040899795501,NA,-0.0570040899795501
"19","atovaquone","Launched","mitochondrial electron transport inhibitor","DHODH",-0.0562372188139059,1,-0.0562372188139059,NA,-0.0562372188139059
"235","tivozanib","Phase 3","VEGFR inhibitor","FLT1|FLT4|KDR|KIT|PDGFRA|PDGFRB",-0.0521472392638037,1,-0.0521472392638037,NA,-0.0521472392638037
"217","SKF-83566","Preclinical","dopamine receptor antagonist","DRD1|DRD5",-0.0495910020449898,1,-0.0495910020449898,NA,-0.0495910020449898
"143","MK-2206","Phase 2","AKT inhibitor","AKT1|AKT2|AKT3",-0.044052488070893,2,-0.044052488070893,0.617935169380473,-0.044052488070893
"189","progesterone","Launched","progesterone receptor agonist","CATSPER1|CATSPER2|CATSPER3|CATSPER4|CYP17A1|ESR1|NR3C2|OPRK1|PGR|TRPC5",-0.0361707566462165,2,-0.0361707566462165,0.894909425780827,-0.0361707566462165
"112","IBC-293","Preclinical","hydroxycarboxylic acid receptor agonist","HCAR3",-0.033997955010225,1,-0.033997955010225,NA,-0.033997955010225
"197","quercetin","Launched","polar auxin transport inhibitor","ATP5A1|ATP5B|ATP5C1|HCK|HIBCH|PIK3CG|PIM1|STK17B|UGT3A1",-0.0330606680299932,3,0.0258179959100205,0.131575549692495,-0.0330606680299932
"185","PPT","Preclinical","estrogen receptor agonist","ESR1",-0.029780163599182,2,-0.029780163599182,0.129961599098448,-0.029780163599182
"94","EX-527","Phase 2","SIRT inhibitor","SIRT1",-0.0278629856850716,1,-0.0278629856850716,NA,-0.0278629856850716
"89","estrone","Launched","estrogen receptor agonist|estrogenic hormone","ESR1|ESR2",-0.0204498977505113,1,-0.0204498977505113,NA,-0.0204498977505113
"162","oligomycin-a","Preclinical","ATP synthase inhibitor|ATPase inhibitor","ATP5A1",0.0097137014314928,1,0.0097137014314928,NA,0.0097137014314928
"209","SB-216763","Preclinical","glycogen synthase kinase inhibitor","CCNA2|CDK2|GSK3A|GSK3B",0.0232617586912066,1,0.0232617586912066,NA,0.0232617586912066
"184","podophyllotoxin","Launched","microtubule inhibitor|tubulin polymerization inhibitor","IGF1R|TOP2A|TUBA4A|TUBB",0.031271301976823,1,0.031271301976823,NA,0.031271301976823
"30","bisindolylmaleimide-ix","Preclinical","PKC inhibitor","AKT1|GSK3B|LCK|MAPK1|MAPK11|MAPK12|MAPK14|MAPK8|PRKCA|ROCK1|RPS6KB1|SIRT1",0.033997955010225,1,0.033997955010225,NA,0.033997955010225
"183","pizotifen","Launched","serotonin receptor antagonist","HTR1A|HTR2A|HTR2C",0.0377044989775055,2,0.0377044989775055,0.658122645782265,0.0377044989775055
"103","forskolin","Launched","adenylyl cyclase activator","ADCY2|ADCY5|GNAS",0.046140081799591,2,0.046140081799591,0.78718047854484,0.046140081799591
"194","PX-12","Phase 2","thioredoxin inhibitor","TXN|TXNRD1",0.0485685071574642,1,0.0485685071574642,NA,0.0485685071574642
"37","BX-795","Preclinical","IKK inhibitor","CDK2|CHEK1|GSK3B|KDR|PDK1|PDPK1",0.0490797546012269,1,0.0490797546012269,NA,0.0490797546012269
"48","chenodeoxycholic-acid","Launched","11-beta hydroxysteroid dehydrogenase inhibitor|FXR agonist","NR1H4",0.0797546012269939,1,0.0797546012269939,NA,0.0797546012269939
"252","tyrphostin-AG-1478","Preclinical","EGFR inhibitor","EGFR|MAPK14",0.0800102249488752,2,0.0800102249488752,0.0126527287022132,0.0800102249488752
"82","enzalutamide","Launched","androgen receptor antagonist","AR",0.0818847989093389,1,0.0818847989093389,NA,0.0818847989093389
"159","NVP-AUY922","Phase 2","HSP inhibitor","HSP90AA1|HSP90AB1",0.0850374914792091,2,0.0850374914792091,0.167257023225448,0.0850374914792091
"133","methylene-blue","Launched","guanylyl cyclase inhibitor|nitric oxide production inhibitor","ACHE",0.091002044989775,1,0.091002044989775,NA,0.091002044989775
"99","fenretinide","Phase 3","apoptosis stimulant|retinoid receptor agonist","RARA",0.0930470347648262,1,0.0930470347648262,NA,0.0930470347648262
"198","R-96544","Preclinical","serotonin receptor antagonist","HTR2A",0.0945807770961146,1,0.0945807770961146,NA,0.0945807770961146
"70","dexamethasone","Launched","glucocorticoid receptor agonist","ANXA1|NOS2|NR0B1|NR3C1|NR3C2",0.094836400817996,2,0.094836400817996,0.829657496330841,0.094836400817996
"13","amsacrine","Launched","topoisomerase inhibitor","KCNH2|TOP2A",0.0986707566462167,1,0.0986707566462167,NA,0.0986707566462167
"84","epothilone-a","Preclinical","microtubule stabilizing agent","",0.0986707566462167,1,0.0986707566462167,NA,0.0986707566462167
"180","pifithrin-alpha","Preclinical","TP53 inhibitor","TP53",0.100204498977505,1,0.100204498977505,NA,0.100204498977505
"76","doxorubicin","Launched","topoisomerase inhibitor","TOP2A",0.103655419222904,2,0.103655419222904,0.0186175865189707,0.103655419222904
"163","olvanil","Preclinical","TRPV agonist","CNR1|GPR119|TRPV1",0.112474437627812,1,0.112474437627812,NA,0.112474437627812
"141","mitotane","Launched","antineoplastic agent","CYP11A1|CYP11B1|ESR1|FDX1",0.114263803680982,1,0.114263803680982,NA,0.114263803680982
"36","butein","Preclinical","EGFR inhibitor|src inhibitor","ACE",0.116053169734151,1,0.116053169734151,NA,0.116053169734151
"72","digoxin","Launched","ATPase inhibitor","ATP1A1",0.120015337423313,2,0.120015337423313,0.685597142392785,0.120015337423313
"29","bisacodyl","Launched","laxative","",0.128834355828221,1,0.128834355828221,NA,0.128834355828221
"69","desoxycortone","Preclinical","mineralocorticoid receptor agonist","NR3C1|NR3C2",0.13036809815951,2,0.13036809815951,0.591786196729232,0.13036809815951
"259","vincristine","Launched","tubulin polymerization inhibitor","TUBA4A|TUBB",0.140081799591002,1,0.140081799591002,NA,0.140081799591002
"192","purmorphamine","Preclinical","smoothened receptor agonist","SMO",0.15056237218814,2,0.15056237218814,0.0412117449157803,0.15056237218814
"187","procainamide","Launched","sodium channel blocker","DNMT1|SCN5A",0.15081799591002,1,0.15081799591002,NA,0.15081799591002
"44","cediranib","Phase 3","KIT inhibitor|VEGFR inhibitor","CSF1R|FLT1|FLT3|FLT4|KDR|KIT|PDGFRA|PDGFRB",0.153629856850716,2,0.153629856850716,0.622875758683242,0.153629856850716
"62","dabrafenib","Launched","RAF inhibitor","BRAF|LIMK1|NEK11|RAF1|SIK1",0.157975460122699,1,0.157975460122699,NA,0.157975460122699
"250","TWS-119","Preclinical","glycogen synthase kinase inhibitor","GSK3B|JUN|MYC",0.167689161554192,1,0.167689161554192,NA,0.167689161554192
"86","erythromycin","Launched","NFkB pathway inhibitor","MLNR",0.183026584867075,2,0.183026584867075,0.678909271507329,0.183026584867075
"20","ATPA","Preclinical","glutamate receptor agonist","GRIA2|GRIK1",0.183282208588957,1,0.183282208588957,NA,0.183282208588957
"212","selamectin","Launched","nematocide","",0.186605316973415,1,0.186605316973415,NA,0.186605316973415
"43","CD-437","Preclinical","retinoid receptor agonist","RARG",0.189161554192229,1,0.189161554192229,NA,0.189161554192229
"91","etifenin","Preclinical","renal function diagnostic agent","",0.195040899795501,1,0.195040899795501,NA,0.195040899795501
"66","daunorubicin","Launched","RNA synthesis inhibitor|topoisomerase inhibitor","TOP2A|TOP2B",0.195552147239264,1,0.195552147239264,NA,0.195552147239264
"134","metitepine","Preclinical","anti-HCVE2","HTR1A|HTR1B|HTR1D|HTR1E|HTR1F|HTR2A|HTR2B|HTR2C|HTR5A|HTR6|HTR7",0.198364008179959,1,0.198364008179959,NA,0.198364008179959
"247","triciribine","Phase 1/Phase 2","AKT inhibitor","AKT1|AKT2|AKT3",0.198364008179959,1,0.198364008179959,NA,0.198364008179959
"97","fenobam","Phase 2","glutamate receptor antagonist","GRM5",0.20040899795501,1,0.20040899795501,NA,0.20040899795501
"130","mepacrine","Launched","cytokine production inhibitor|NFkB pathway inhibitor|TP53 activator","PLA2G1B|PLA2G4A|PLA2G6|PLCL1",0.208077709611452,3,0.252556237218814,0.265336438248543,0.208077709611452
"54","closantel","Launched","chitinase inhibitor|NFkB pathway inhibitor","",0.222648261758691,1,0.222648261758691,NA,0.222648261758691
"127","loratadine","Launched","histamine receptor antagonist","HRH1",0.236196319018405,1,0.236196319018405,NA,0.236196319018405
"152","nimodipine","Launched","calcium channel blocker","AHR|CACNA1C|CACNA1D|CACNA1F|CACNA1S|CACNB1|CACNB2|CACNB3|CACNB4|CFTR|NR3C2",0.239263803680982,1,0.239263803680982,NA,0.239263803680982
"65","dasatinib","Launched","Bcr-Abl kinase inhibitor|ephrin inhibitor|KIT inhibitor|PDGFR tyrosine kinase receptor inhibitor|src inhibitor|tyrosine kinase inhibitor","ABL1|ABL2|BLK|EPHA2|FGR|FRK|FYN|HCK|KIT|LCK|LYN|PDGFRB|SRC|SRMS|STAT5B|YES1",0.241820040899796,2,0.241820040899796,0.0137372483052596,0.241820040899796
"42","carbenoxolone","Launched","11-beta hydroxysteroid dehydrogenase inhibitor","GJA1|GJA10|GJA3|GJA4|GJA5|GJA8|GJA9|GJB1|GJB2|GJB3|GJB4|GJB5|GJB6|GJB7|GJC1|GJC2|GJC3|GJD2|GJD3|GJD4|GJE1|HSD11B1|PANX1|PANX2|PANX3",0.243098159509202,1,0.243098159509202,NA,0.243098159509202
"129","mebendazole","Launched","tubulin polymerization inhibitor","TUBA1A|TUBB|TUBB4B",0.246165644171779,1,0.246165644171779,NA,0.246165644171779
"64","dactinomycin","Launched","RNA polymerase inhibitor","POLR2A",0.247188139059305,1,0.247188139059305,NA,0.247188139059305
"160","NVP-TAE684","Preclinical","ALK tyrosine kinase receptor inhibitor","ALK|INSR",0.256901840490798,2,0.256901840490798,0.147494666014372,0.256901840490798
"269","zibotentan","Phase 3","endothelin receptor antagonist","EDNRA",0.25920245398773,1,0.25920245398773,NA,0.25920245398773
"4","acadesine","Phase 3","AMPK activator","",0.262269938650307,1,0.262269938650307,NA,0.262269938650307
"175","PHA-793887","Phase 1","CDK inhibitor","CDK1|CDK2|CDK4|CDK5|CDK7|CDK9",0.263036809815951,1,0.263036809815951,NA,0.263036809815951
"24","benzethonium","Launched","sodium channel blocker","SCN10A",0.266359918200409,1,0.266359918200409,NA,0.266359918200409
"58","crizotinib","Launched","ALK tyrosine kinase receptor inhibitor","ALK|MET",0.2719836400818,1,0.2719836400818,NA,0.2719836400818
"117","JLK-6","Preclinical","gamma secretase inhibitor","PSEN1",0.289366053169734,1,0.289366053169734,NA,0.289366053169734
"144","MLN-8054","Phase 1","Aurora kinase inhibitor","AURKA",0.296459611451943,4,0.259713701431493,0.456004366071565,0.296459611451943
"146","mometasone","Launched","glucocorticoid receptor agonist","NR3C1",0.314928425357873,1,0.314928425357873,NA,0.314928425357873
"138","mibefradil","Withdrawn","T-type calcium channel blocker","ANO1|CACNA1C|CACNA1D|CACNA1F|CACNA1G|CACNA1H|CACNA1I|CACNA1S|CACNB1|CACNB2|CACNB3|CACNB4|CATSPER1|CATSPER2|CATSPER3|CATSPER4",0.329498977505112,1,0.329498977505112,NA,0.329498977505112
"210","SB-590885","Preclinical","RAF inhibitor","BRAF",0.332055214723926,1,0.332055214723926,NA,0.332055214723926
"165","ouabain","Launched","ATPase inhibitor","ATP1A1",0.340490797546012,2,0.340490797546012,0.0137372483052603,0.340490797546012
"35","brucine","Preclinical","glycine receptor antagonist","CHRM1|CHRM2|CHRM3|CHRM4|CHRM5",0.345858895705522,1,0.345858895705522,NA,0.345858895705522
"157","NSC-632839","Preclinical","ubiquitin specific protease inhibitor","SENP2|USP1|USP2|USP7",0.348798568507158,2,0.348798568507158,0.127431053358006,0.348798568507158
"31","BMS-191011","Preclinical","potassium channel activator","KCNMA1",0.350587934560327,2,0.350587934560327,0.0605523445034494,0.350587934560327
"202","RS-23597-190","Preclinical","serotonin receptor antagonist","HTR4",0.38778118609407,1,0.38778118609407,NA,0.38778118609407
"193","puromycin","Preclinical","protein synthesis inhibitor","NHP2L1|RPL10L|RPL11|RPL13A|RPL15|RPL19|RPL23|RPL23A|RPL26L1|RPL3|RPL37|RPL8|RSL24D1",0.388548057259714,1,0.388548057259714,NA,0.388548057259714
"47","CGS-15943","Preclinical","adenosine receptor antagonist","ADORA1|ADORA2A|ADORA2B|ADORA3",0.397367075664622,2,0.397367075664622,0.145867886609801,0.397367075664622
"181","pifithrin-mu","Preclinical","HSP inhibitor","HSPA1A|TP53",0.406058282208589,2,0.406058282208589,0.0869423215109227,0.406058282208589
"176","phenacetin","Withdrawn","cyclooxygenase inhibitor","PTGS1",0.410531697341513,1,0.410531697341513,NA,0.410531697341513
"142","mitoxantrone","Launched","topoisomerase inhibitor","TOP2A",0.411554192229039,2,0.411554192229039,0.0325355880914054,0.411554192229039
"188","prochlorperazine","Launched","dopamine receptor antagonist","DRD1|DRD2|DRD3|DRD4",0.429959100204499,1,0.429959100204499,NA,0.429959100204499
"119","KI-8751","Preclinical","KIT inhibitor|PDGFR tyrosine kinase receptor inhibitor|VEGFR inhibitor","KDR",0.43379345603272,1,0.43379345603272,NA,0.43379345603272
"46","cefotaxime","Launched","bacterial cell wall synthesis inhibitor","",0.434560327198364,1,0.434560327198364,NA,0.434560327198364
"186","prednisolone","Launched","glucocorticoid receptor agonist","NR3C1|NR3C2|SERPINA6",0.44478527607362,2,0.44478527607362,0.293543305891348,0.44478527607362
"115","immepip","Preclinical","histamine receptor agonist","HRH3|HRH4",0.458077709611452,1,0.458077709611452,NA,0.458077709611452
"41","carbamazepine","Launched","carboxamide antiepileptic","SCN10A|SCN11A|SCN1A|SCN2A|SCN3A|SCN4A|SCN5A|SCN7A|SCN8A|SCN9A",0.465490797546012,1,0.465490797546012,NA,0.465490797546012
"56","cortisone","Launched","glucocorticoid receptor agonist","NR3C1",0.47060327198364,1,0.47060327198364,NA,0.47060327198364
"25","benzonatate","Launched","local anesthetic","SCN5A",0.471881390593047,1,0.471881390593047,NA,0.471881390593047
"90","ethambutol","Launched","bacterial cell wall synthesis inhibitor","",0.47418200408998,1,0.47418200408998,NA,0.47418200408998
"204","RWJ-21757","Phase 1","toll-like receptor agonist","TLR7",0.487730061349693,1,0.487730061349693,NA,0.487730061349693
"195","pyroxamide","Phase 1","HDAC inhibitor","HDAC1",0.514059304703476,1,0.514059304703476,NA,0.514059304703476
"225","tanespimycin","Phase 3","HSP inhibitor","HSP90AA1",0.514059304703476,2,0.514059304703476,0.305111514990514,0.514059304703476
"113","IKK-2-inhibitor-V","Phase 1","IKK inhibitor|NFkB pathway inhibitor","IKBKB",0.516104294478528,1,0.516104294478528,NA,0.516104294478528
"45","cefixime","Launched","bacterial cell wall synthesis inhibitor","",0.524539877300613,1,0.524539877300613,NA,0.524539877300613
"114","ilomastat","Phase 3","matrix metalloprotease inhibitor","ACAN|ADAM28|MMP1|MMP12|MMP13|MMP14|MMP2|MMP3|MMP8|MMP9",0.53118609406953,1,0.53118609406953,NA,0.53118609406953
"199","ritanserin","Phase 3","serotonin receptor antagonist","ADRA1A|ADRA1B|ADRA1D|HTR1A|HTR1B|HTR1D|HTR2A|HTR2B|HTR2C|HTR5A|HTR6|HTR7",0.535787321063395,1,0.535787321063395,NA,0.535787321063395
"268","YM-155","Phase 2","survivin inhibitor","BIRC5",0.540729379686435,1,0.540729379686435,NA,0.540729379686435
"151","nilotinib","Launched","Abl kinase inhibitor|Bcr-Abl kinase inhibitor","ABL1|KIT",0.542944785276074,1,0.542944785276074,NA,0.542944785276074
"16","antimycin-a","Preclinical","ATP synthase inhibitor","CYCS",0.546523517382413,1,0.546523517382413,NA,0.546523517382413
"201","RS-100329","Preclinical","adrenergic receptor antagonist","ADRA1A|ADRA1D",0.558282208588957,1,0.558282208588957,NA,0.558282208588957
"77","doxycycline","Launched","metalloproteinase inhibitor","MMP8",0.563905930470348,1,0.563905930470348,NA,0.563905930470348
"257","valproic-acid","Launched","HDAC inhibitor","ABAT|ACADSB|ALDH5A1|HDAC1|HDAC2|HDAC9|OGDH|SCN10A|SCN11A|SCN1A|SCN1B|SCN2A|SCN2B|SCN3A|SCN3B|SCN4A|SCN4B|SCN5A|SCN7A|SCN8A|SCN9A",0.56978527607362,1,0.56978527607362,NA,0.56978527607362
"27","bergenin","Preclinical","interleukin inhibitor","IL1B|TNF",0.574386503067485,1,0.574386503067485,NA,0.574386503067485
"226","temozolomide","Launched","DNA alkylating agent","MGMT",0.577709611451943,1,0.577709611451943,NA,0.577709611451943
"256","ursolic-acid","Phase 1","ATPase inhibitor|NFkB pathway inhibitor|STAT inhibitor","HSD11B1|PLA2G1B|PTPN1|PYGM",0.588957055214724,1,0.588957055214724,NA,0.588957055214724
"71","digoxigenin","Preclinical","steroid","",0.591002044989775,1,0.591002044989775,NA,0.591002044989775
"3","ABT-737","Phase 1/Phase 2","BCL inhibitor","BCL2|BCL2L1|BCL2L2",0.61758691206544,1,0.61758691206544,NA,0.61758691206544
"229","terfenadine","Withdrawn","histamine receptor antagonist","CHRM1|CHRM2|CHRM3|CHRM4|CHRM5|HRH1|KCNH1|KCNH2",0.628323108384458,1,0.628323108384458,NA,0.628323108384458
"9","amiodarone","Launched","potassium channel blocker","ADRB1|CACNA1H|CACNA2D2|KCNA7|KCNH2",0.633691206543967,1,0.633691206543967,NA,0.633691206543967
"154","norethisterone","Launched","progesterone receptor agonist","PGR",0.665899795501023,1,0.665899795501023,NA,0.665899795501023
"178","PI-103","Preclinical","mTOR inhibitor|PI3K inhibitor","MTOR|PIK3CA|PIK3CB|PIK3CD|PIK3CG|PRKDC",0.668711656441718,1,0.668711656441718,NA,0.668711656441718
"121","L-670596","Preclinical","prostanoid receptor antagonist","",0.679703476482618,1,0.679703476482618,NA,0.679703476482618
"26","benzthiazide","Launched","carbonic anhydrase inhibitor","CA1|CA12|CA2|CA4|CA9|SLC12A3",0.708844580777096,1,0.708844580777096,NA,0.708844580777096
"271","ZK-93423","Phase 3","benzodiazepine receptor agonist","GABRA1|GABRA2|GABRA3|GABRA5|GABRB2|GABRG2",0.72418200408998,1,0.72418200408998,NA,0.72418200408998
"239","torin-2","Preclinical","mTOR inhibitor","MTOR",0.739263803680982,1,0.739263803680982,NA,0.739263803680982
"80","enrofloxacin","Launched","bacterial DNA gyrase inhibitor","",0.873721881390593,1,0.873721881390593,NA,0.873721881390593
"67","dequalinium","Launched","PKC inhibitor","KCNN1|KCNN3",0.996932515337423,1,0.996932515337423,NA,0.996932515337423
"110","heptaminol","Launched","vasoconstrictor","",1.02837423312883,1,1.02837423312883,NA,1.02837423312883
"15","anisomycin","Preclinical","DNA synthesis inhibitor","NHP2L1|RPL10L|RPL11|RPL13A|RPL15|RPL19|RPL23|RPL23A|RPL26L1|RPL3|RPL37|RPL8|RSL24D1",NA,1,NA,NA,NA
"32","bortezomib","Launched","NFkB pathway inhibitor|proteasome inhibitor","PSMA1|PSMA2|PSMA3|PSMA4|PSMA5|PSMA6|PSMA7|PSMA8|PSMB1|PSMB10|PSMB11|PSMB2|PSMB3|PSMB4|PSMB5|PSMB6|PSMB7|PSMB8|PSMB9|PSMD1|PSMD2|RELA",NA,2,NA,NA,NA
"33","brefeldin-a","Preclinical","protein synthesis inhibitor","ARF1|CYTH2",NA,1,NA,NA,NA
"40","canertinib","Phase 3","EGFR inhibitor","AKT1|EGFR|ERBB2|ERBB4",NA,2,NA,NA,NA
"51","cisplatin","Launched","DNA alkylating agent|DNA synthesis inhibitor","XIAP",NA,1,NA,NA,NA
"57","CP-724714","Phase 2","EGFR inhibitor|protein tyrosine kinase inhibitor","ERBB2",NA,1,NA,NA,NA
"60","CYT-997","Phase 2","tubulin polymerization inhibitor","TUBB",NA,2,NA,NA,NA
"79","emetine","Phase 2","protein synthesis inhibitor","RPS2",NA,2,NA,NA,NA
"88","estradiol","Launched","estrogen receptor agonist","ESR1|ESR2|GPER1|KCNMA1|NR1I2",NA,3,NA,NA,NA
"106","geldanamycin","Preclinical","HSP inhibitor","HSP90AA1|HSP90AB1",NA,10,NA,NA,NA
"107","gemcitabine","Launched","ribonucleotide reductase inhibitor","CMPK1|RRM1|RRM2|TYMS",NA,3,NA,NA,NA
"167","palbociclib","Launched","CDK inhibitor","CDK4|CDK6",NA,1,NA,NA,NA
"170","pazopanib","Launched","KIT inhibitor|PDGFR tyrosine kinase receptor inhibitor|VEGFR inhibitor","CSF1R|FGF1|FGFR1|FGFR3|FLT1|FLT4|ITK|KDR|KIT|PDGFRA|PDGFRB|SH2B3",NA,1,NA,NA,NA
"207","saracatinib","Phase 2/Phase 3","src inhibitor","ABL1|LCK|SRC|YES1",NA,3,NA,NA,NA
"213","selumetinib","Phase 3","MEK inhibitor","MAP2K1",NA,3,NA,NA,NA
"218","SN-38","Launched","topoisomerase inhibitor","TOP1",NA,2,NA,NA,NA
"228","teniposide","Launched","topoisomerase inhibitor","TOP2A|TOP2B",NA,4,NA,NA,NA
"242","tozasertib","Phase 2","Aurora kinase inhibitor|Bcr-Abl kinase inhibitor|FLT3 inhibitor|JAK inhibitor","AURKA|AURKB|AURKC|LCK",NA,2,NA,NA,NA
"246","trichostatin-a","Preclinical","HDAC inhibitor","HDAC1|HDAC10|HDAC2|HDAC3|HDAC4|HDAC5|HDAC6|HDAC7|HDAC8|HDAC9",NA,19,NA,NA,NA
"249","triptolide","Phase 3","RNA polymerase inhibitor","RELA",NA,1,NA,NA,NA
"251","tyrphostin-A9","Preclinical","protein tyrosine kinase inhibitor|tyrosine kinase inhibitor","",NA,1,NA,NA,NA
"260","vorinostat","Launched","HDAC inhibitor","HDAC1|HDAC10|HDAC11|HDAC2|HDAC3|HDAC5|HDAC6|HDAC8|HDAC9",NA,7,NA,NA,NA
"261","VX-745","Phase 2","p38 MAPK inhibitor","MAPK11|MAPK12|MAPK14",NA,1,NA,NA,NA
"263","wortmannin","Preclinical","PI3K inhibitor","PI4KA|PI4KB|PIK3CA|PIK3CD|PIK3CG|PIK3R1|PLK1|PRKDC",NA,8,NA,NA,NA
"265","WZ-4002","Preclinical","EGFR inhibitor","EGFR|ERBB2",NA,1,NA,NA,NA
"266","XAV-939","Preclinical","tankyrase inhibitor","TNKS|TNKS2",NA,2,NA,NA,NA
"267","Y-39983","Phase 2","rho associated kinase inhibitor","ROCK1|ROCK2",NA,1,NA,NA,NA
