"","id","cmap_score","p","padj","sig_id","cell_id","pert_desc","pert_id","pert_type","pert_dose","pert_time","pert_time_unit","brew_prefix","is_gold","pert_mfc_id","pert_iname","pool_id","zmad_ref"
"95","21732",-1.01782062518259,5e-04,0.174928571428571,"CPC006_HA1E_24H:BRD-A19037878:10","HA1E","trichostatin-a","BRD-A19037878","trt_cp",10,"24","h","CPC006_HA1E_24H","1","NULL","trichostatin-a","epsilon","population"
"173","328971",-0.992112182296231,0.001,0.174928571428571,"LJP002_MDAMB231_24H:BRD-K87737963-001-02-9:0.4","MDAMB231","CYT387","BRD-K87737963","trt_cp",0.4,"24","h","LJP002_MDAMB231_24H","1","NULL","CYT387","epsilon","population"
"202","34689",-0.952965235173824,0.0018,0.174928571428571,"CPC005_VCAP_6H:BRD-A52660433-066-01-3:10","VCAP","Tetrindole mesylate","BRD-A52660433","trt_cp",10,"6","h","CPC005_VCAP_6H","1","NULL","tetrindole","epsilon","population"
"112","24896",-0.939234589541338,0.0019,0.174928571428571,"CPC006_HT29_24H:BRD-K06980535-003-15-0:10","HT29","PROMAZINE HYDROCHLORIDE","BRD-K06980535","trt_cp",10,"24","h","CPC006_HT29_24H","1","NULL","promazine","epsilon","population"
"316","73789",-0.933610867659947,0.0023,0.174928571428571,"CPC015_A549_24H:BRD-K66296774-001-02-0:10","A549","-666","BRD-K66296774","trt_cp",10,"24","h","CPC015_A549_24H","1","NULL","fluvastatin","epsilon","population"
"330","7749",-0.923239848086474,0.0031,0.174928571428571,"CPC004_HCC515_24H:BRD-K66296774-001-02-0:10","HCC515","FLUVASTATIN","BRD-K66296774","trt_cp",10,"24","h","CPC004_HCC515_24H","1","NULL","fluvastatin","epsilon","population"
"343","82611",-0.922436459246275,0.0031,0.174928571428571,"CPC013_NEU_24H:BRD-K68202742-001-05-8:10","NEU","trichostatin-a","BRD-K68202742","trt_cp",10,"24","h","CPC013_NEU_24H","1","NULL","trichostatin-a","epsilon","population"
"304","720",-0.912795793163891,0.0037,0.1826875,"CPC004_A375_6H:BRD-A19037878:10","A375","trichostatin-a","BRD-A19037878","trt_cp",10,"6","h","CPC004_A375_6H","1","NULL","trichostatin-a","epsilon","population"
"288","65356",-0.91002044989775,0.0043,0.188722222222222,"CPC012_NPC_24H:BRD-A19037878:10","NPC","trichostatin-a","BRD-A19037878","trt_cp",10,"24","h","CPC012_NPC_24H","1","NULL","trichostatin-a","epsilon","population"
"312","73378",-0.881536663745253,0.0065,0.223833333333333,"CPC015_A549_24H:BRD-A49160188-003-04-4:10","A549","-666","BRD-A49160188","trt_cp",10,"24","h","CPC015_A549_24H","1","NULL","donepezil","epsilon","population"
"200","34",-0.879491673970202,0.0067,0.223833333333333,"CPC004_A375_6H:BRD-A72758037-001-01-8:10","A375","ASIATIC ACID","BRD-A72758037","trt_cp",10,"6","h","CPC004_A375_6H","1","NULL","asiatic-acid","epsilon","population"
"1","10020",-0.86473853345019,0.0081,0.223833333333333,"CPC005_HT29_24H:BRD-A83937277-001-03-0:10","HT29","Mephenytoin","BRD-A83937277","trt_cp",10,"24","h","CPC005_HT29_24H","1","NULL","mephenytoin","epsilon","population"
"240","441832",-0.863569967864446,0.0082,0.223833333333333,"HOG003_MCF7_24H:BRD-K94920105-001-01-3:10","MCF7","DR-2313","BRD-K94920105","trt_cp",10,"24","h","HOG003_MCF7_24H","1","NULL","DR-2313","epsilon","population"
"18","11133",-0.86189015483494,0.0084,0.223833333333333,"CPC004_PC3_6H:BRD-A22032524-074-04-0:10","PC3","AMLODIPINE BESYLATE","BRD-A22032524","trt_cp",10,"6","h","CPC004_PC3_6H","1","NULL","amlodipine","epsilon","population"
"69","17535",-0.860356412503652,0.0085,0.223833333333333,"CPC006_A375_24H:BRD-K88560311-011-02-2:10","A375","AG-014699 (PF-01367338)","BRD-K88560311","trt_cp",10,"24","h","CPC006_A375_24H","1","NULL","rucaparib","epsilon","population"
"71","17656",-0.845457201285422,0.0102,0.226027777777778,"CPC006_A375_24H:BRD-K92991072-001-02-3:10","A375","PAC 1","BRD-K92991072","trt_cp",10,"24","h","CPC006_A375_24H","1","NULL","PAC-1","epsilon","population"
"113","24921",-0.842389716622845,0.0103,0.226027777777778,"CPC006_HT29_24H:BRD-K21672174-001-02-2:160","HT29","Ro 28-1675 ?","BRD-K21672174","trt_cp",160,"24","h","CPC006_HT29_24H","1","NULL","RO-28-1675","epsilon","population"
"162","326013",-0.840344726847794,0.0103,0.226027777777778,"LJP001_MCF10A_24H:BRD-K94294671-003-02-1:0.4","MCF10A","OSI-027","BRD-K94294671","trt_cp",0.4,"24","h","LJP001_MCF10A_24H","1","NULL","OSI-027","epsilon","population"
"44","14634",-0.830923166812737,0.0115,0.238795454545455,"CPC004_VCAP_6H:BRD-A97104540-004-08-5:10","VCAP","FENOTEROL HYDROBROMIDE","BRD-A97104540","trt_cp",10,"6","h","CPC004_VCAP_6H","1","NULL","fenoterol","epsilon","population"
"305","72050",-0.82719836400818,0.0122,0.238795454545455,"CPC014_A375_6H:BRD-K19687926-379-01-7:10","A375","HY-50898","BRD-K19687926","trt_cp",10,"6","h","CPC014_A375_6H","1","NULL","lapatinib","epsilon","population"
"348","83251",-0.819018404907975,0.0133,0.238795454545455,"CPC015_NPC_24H:BRD-K71266197-236-01-9:10","NPC","-666","BRD-K71266197","trt_cp",10,"24","h","CPC015_NPC_24H","1","NULL","PSB-06126","epsilon","population"
"307","72263",-0.818872334209758,0.0133,0.238795454545455,"CPC016_A549_6H:BRD-A35588707-001-03-0:10","A549","-666","BRD-A35588707","trt_cp",10,"6","h","CPC016_A549_6H","1","NULL","teniposide","epsilon","population"
"266","52145",-0.813613789073912,0.0143,0.245586956521739,"CPC006_VCAP_24H:BRD-K08845546-001-02-2:22.2","VCAP","FK506","BRD-K08845546","trt_cp",22.2,"24","h","CPC006_VCAP_24H","1","NULL","tacrolimus","epsilon","population"
"124","28202",-0.803607946245983,0.0166,0.271942307692308,"CPC006_NCIH2073_6H:BRD-K73789395-001-06-5:102.71","NCIH2073","ZM 336372","BRD-K73789395","trt_cp",102.71,"6","h","CPC006_NCIH2073_6H","1","NULL","ZM-336372","epsilon","population"
"89","20322",-0.800029214139644,0.0177,0.271942307692308,"CPC006_DV90_6H:BRD-A36630025-001-02-6:0.35","DV90","-666","BRD-A36630025","trt_cp",0.35,"6","h","CPC006_DV90_6H","1","NULL","SN-38","epsilon","population"
"165","327137",-0.798568507157464,0.0179,0.271942307692308,"LJP001_MCF7_6H:BRD-K72420232-001-05-7:2","MCF7","WZ4002","BRD-K72420232","trt_cp",2,"6","h","LJP001_MCF7_6H","1","NULL","WZ-4002","epsilon","population"
"194","3354",-0.76132047911189,0.026,0.343530303030303,"CPC002_HA1E_6H:BRD-A24122750-001-02-9:10","HA1E","Saclofen","BRD-A24122750","trt_cp",10,"6","h","CPC002_HA1E_6H","1","NULL","saclofen","epsilon","population"
"326","7711",-0.759859772129711,0.0261,0.343530303030303,"CPC004_HCC515_24H:BRD-A41519720-001-03-0:10","HCC515","EZETIMIBE","BRD-A41519720","trt_cp",10,"24","h","CPC004_HCC515_24H","1","NULL","ezetimibe","epsilon","population"
"80","18378",-0.756281040023371,0.0273,0.343530303030303,"CPC006_A549_24H:BRD-A12230535-001-02-6:44.4","A549","Nutlin-3","BRD-A12230535","trt_cp",44.4,"24","h","CPC006_A549_24H","1","NULL","nutlin-3","epsilon","population"
"154","324480",-0.753870873502775,0.0278,0.343530303030303,"LJP001_HS578T_24H:BRD-K99545815-001-02-2:10","HS578T","PF562271","BRD-K99545815","trt_cp",10,"24","h","LJP001_HS578T_24H","1","NULL","PF-562271","epsilon","population"
"394","99933",-0.75211802512416,0.0281,0.343530303030303,"CPC017_MCF7_24H:BRD-K28761384-003-03-6:10","MCF7","-666","BRD-K28761384","trt_cp",10,"24","h","CPC017_MCF7_24H","1","NULL","zuclopenthixol","epsilon","population"
"177","329278",-0.750949459538417,0.0281,0.343530303030303,"LJP002_MDAMB231_24H:BRD-K49865102-001-04-3:10","MDAMB231","PD0325901","BRD-K49865102","trt_cp",10,"24","h","LJP002_MDAMB231_24H","1","NULL","PD-0325901","epsilon","population"
"10","103698",-0.747443762781186,0.0287,0.343530303030303,"CPD001_PC3_24H:BRD-A07932845-103-02-3:10","PC3","Methiothepin maleate","BRD-A07932845","trt_cp",10,"24","h","CPD001_PC3_24H","1","NULL","metitepine","epsilon","population"
"243","442419",-0.733494011101373,0.0323,0.37525,"HOG001_MCF7_24H:BRD-K68202742-001-10-8:0.1235","MCF7","trichostatin-a","BRD-K68202742","trt_cp",0.1235,"24","h","HOG001_MCF7_24H","1","NULL","trichostatin-a","epsilon","population"
"172","328865",-0.731960268770085,0.0333,0.375814285714286,"LJP001_MDAMB231_24H:BRD-K05804044-001-02-9:10","MDAMB231","AZ-628","BRD-K05804044","trt_cp",10,"24","h","LJP001_MDAMB231_24H","1","NULL","AZ-628","epsilon","population"
"24","113064",-0.723269062226118,0.036,0.393932432432432,"CPD003_MCF7_24H:BRD-K22901619-001-01-9:10","MCF7","Norgestimate","BRD-K22901619","trt_cp",10,"24","h","CPD003_MCF7_24H","1","NULL","norgestimate","epsilon","population"
"197","33642",-0.720128542214432,0.0369,0.393932432432432,"CPC006_SKMEL28_6H:BRD-A19037878:10","SKMEL28","trichostatin-a","BRD-A19037878","trt_cp",10,"6","h","CPC006_SKMEL28_6H","1","NULL","trichostatin-a","epsilon","population"
"29","115445",-0.716768916155419,0.0381,0.396039473684211,"CPD002_PC3_24H:BRD-K82795137-001-18-9:10","PC3","Loratadine","BRD-K82795137","trt_cp",10,"24","h","CPD002_PC3_24H","1","NULL","loratadine","epsilon","population"
"82","19002",-0.713044113350862,0.0392,0.397025641025641,"CPC006_AGS_6H:BRD-M86331534-373-01-5:10","AGS","BJM-ctd2-9","BRD-M86331534","trt_cp",10,"6","h","CPC006_AGS_6H","1","NULL","pyrvinium-pamoate","epsilon","population"
"148","323341",-0.708442886356997,0.0412,0.404634146341463,"LJP001_HS578T_6H:BRD-K19540840-001-04-5:0.08","HS578T","AZD0530:Saracatinib","BRD-K19540840","trt_cp",0.08,"6","h","LJP001_HS578T_6H","1","NULL","saracatinib","epsilon","population"
"70","17565",-0.706178790534619,0.042,0.404634146341463,"CPC006_A375_24H:BRD-K92241597-001-02-9:80","A375","CHR 2797","BRD-K92241597","trt_cp",80,"24","h","CPC006_A375_24H","1","NULL","tosedostat","epsilon","population"
"231","436237",-0.699970785860356,0.0452,0.420136363636364,"CPC006_H1299_6H:BRD-K59184148-001-04-2:10","H1299","SB 216763","BRD-K59184148","trt_cp",10,"6","h","CPC006_H1299_6H","1","NULL","SB-216763","epsilon","population"
"228","435525",-0.698729184925504,0.046,0.420136363636364,"HOG003_A549_6H:BRD-K68202742-001-10-8:10","A549","trichostatin-a","BRD-K68202742","trt_cp",10,"6","h","HOG003_A549_6H","1","NULL","trichostatin-a","epsilon","population"
"83","19020",-0.696465089103126,0.0468,0.420136363636364,"CPC006_AGS_6H:BRD-K23363278-001-01-3:1","AGS","CYT997","BRD-K23363278","trt_cp",1,"6","h","CPC006_AGS_6H","1","NULL","CYT-997","epsilon","population"
"63","169134",-0.693835816535203,0.0479,0.420455555555556,"HDAC002_HA1E_24H:BRD-K77908580-001-04-7:10","HA1E","MS275","BRD-K77908580","trt_cp",10,"24","h","HDAC002_HA1E_24H","1","NULL","entinostat","epsilon","population"
"50","151995",-0.684706397896582,0.0524,0.44995652173913,"DOS050_MCF7_24H:BRD-A75409952:10","MCF7","wortmannin","BRD-A75409952","trt_cp",10,"24","h","DOS050_MCF7_24H","1","NULL","wortmannin","epsilon","population"
"119","26716",-0.679739994157172,0.0544,0.457191489361702,"CPC006_MCF7_24H:BRD-A56592690-001-01-9:30","MCF7","PX12","BRD-A56592690","trt_cp",30,"24","h","CPC006_MCF7_24H","1","NULL","PX-12","epsilon","population"
"377","91870",-0.667031843412212,0.0593,0.486091836734694,"CPC020_A549_6H:BRD-K81418486:10","A549","vorinostat","BRD-K81418486","trt_cp",10,"6","h","CPC020_A549_6H","1","NULL","vorinostat","epsilon","population"
"99","23151",-0.664621676891616,0.0603,0.486091836734694,"CPC006_HCT116_6H:BRD-A79465854-001-01-3:10","HCT116","auranofin","BRD-A79465854","trt_cp",10,"6","h","CPC006_HCT116_6H","1","NULL","auranofin","epsilon","population"
"49","1502",-0.65439672801636,0.0672,0.503786885245902,"CPC005_A549_24H:BRD-K54095730-001-01-5:10","A549","CMPD-1","BRD-K54095730","trt_cp",10,"24","h","CPC005_A549_24H","1","NULL","CMPD-1","epsilon","population"
"233","439659",-0.654031551270815,0.0674,0.503786885245902,"DOSBIO001_HT29_24H:BRD-A19500257:0.37037","HT29","geldanamycin","BRD-A19500257","trt_cp",0.37037,"24","h","DOSBIO001_HT29_24H","1","NULL","geldanamycin","epsilon","population"
"62","167351",-0.651037101957347,0.0695,0.503786885245902,"ERG011_VCAP_24H:BRD-K40175214-001-04-1:1","VCAP","torin1","BRD-K40175214","trt_cp",1,"24","h","ERG011_VCAP_24H","1","NULL","torin-1","epsilon","population"
"376","9124",-0.650598889862694,0.0698,0.503786885245902,"CPC005_HT29_6H:BRD-A65145453-001-02-0:10","HT29","ATPA","BRD-A65145453","trt_cp",10,"6","h","CPC005_HT29_6H","1","NULL","ATPA","epsilon","population"
"4","101742",-0.64943032427695,0.0702,0.503786885245902,"CPC017_NPC_24H:BRD-K06426971-001-01-9:10","NPC","-666","BRD-K06426971","trt_cp",10,"24","h","CPC017_NPC_24H","1","NULL","ryuvidine","epsilon","population"
"269","52740",-0.647239263803681,0.0718,0.503786885245902,"CPC006_VCAP_24H:BRD-A62025033-001-01-8:10","VCAP","temsirolimus [CI779]","BRD-A62025033","trt_cp",10,"24","h","CPC006_VCAP_24H","1","NULL","temsirolimus","epsilon","population"
"123","27997",-0.647020157756354,0.072,0.503786885245902,"CPC006_NCIH2073_6H:BRD-K00615600-001-06-1:25","NCIH2073","AG14361","BRD-K00615600","trt_cp",25,"6","h","CPC006_NCIH2073_6H","1","NULL","AG-14361","epsilon","population"
"235","440645",-0.64307624890447,0.0742,0.503786885245902,"PCLB001_JURKAT_6H:BRD-A19037878-001-02-3:1.11","JURKAT","trichostatin-a","BRD-A19037878","trt_cp",1.11,"6","h","PCLB001_JURKAT_6H","1","NULL","trichostatin-a","epsilon","population"
"344","82686",-0.642418930762489,0.0749,0.503786885245902,"CPC016_NPC_24H:BRD-A35588707-001-03-0:10","NPC","-666","BRD-A35588707","trt_cp",10,"24","h","CPC016_NPC_24H","1","NULL","teniposide","epsilon","population"
"274","54506",-0.64022787028922,0.0766,0.503786885245902,"CPC011_A375_6H:BRD-K55696337-003-16-0:10","A375","topotecan hcl","BRD-K55696337","trt_cp",10,"6","h","CPC011_A375_6H","1","NULL","topotecan","epsilon","population"
"98","23040",-0.639789658194566,0.0768,0.503786885245902,"CPC006_HCT116_6H:BRD-K78513633-001-07-4:177.6","HCT116","Lonidamine","BRD-K78513633","trt_cp",177.6,"6","h","CPC006_HCT116_6H","1","NULL","lonidamine","epsilon","population"
"8","102224",-0.637744668419515,0.0778,0.503786885245902,"CPC018_NPC_24H:BRD-K97399794-001-10-4:10","NPC","-666","BRD-K97399794","trt_cp",10,"24","h","CPC018_NPC_24H","1","NULL","quercetin","epsilon","population"
"223","434321",-0.63314344142565,0.0809,0.515411290322581,"HOG001_A549_24H:BRD-A45889380-300-04-8:10","A549","quinacrine","BRD-A45889380","trt_cp",10,"24","h","HOG001_A549_24H","1","NULL","mepacrine","epsilon","population"
"245","442656",-0.629856850715746,0.0831,0.521023809523809,"HOG002_MCF7_6H:BRD-K18910433-001-19-2:0.0045","MCF7","17b-estradiol","BRD-K18910433","trt_cp",0.0045,"6","h","HOG002_MCF7_6H","1","NULL","estradiol","epsilon","population"
"150","323398",-0.625109553023663,0.086,0.527476923076923,"LJP001_HS578T_6H:BRD-K49669041-001-03-5:10","HS578T","BX-912","BRD-K49669041","trt_cp",10,"6","h","LJP001_HS578T_6H","1","NULL","BX-912","epsilon","population"
"186","331062",-0.623867952088811,0.0868,0.527476923076923,"LJP002_SKBR3_24H:BRD-K02113016-001-05-5:10","SKBR3","KU-0059436;AZD2281;Olaparib","BRD-K02113016","trt_cp",10,"24","h","LJP002_SKBR3_24H","1","NULL","olaparib","epsilon","population"
"205","355911",-0.618901548349401,0.0896,0.532669117647059,"NMH002_NPC_24H:BRD-K64994968-001-24-2:10","NPC","Progesterone","BRD-K64994968","trt_cp",10,"24","h","NMH002_NPC_24H","1","NULL","progesterone","epsilon","population"
"77","18016",-0.615103710195735,0.0916,0.532669117647059,"CPC006_A549_6H:BRD-A12230535-001-02-6:44.4","A549","Nutlin-3","BRD-A12230535","trt_cp",44.4,"6","h","CPC006_A549_6H","1","NULL","nutlin-3","epsilon","population"
"163","326938",-0.614884604148408,0.0917,0.532669117647059,"LJP001_MCF7_6H:BRD-K51313569-001-03-7:0.4","MCF7","PD0332991","BRD-K51313569","trt_cp",0.4,"6","h","LJP001_MCF7_6H","1","NULL","palbociclib","epsilon","population"
"242","442346",-0.61189015483494,0.0942,0.539260869565217,"HOG001_MCF7_24H:BRD-K50128260-001-01-6:0.3704","MCF7","sildenafil","BRD-K50128260","trt_cp",0.3704,"24","h","HOG001_MCF7_24H","1","NULL","sildenafil","epsilon","population"
"118","260",-0.607873210633947,0.0974,0.539655405405405,"CPC005_A375_6H:BRD-K66093087-001-02-3:10","A375","FGIN-1-43","BRD-K66093087","trt_cp",10,"6","h","CPC005_A375_6H","1","NULL","FGIN-1-43","epsilon","population"
"229","435780",-0.605609114811569,0.098,0.539655405405405,"AML001_CD34_24H:BRD-A19037878:1.11111","CD34","TRICHOSTATIN_A","BRD-A19037878","trt_cp",1.11111,"24","h","AML001_CD34_24H","1","NULL","trichostatin-a","epsilon","population"
"181","330251",-0.60268770084721,0.0997,0.539655405405405,"LJP002_SKBR3_6H:BRD-K12343256-001-01-4:10","SKBR3","JTP-74057;GSK1120212;GSK-1120212","BRD-K12343256","trt_cp",10,"6","h","LJP002_SKBR3_6H","1","NULL","trametinib","epsilon","population"
"388","96423",-0.601226993865031,0.1006,0.539655405405405,"CPC018_HT29_6H:BRD-K03015355-003-01-5:10","HT29","-666","BRD-K03015355","trt_cp",10,"6","h","CPC018_HT29_6H","1","NULL","forskolin","epsilon","population"
"273","54481",-0.600496640373941,0.1011,0.539655405405405,"CPC011_A375_6H:BRD-K93880783-001-20-9:10","A375","stavudine","BRD-K93880783","trt_cp",10,"6","h","CPC011_A375_6H","1","NULL","stavudine","epsilon","population"
"237","441010",-0.595530236634531,0.1045,0.545403846153846,"HOG002_MCF7_24H:BRD-K12762134-001-01-3:1.2333","MCF7","-666","BRD-K12762134","trt_cp",1.2333,"24","h","HOG002_MCF7_24H","1","NULL","XAV-939","epsilon","population"
"129","2987",-0.594069529652352,0.1054,0.545403846153846,"CPC001_HA1E_6H:BRD-K86958018-001-01-9:10","HA1E","Olvanil","BRD-K86958018","trt_cp",10,"6","h","CPC001_HA1E_6H","1","NULL","olvanil","epsilon","population"
"324","76274",-0.591148115687993,0.1077,0.545403846153846,"CPC016_HEPG2_6H:BRD-A64977602-001-04-3:10","HEPG2","-666","BRD-A64977602","trt_cp",10,"6","h","CPC016_HEPG2_6H","1","NULL","mirtazapine","epsilon","population"
"225","435282",-0.591075080338884,0.1077,0.545403846153846,"HOG002_A549_6H:BRD-K15108141-001-01-7:3.7","A549","gemcitabine","BRD-K15108141","trt_cp",3.7,"6","h","HOG002_A549_6H","1","NULL","gemcitabine","epsilon","population"
"19","111510",-0.583406368682442,0.1129,0.555379518072289,"CVD001_HUH7_24H:BRD-K37312348-001-05-1:3.825","HUH7","-666","BRD-K37312348","trt_cp",3.825,"24","h","CVD001_HUH7_24H","1","NULL","kenpaullone","epsilon","population"
"211","3673",-0.583333333333333,0.113,0.555379518072289,"CPC001_HA1E_24H:BRD-K68336408-001-03-4:10","HA1E","AG-1478","BRD-K68336408","trt_cp",10,"24","h","CPC001_HA1E_24H","1","NULL","tyrphostin-AG-1478","epsilon","population"
"299","70865",-0.58070406076541,0.1147,0.555379518072289,"CPC011_VCAP_24H:BRD-A52282606-001-05-5:10","VCAP","lacidipine","BRD-A52282606","trt_cp",10,"24","h","CPC011_VCAP_24H","1","NULL","lacidipine","epsilon","population"
"351","84586",-0.578732106339468,0.1162,0.555379518072289,"CPC014_PC3_6H:BRD-K86930074-001-01-9:10","PC3","S1017","BRD-K86930074","trt_cp",10,"6","h","CPC014_PC3_6H","1","NULL","cediranib","epsilon","population"
"161","325851",-0.578366929593924,0.1167,0.555379518072289,"LJP001_MCF10A_24H:BRD-K85606544-001-04-2:0.4","MCF10A","HKI-272:Neratinib","BRD-K85606544","trt_cp",0.4,"24","h","LJP001_MCF10A_24H","1","NULL","neratinib","epsilon","population"
"250","4474",-0.573473561203623,0.1196,0.562404761904762,"CPC001_HA1E_24H:BRD-A43930669-003-01-0:10","HA1E","L 368899 hydrochloride","BRD-A43930669","trt_cp",10,"24","h","CPC001_HA1E_24H","1","NULL","L-368899","epsilon","population"
"121","27121",-0.565074496056091,0.1262,0.581278409090909,"CPC006_MDST8_6H:BRD-K68336408-001-04-2:56.78","MDST8","Tyrphostin AG 1478","BRD-K68336408","trt_cp",56.78,"6","h","CPC006_MDST8_6H","1","NULL","tyrphostin-AG-1478","epsilon","population"
"179","329338",-0.563394683026585,0.1277,0.581278409090909,"LJP001_MDAMB231_24H:BRD-K56343971-001-04-9:0.4","MDAMB231","PLX4032:RG7204, R7204, RO5185426,","BRD-K56343971","trt_cp",0.4,"24","h","LJP001_MDAMB231_24H","1","NULL","vemurafenib","epsilon","population"
"32","11866",-0.561495763949752,0.129,0.581278409090909,"CPC004_PC3_6H:BRD-A48237631-001-03-0:10","PC3","MITOMYCIN C","BRD-A48237631","trt_cp",10,"6","h","CPC004_PC3_6H","1","NULL","mitomycin-c","epsilon","population"
"188","332614",-0.560619339760444,0.1295,0.581278409090909,"NMH002_FIBRNPC_24H:BRD-K04923131-001-11-3:10","FIBRNPC","BIO","BRD-K04923131","trt_cp",10,"24","h","NMH002_FIBRNPC_24H","1","NULL","GSK-3-inhibitor-IX","epsilon","population"
"206","35683",-0.556383289512124,0.1329,0.589837078651685,"CPC007_A375_6H:BRD-K03067624-003-19-3:10","A375","EMETINE HYDROCHLORIDE","BRD-K03067624","trt_cp",10,"6","h","CPC007_A375_6H","1","NULL","emetine","epsilon","population"
"103","23637",-0.55243938066024,0.1371,0.596364130434783,"CPC006_HEPG2_6H:BRD-K93754473-001-06-0:28.39","HEPG2","-666","BRD-K93754473","trt_cp",28.39,"6","h","CPC006_HEPG2_6H","1","NULL","tamoxifen","epsilon","population"
"360","87503",-0.551051709027169,0.138,0.596364130434783,"CPC013_SKB_24H:BRD-K71823332-001-01-1:10","SKB","S1297","BRD-K71823332","trt_cp",10,"24","h","CPC013_SKB_24H","1","NULL","epothilone-a","epsilon","population"
"22","112059",-0.550467426234297,0.1389,0.596364130434783,"CPD002_MCF7_6H:BRD-K78643075-001-08-2:10","MCF7","Bromperidol","BRD-K78643075","trt_cp",10,"6","h","CPD002_MCF7_6H","1","NULL","bromperidol","epsilon","population"
"184","330651",-0.541338007595676,0.146,0.62010752688172,"LJP002_SKBR3_6H:BRD-K56751279-001-01-8:0.08","SKBR3","Y39983","BRD-K56751279","trt_cp",0.08,"6","h","LJP002_SKBR3_6H","1","NULL","Y-39983","epsilon","population"
"279","5824",-0.535349108968741,0.151,0.62670618556701,"CPC004_HCC515_6H:BRD-A10188456-001-03-1:10","HCC515","DEXAMETHASONE","BRD-A10188456","trt_cp",10,"6","h","CPC004_HCC515_6H","1","NULL","dexamethasone","epsilon","population"
"277","56955",-0.535203038270523,0.1511,0.62670618556701,"CPC013_A549_24H:BRD-K47832606-001-13-7:10","A549","S1299","BRD-K47832606","trt_cp",10,"24","h","CPC013_A549_24H","1","NULL","floxuridine","epsilon","population"
"156","32483",-0.5325737657026,0.1532,0.62670618556701,"CPC006_SKLU1_6H:BRD-K20285085-001-01-4:10","SKLU1","R406","BRD-K20285085","trt_cp",10,"6","h","CPC006_SKLU1_6H","1","NULL","fostamatinib","epsilon","population"
"133","30482",-0.531697341513293,0.1539,0.62670618556701,"CPC006_PC3_24H:BRD-K95609758-001-02-9:10","PC3","-666","BRD-K95609758","trt_cp",10,"24","h","CPC006_PC3_24H","1","NULL","BMS-191011","epsilon","population"
"190","332862",-0.528556821501607,0.1569,0.63240306122449,"NMH002_FIBRNPC_24H:BRD-A50287119-001-01-5:10","FIBRNPC","Rapamycin","BRD-A50287119","trt_cp",10,"24","h","NMH002_FIBRNPC_24H","1","NULL","sirolimus","epsilon","population"
"182","330396",-0.52337131171487,0.1606,0.640777777777778,"LJP002_SKBR3_6H:BRD-K50168500-001-03-8:0.08","SKBR3","PD-183805;Canertinib;CI-1033","BRD-K50168500","trt_cp",0.08,"6","h","LJP002_SKBR3_6H","1","NULL","canertinib","epsilon","population"
"207","361451",-0.522202746129127,0.1625,0.64099504950495,"RAD001_A549_6H:BRD-K01228321-318-03-5:0.0412","A549","-666","BRD-K01228321","trt_cp",0.0412,"6","h","RAD001_A549_6H","1","NULL","cisplatin","epsilon","population"
"185","330758",-0.520449897750511,0.1639,0.64099504950495,"LJP001_SKBR3_24H:BRD-K19540840-001-04-5:0.4","SKBR3","AZD0530:Saracatinib","BRD-K19540840","trt_cp",0.4,"24","h","LJP001_SKBR3_24H","1","NULL","saracatinib","epsilon","population"
"282","59185",-0.513292433537832,0.1694,0.653092233009709,"CPC012_HA1E_6H:BRD-A59985574-003-01-9:10","HA1E","T542500","BRD-A59985574","trt_cp",10,"6","h","CPC012_HA1E_6H","1","NULL","topotecan","epsilon","population"
"104","23695",-0.511977797253871,0.1703,0.653092233009709,"CPC006_HEPG2_6H:BRD-M86331534-373-01-5:10","HEPG2","BJM-ctd2-9","BRD-M86331534","trt_cp",10,"6","h","CPC006_HEPG2_6H","1","NULL","pyrvinium-pamoate","epsilon","population"
"187","331064",-0.503943908851884,0.1764,0.668518867924528,"LJP002_SKBR3_24H:BRD-K02113016-001-05-5:0.4","SKBR3","KU-0059436;AZD2281;Olaparib","BRD-K02113016","trt_cp",0.4,"24","h","LJP002_SKBR3_24H","1","NULL","olaparib","epsilon","population"
"336","79705",-0.500876424189308,0.1787,0.668518867924528,"CPC014_MCF7_6H:BRD-K43164539-001-05-7:10","MCF7","BL-051","BRD-K43164539","trt_cp",10,"6","h","CPC014_MCF7_6H","1","NULL","cholic-acid","epsilon","population"
"76","17894",-0.499926964650891,0.1794,0.668518867924528,"CPC006_A549_6H:BRD-K06854232-001-03-3:10","A549","AM580","BRD-K06854232","trt_cp",10,"6","h","CPC006_A549_6H","1","NULL","AM-580","epsilon","population"
"108","23874",-0.494157172071283,0.1837,0.67548623853211,"CPC006_HEPG2_6H:BRD-K73789395-001-06-5:102.71","HEPG2","ZM 336372","BRD-K73789395","trt_cp",102.71,"6","h","CPC006_HEPG2_6H","1","NULL","ZM-336372","epsilon","population"
"256","47649",-0.491673970201578,0.1853,0.67548623853211,"CPC006_SNUC4_6H:BRD-K40853697-001-04-9:160","SNUC4","STAT3 Inhibitor VI, S31-201","BRD-K40853697","trt_cp",160,"6","h","CPC006_SNUC4_6H","1","NULL","STAT3-inhibitor-VI","epsilon","population"
"26","114907",-0.490651475314052,0.1864,0.67548623853211,"CPD003_PC3_6H:BRD-K89104321-003-10-6:10","PC3","THIP Hydrochloride","BRD-K89104321","trt_cp",10,"6","h","CPD003_PC3_6H","1","NULL","gaboxadol","epsilon","population"
"132","30373",-0.488606485539001,0.1886,0.677245454545454,"CPC006_PC3_6H:BRD-K15108141-001-01-7:0.08","PC3","gemcitabine","BRD-K15108141","trt_cp",0.08,"6","h","CPC006_PC3_6H","1","NULL","gemcitabine","epsilon","population"
"16","1064",-0.474583698510079,0.2002,0.7100125,"CPC005_A375_24H:BRD-A62021152-003-01-8:10","A375","WAY 161503 hydrochloride","BRD-A62021152","trt_cp",10,"24","h","CPC005_A375_24H","1","NULL","WAY-161503","epsilon","population"
"221","432499",-0.469325153374233,0.2043,0.7100125,"BRAF001_A375_6H:BRD-K36862742-001-19-9:10","A375","hydro-flumethiazide","BRD-K36862742","trt_cp",10,"6","h","BRAF001_A375_6H","1","NULL","hydroflumethiazide","epsilon","population"
"358","8675",-0.468302658486707,0.2048,0.7100125,"CPC003_HCC515_24H:BRD-K08996725-313-01-7:10","HCC515","Zolantidine dimaleate","BRD-K08996725","trt_cp",10,"24","h","CPC003_HCC515_24H","1","NULL","zolantidine","epsilon","population"
"125","2838",-0.462167689161554,0.2104,0.7100125,"CPC001_HA1E_6H:BRD-K09549677-300-01-8:10","HA1E","Mibefradil dihydrochloride","BRD-K09549677","trt_cp",10,"6","h","CPC001_HA1E_6H","1","NULL","mibefradil","epsilon","population"
"381","9316",-0.461583406368682,0.2112,0.7100125,"CPC004_HT29_6H:BRD-K14920963-304-01-9:10","HT29","ERYTHROSINE SODIUM","BRD-K14920963","trt_cp",10,"6","h","CPC004_HT29_6H","1","NULL","erythrosine","epsilon","population"
"369","8981",-0.460999123575811,0.2119,0.7100125,"CPC004_HEPG2_6H:BRD-K75958195-037-04-5:10","HEPG2","PIZOTYLINE MALATE","BRD-K75958195","trt_cp",10,"6","h","CPC004_HEPG2_6H","1","NULL","pizotifen","epsilon","population"
"155","324533",-0.459319310546304,0.2135,0.7100125,"LJP001_HS578T_24H:BRD-K20285085-001-03-0:2","HS578T","R406","BRD-K20285085","trt_cp",2,"24","h","LJP001_HS578T_24H","1","NULL","fostamatinib","epsilon","population"
"106","23825",-0.45822378030967,0.2142,0.7100125,"CPC006_HEPG2_6H:BRD-K66874953-004-02-1:69.83","HEPG2","Pifithrin-a","BRD-K66874953","trt_cp",69.83,"6","h","CPC006_HEPG2_6H","1","NULL","pifithrin-alpha","epsilon","population"
"203","35081",-0.458004674262343,0.2144,0.7100125,"CPC005_VCAP_24H:BRD-A19500257:10","VCAP","geldanamycin","BRD-A19500257","trt_cp",10,"24","h","CPC005_VCAP_24H","1","NULL","geldanamycin","epsilon","population"
"278","58155",-0.456909144025708,0.2157,0.7100125,"CPC012_ASC_24H:BRD-A75409952:10","ASC","wortmannin","BRD-A75409952","trt_cp",10,"24","h","CPC012_ASC_24H","1","NULL","wortmannin","epsilon","population"
"374","9059",-0.451504528191645,0.2192,0.715570247933884,"CPC004_HEPG2_6H:BRD-K80431395-001-02-4:10","HEPG2","TRICIRIBINE","BRD-K80431395","trt_cp",10,"6","h","CPC004_HEPG2_6H","1","NULL","triciribine","epsilon","population"
"107","23838",-0.4454425942156,0.2236,0.723741935483871,"CPC006_HEPG2_6H:BRD-K64634304-001-01-5:40","HEPG2","Retinoic acid","BRD-K64634304","trt_cp",40,"6","h","CPC006_HEPG2_6H","1","NULL","tretinoin","epsilon","population"
"139","321773",-0.442156003505697,0.2256,0.723741935483871,"LJP001_BT20_6H:BRD-K76908866-001-03-5:0.4","BT20","CP724714","BRD-K76908866","trt_cp",0.4,"6","h","LJP001_BT20_6H","1","NULL","CP-724714","epsilon","population"
"145","322782",-0.440476190476191,0.2272,0.723741935483871,"LJP001_BT20_24H:BRD-K79404599-001-05-1:0.08","BT20","LY317615:Enzastaurin","BRD-K79404599","trt_cp",0.08,"24","h","LJP001_BT20_24H","1","NULL","enzastaurin","epsilon","population"
"389","98496",-0.435144609991236,0.2315,0.726047619047619,"CPC018_MCF7_6H:BRD-K63151507-001-01-6:10","MCF7","-666","BRD-K63151507","trt_cp",10,"6","h","CPC018_MCF7_6H","1","NULL","MNITMT","epsilon","population"
"313","73496",-0.4348524685948,0.2316,0.726047619047619,"CPC015_A549_24H:BRD-A98702003-304-03-0:10","A549","-666","BRD-A98702003","trt_cp",10,"24","h","CPC015_A549_24H","1","NULL","carbenoxolone","epsilon","population"
"294","66396",-0.427987145778557,0.2365,0.735570866141732,"CPC011_PC3_6H:BRD-A41450521-075-09-0:10","PC3","tosufloxacin","BRD-A41450521","trt_cp",10,"6","h","CPC011_PC3_6H","1","NULL","tosufloxacin","epsilon","population"
"380","92648",-0.425065731814198,0.2389,0.735802325581395,"CPC017_A549_24H:BRD-K62289640-003-01-9:10","A549","-666","BRD-K62289640","trt_cp",10,"24","h","CPC017_A549_24H","1","NULL","lylamine","epsilon","population"
"230","436078",-0.423605024832019,0.2403,0.735802325581395,"CPC006_H1299_6H:BRD-K70792160-003-02-0:24","H1299","Akt inhibitor X","BRD-K70792160","trt_cp",24,"6","h","CPC006_H1299_6H","1","NULL","10-DEBC","epsilon","population"
"363","88206",-0.419588080631025,0.2426,0.737130769230769,"CPC013_VCAP_6H:BRD-K82164249-001-01-9:10","VCAP","S1140","BRD-K82164249","trt_cp",10,"6","h","CPC013_VCAP_6H","1","NULL","andarine","epsilon","population"
"126","29396",-0.41644756061934,0.2447,0.737835877862595,"CPC006_OV7_6H:BRD-A13122391-001-01-9:0.08","OV7","16-HYDROXYTRIPTOLIDE","BRD-A13122391","trt_cp",0.08,"6","h","CPC006_OV7_6H","1","NULL","triptolide","epsilon","population"
"91","20803",-0.413160969909436,0.2477,0.741223484848485,"CPC006_EFO27_6H:BRD-K64890080-001-03-9:10","EFO27","BI 2536","BRD-K64890080","trt_cp",10,"6","h","CPC006_EFO27_6H","1","NULL","BI-2536","epsilon","population"
"198","337744",-0.409655273152206,0.25,0.742481203007519,"MUC.CP004_MCF7_24H:BRD-K77987382-001-08-2:40","MCF7","mebendazole","BRD-K77987382","trt_cp",40,"24","h","MUC.CP004_MCF7_24H","1","NULL","mebendazole","epsilon","population"
"116","25484",-0.390593047034765,0.2605,0.767891791044776,"CPC006_LOVO_6H:BRD-K02113016-001-01-4:44.4","LOVO","AZD2281 (KU59436)","BRD-K02113016","trt_cp",44.4,"6","h","CPC006_LOVO_6H","1","NULL","olaparib","epsilon","population"
"306","72111",-0.379272567922875,0.2672,0.776737226277372,"CPC014_A375_6H:BRD-K13514097-001-01-2:10","A375","S1120","BRD-K13514097","trt_cp",10,"6","h","CPC014_A375_6H","1","NULL","everolimus","epsilon","population"
"219","432479",-0.377373648846042,0.2683,0.776737226277372,"PCLB001_A375_6H:BRD-K07572174-001-22-0:10","A375","curcumin","BRD-K07572174","trt_cp",10,"6","h","PCLB001_A375_6H","1","NULL","curcumin","epsilon","population"
"33","11905",-0.376132047911189,0.2694,0.776737226277372,"CPC002_PC3_6H:BRD-K60640630-001-03-7:10","PC3","Mometasone furoate","BRD-K60640630","trt_cp",10,"6","h","CPC002_PC3_6H","1","NULL","mometasone","epsilon","population"
"379","92637",-0.368390300905638,0.273,0.77887323943662,"CPC017_A549_24H:BRD-K60762818-003-15-3:10","A549","-666","BRD-K60762818","trt_cp",10,"24","h","CPC017_A549_24H","1","NULL","desipramine","epsilon","population"
"193","33440",-0.360867659947415,0.2762,0.77887323943662,"CPC006_SKMEL28_6H:BRD-K74402642-003-01-2:10","SKMEL28","Chemistry 2804","BRD-K74402642","trt_cp",10,"6","h","CPC006_SKMEL28_6H","1","NULL","NSC-632839","epsilon","population"
"138","321688",-0.358165352030383,0.2779,0.77887323943662,"LJP001_BT20_6H:BRD-K19540840-001-04-5:2","BT20","AZD0530:Saracatinib","BRD-K19540840","trt_cp",2,"6","h","LJP001_BT20_6H","1","NULL","saracatinib","epsilon","population"
"356","8613",-0.356850715746421,0.2789,0.77887323943662,"CPC002_HCC515_24H:BRD-K50325075-001-01-3:10","HCC515","UCL 2077","BRD-K50325075","trt_cp",10,"24","h","CPC002_HCC515_24H","1","NULL","UCL-2077","epsilon","population"
"260","5007",-0.354951796669588,0.28,0.77887323943662,"CPC004_HA1E_24H:BRD-K82941592-238-02-9:10","HA1E","ROSUVASTATIN CALCIUM","BRD-K82941592","trt_cp",10,"24","h","CPC004_HA1E_24H","1","NULL","rosuvastatin","epsilon","population"
"90","20706",-0.328732106339468,0.2924,0.804165517241379,"CPC006_EFO27_6H:BRD-K26664453-001-03-4:10","EFO27","-666","BRD-K26664453","trt_cp",10,"6","h","CPC006_EFO27_6H","1","NULL","cytochalasin-b","epsilon","population"
"232","436289",-0.322378030966988,0.2948,0.804165517241379,"CPC006_H1299_6H:BRD-K15108141-001-01-7:0.08","H1299","gemcitabine","BRD-K15108141","trt_cp",0.08,"6","h","CPC006_H1299_6H","1","NULL","gemcitabine","epsilon","population"
"58","166238",-0.321866783523225,0.2952,0.804165517241379,"ERG005_VCAP_6H:BRD-K18910433-001-14-3:1","VCAP","estradiol","BRD-K18910433","trt_cp",1,"6","h","ERG005_VCAP_6H","1","NULL","estradiol","epsilon","population"
"365","8861",-0.310984516505989,0.3024,0.81813698630137,"CPC004_HEPG2_6H:BRD-K51677086-001-07-0:10","HEPG2","ERYTHROMYCIN ETHYLSUCCINATE","BRD-K51677086","trt_cp",10,"6","h","CPC004_HEPG2_6H","1","NULL","erythromycin","epsilon","population"
"14","1049",-0.301635991820041,0.308,0.823667785234899,"CPC005_A375_24H:BRD-K95739795-001-01-1:10","A375","Tetrabenazine","BRD-K95739795","trt_cp",10,"24","h","CPC005_A375_24H","1","NULL","tetrabenazine","epsilon","population"
"271","54140",-0.298057259713701,0.3099,0.823667785234899,"CPC012_A375_6H:BRD-A59985574-003-01-9:10","A375","T542500","BRD-A59985574","trt_cp",10,"6","h","CPC012_A375_6H","1","NULL","topotecan","epsilon","population"
"391","98958",-0.296231375985977,0.3107,0.823667785234899,"CPD001_MCF7_6H:BRD-K86301799-001-28-0:10","MCF7","Dipyridamole","BRD-K86301799","trt_cp",10,"6","h","CPD001_MCF7_6H","1","NULL","dipyridamole","epsilon","population"
"66","173",-0.286444639205375,0.3158,0.823820261437909,"CPC004_A375_6H:BRD-A94756469-001-03-9:10","A375","DIGOXIN","BRD-A94756469","trt_cp",10,"6","h","CPC004_A375_6H","1","NULL","digoxin","epsilon","population"
"264","51538",-0.286006427110722,0.3162,0.823820261437909,"CPC006_VCAP_6H:BRD-A23770159-001-02-3:11.1","VCAP","Rapamycin","BRD-A23770159","trt_cp",11.1,"6","h","CPC006_VCAP_6H","1","NULL","sirolimus","epsilon","population"
"382","94269",-0.282792871749927,0.318,0.823820261437909,"CPC020_HA1E_6H:BRD-A88774919-001-02-8:10","HA1E","doxycycline","BRD-A88774919","trt_cp",10,"6","h","CPC020_HA1E_6H","1","NULL","doxycycline","epsilon","population"
"31","116354",-0.28045574057844,0.3191,0.823820261437909,"CVD001_PHH_6H:BRD-K47150025-001-01-2:10","PHH","-666","BRD-K47150025","trt_cp",10,"6","h","CVD001_PHH_6H","1","NULL","KI-8751","epsilon","population"
"383","94810",-0.2662868828513,0.3266,0.837707792207792,"CPC020_HCC515_6H:BRD-K79602928-003-10-8:10","HCC515","-666","BRD-K79602928","trt_cp",10,"6","h","CPC020_HCC515_6H","1","NULL","metformin","epsilon","population"
"25","114769",-0.258179959100204,0.3332,0.844692307692308,"CPD003_PC3_6H:BRD-K37682401-001-07-7:10","PC3","Piromidic acid","BRD-K37682401","trt_cp",10,"6","h","CPD003_PC3_6H","1","NULL","piromidic-acid","epsilon","population"
"301","71138",-0.257230499561788,0.3336,0.844692307692308,"CPC016_A375_6H:BRD-A19661776-003-13-6:10","A375","-666","BRD-A19661776","trt_cp",10,"6","h","CPC016_A375_6H","1","NULL","mianserin","epsilon","population"
"385","94922",-0.244668419515045,0.3418,0.859942675159236,"CPC020_HCC515_6H:BRD-K55044200-001-11-2:10","HCC515","amoxicillin crystalline","BRD-K55044200","trt_cp",10,"6","h","CPC020_HCC515_6H","1","NULL","amoxicillin","epsilon","population"
"289","6539",-0.239190768331873,0.345,0.8625,"CPC002_HCC515_6H:BRD-K91263825-001-03-6:10","HCC515","NORTRIPTYLINE","BRD-K91263825","trt_cp",10,"6","h","CPC002_HCC515_6H","1","NULL","nortriptyline","epsilon","population"
"298","700",-0.232763657610283,0.3503,0.863928015564202,"CPC005_A375_6H:BRD-K48300629-001-03-8:10","A375","Zonisamide","BRD-K48300629","trt_cp",10,"6","h","CPC005_A375_6H","1","NULL","zonisamide","epsilon","population"
"151","32360",-0.225971370143149,0.3555,0.863928015564202,"CPC006_SKLU1_6H:BRD-K23363278-001-01-3:1","SKLU1","CYT997","BRD-K23363278","trt_cp",1,"6","h","CPC006_SKLU1_6H","1","NULL","CYT-997","epsilon","population"
"220","432483",-0.22027461291265,0.3596,0.863928015564202,"BRAF001_A375_6H:BRD-K09951645-001-02-7:10","A375","dabrafenib","BRD-K09951645","trt_cp",10,"6","h","BRAF001_A375_6H","1","NULL","dabrafenib","epsilon","population"
"53","15788",-0.219106047326906,0.3601,0.863928015564202,"CPC002_VCAP_24H:BRD-K59574735-001-05-0:10","VCAP","Bestatin","BRD-K59574735","trt_cp",10,"24","h","CPC002_VCAP_24H","1","NULL","ubenimex","epsilon","population"
"168","32739",-0.217353198948291,0.3612,0.863928015564202,"CPC006_SKM1_6H:BRD-K76964878-001-01-8:24","SKM1","EX 527","BRD-K76964878","trt_cp",24,"6","h","CPC006_SKM1_6H","1","NULL","EX-527","epsilon","population"
"349","84027",-0.212825007303535,0.3645,0.863928015564202,"CPC014_NPC_24H:BRD-A75409952:10","NPC","wortmannin","BRD-A75409952","trt_cp",10,"24","h","CPC014_NPC_24H","1","NULL","wortmannin","epsilon","population"
"353","8547",-0.212605901256208,0.3647,0.863928015564202,"CPC004_HCC515_24H:BRD-K09631521-001-05-7:10","HCC515","THIOTEPA","BRD-K09631521","trt_cp",10,"24","h","CPC004_HCC515_24H","1","NULL","thiotepa","epsilon","population"
"239","441081",-0.21034180543383,0.3667,0.863928015564202,"HOG002_MCF7_24H:BRD-K18910433-001-19-2:3.3333","MCF7","17b-estradiol","BRD-K18910433","trt_cp",3.3333,"24","h","HOG002_MCF7_24H","1","NULL","estradiol","epsilon","population"
"189","332857",-0.201650598889863,0.3729,0.863928015564202,"NMH002_FIBRNPC_24H:BRD-K97399794-001-12-0:10","FIBRNPC","Quercetin","BRD-K97399794","trt_cp",10,"24","h","NMH002_FIBRNPC_24H","1","NULL","quercetin","epsilon","population"
"149","323352",-0.197925796085305,0.3756,0.863928015564202,"LJP001_HS578T_6H:BRD-K57080016-001-08-4:0.4","HS578T","AZD6244:Selumetinib, Array142886","BRD-K57080016","trt_cp",0.4,"6","h","LJP001_HS578T_6H","1","NULL","selumetinib","epsilon","population"
"263","5127",-0.196611159801344,0.3764,0.863928015564202,"CPC005_HA1E_24H:BRD-A52588987-004-04-1:10","HA1E","SKF 83566 hydrobromide","BRD-A52588987","trt_cp",10,"24","h","CPC005_HA1E_24H","1","NULL","SKF-83566","epsilon","population"
"109","24266",-0.188650306748466,0.3826,0.863928015564202,"CPC006_HT115_6H:BRD-A62025033-001-01-8:10","HT115","temsirolimus [CI779]","BRD-A62025033","trt_cp",10,"6","h","CPC006_HT115_6H","1","NULL","temsirolimus","epsilon","population"
"329","77487",-0.175576979257961,0.3921,0.863928015564202,"CPC016_HT29_6H:BRD-K08547377-003-03-2:10","HT29","-666","BRD-K08547377","trt_cp",10,"6","h","CPC016_HT29_6H","1","NULL","irinotecan","epsilon","population"
"384","94908",-0.166228454572013,0.3999,0.863928015564202,"CPC020_HCC515_6H:BRD-K92073408-001-10-8:10","HCC515","19-norethindrone","BRD-K92073408","trt_cp",10,"6","h","CPC020_HCC515_6H","1","NULL","norethisterone","epsilon","population"
"199","338434",-0.164913818288051,0.4009,0.863928015564202,"NMH001_NEU_6H:BRD-A19500257-001-03-9:10","NEU","geldanamycin","BRD-A19500257","trt_cp",10,"6","h","NMH001_NEU_6H","1","NULL","geldanamycin","epsilon","population"
"355","8611",-0.162576687116564,0.4027,0.863928015564202,"CPC001_HCC515_24H:BRD-A14574269-051-01-4:10","HCC515","UB 165 fumarate","BRD-A14574269","trt_cp",10,"24","h","CPC001_HCC515_24H","1","NULL","UB-165","epsilon","population"
"267","5228",-0.161262050832603,0.404,0.863928015564202,"CPC004_HA1E_24H:BRD-K64514229-001-01-1:10","HA1E","TOLTRAZURIL","BRD-K64514229","trt_cp",10,"24","h","CPC004_HA1E_24H","1","NULL","toltrazuril","epsilon","population"
"170","328452",-0.158486707566462,0.4062,0.863928015564202,"LJP001_MDAMB231_6H:BRD-K79404599-001-05-1:10","MDAMB231","LY317615:Enzastaurin","BRD-K79404599","trt_cp",10,"6","h","LJP001_MDAMB231_6H","1","NULL","enzastaurin","epsilon","population"
"236","440994",-0.156368682442302,0.408,0.863928015564202,"HOG001_MCF7_24H:BRD-A36630025-001-02-6:0.13704","MCF7","-666","BRD-A36630025","trt_cp",0.13704,"24","h","HOG001_MCF7_24H","1","NULL","SN-38","epsilon","population"
"249","445270",-0.154615834063687,0.4097,0.863928015564202,"DOSBIO001_NEU_24H:BRD-A75409952:1.11111","NEU","wortmannin","BRD-A75409952","trt_cp",1.11111,"24","h","DOSBIO001_NEU_24H","1","NULL","wortmannin","epsilon","population"
"308","73004",-0.145997662868829,0.4166,0.863928015564202,"CPC014_A549_6H:BRD-A52886023-001-01-7:10","A549","A8674","BRD-A52886023","trt_cp",10,"6","h","CPC014_A549_6H","1","NULL","antimycin-a","epsilon","population"
"367","88755",-0.144756061933976,0.4175,0.863928015564202,"CPC014_VCAP_24H:BRD-K83963101-001-01-0:10","VCAP","HY-10180","BRD-K83963101","trt_cp",10,"24","h","CPC014_VCAP_24H","1","NULL","MLN-8054","epsilon","population"
"215","3976",-0.144244814490213,0.4182,0.863928015564202,"CPC002_HA1E_24H:BRD-K54142781-003-02-7:10","HA1E","Cirazoline hydrochloride","BRD-K54142781","trt_cp",10,"24","h","CPC002_HA1E_24H","1","NULL","cirazoline","epsilon","population"
"7","10209",-0.136137890739118,0.4242,0.863928015564202,"CPC004_MCF7_6H:BRD-K98490050-001-01-8:10","MCF7","AMSACRINE","BRD-K98490050","trt_cp",10,"6","h","CPC004_MCF7_6H","1","NULL","amsacrine","epsilon","population"
"234","439818",-0.134458077709612,0.4253,0.863928015564202,"DOSBIO001_HT29_24H:BRD-K81418486:10","HT29","vorinostat","BRD-K81418486","trt_cp",10,"24","h","DOSBIO001_HT29_24H","1","NULL","vorinostat","epsilon","population"
"314","7351",-0.133435582822086,0.4262,0.863928015564202,"CPC004_HCC515_24H:BRD-K91290917-336-03-8:10","HCC515","Amodiaquin dihydrochloride dihydrate","BRD-K91290917","trt_cp",10,"24","h","CPC004_HCC515_24H","1","NULL","amodiaquine","epsilon","population"
"6","102021",-0.133216476774759,0.4264,0.863928015564202,"CPC018_NPC_24H:BRD-K51318897-001-07-0:10","NPC","-666","BRD-K51318897","trt_cp",10,"24","h","CPC018_NPC_24H","1","NULL","fenbendazole","epsilon","population"
"393","99597",-0.122845457201285,0.4337,0.863928015564202,"CPC017_MCF7_24H:BRD-A98378129-001-01-4:10","MCF7","-666","BRD-A98378129","trt_cp",10,"24","h","CPC017_MCF7_24H","1","NULL","talniflumate","epsilon","population"
"20","111544",-0.112036225533158,0.4419,0.863928015564202,"CVD001_HUH7_24H:BRD-K47869605-001-18-9:2.5","HUH7","-666","BRD-K47869605","trt_cp",2.5,"24","h","CVD001_HUH7_24H","1","NULL","podophyllotoxin","epsilon","population"
"60","167105",-0.106850715746421,0.4452,0.863928015564202,"ERG011_VCAP_24H:BRD-K03406345-001-12-0:10","VCAP","EWS-FLI-Inhibitor","BRD-K03406345","trt_cp",10,"24","h","ERG011_VCAP_24H","1","NULL","azacitidine","epsilon","population"
"315","73666",-0.104732690622261,0.4465,0.863928015564202,"CPC015_A549_24H:BRD-K38323065-001-09-0:10","A549","-666","BRD-K38323065","trt_cp",10,"24","h","CPC015_A549_24H","1","NULL","phenacetin","epsilon","population"
"309","73019",-0.104440549225825,0.4468,0.863928015564202,"CPC014_A549_6H:BRD-K18135438-001-08-4:10","A549","BL-053","BRD-K18135438","trt_cp",10,"6","h","CPC014_A549_6H","1","NULL","chenodeoxycholic-acid","epsilon","population"
"9","103242",-0.102833771545428,0.4479,0.863928015564202,"CPC020_PC3_24H:BRD-K51418664-001-02-0:10","PC3","-666","BRD-K51418664","trt_cp",10,"24","h","CPC020_PC3_24H","1","NULL","mitomycin-c","epsilon","population"
"276","55835",-0.0992550394390885,0.4507,0.863928015564202,"CPC011_A549_6H:BRD-K96471533-001-04-1:10","A549","nitazoxanide","BRD-K96471533","trt_cp",10,"6","h","CPC011_A549_6H","1","NULL","nitazoxanide","epsilon","population"
"15","105072",-0.0926818580192814,0.4545,0.863928015564202,"CPC017_SKB_24H:BRD-K21667562-001-01-4:10","SKB","-666","BRD-K21667562","trt_cp",10,"24","h","CPC017_SKB_24H","1","NULL","AM-404","epsilon","population"
"368","89545",-0.0926088226701723,0.4546,0.863928015564202,"CPC018_A375_6H:BRD-K25906698-303-01-9:10","A375","-666","BRD-K25906698","trt_cp",10,"6","h","CPC018_A375_6H","1","NULL","immepip","epsilon","population"
"175","329219",-0.0902716914986853,0.4555,0.863928015564202,"LJP001_MDAMB231_24H:BRD-K68065987-300-06-7:0.08","MDAMB231","MK2206","BRD-K68065987","trt_cp",0.08,"24","h","LJP001_MDAMB231_24H","1","NULL","MK-2206","epsilon","population"
"13","104309",-0.0853783231083844,0.4586,0.863928015564202,"CPC017_PHH_24H:BRD-K15791587-003-01-7:10","PHH","-666","BRD-K15791587","trt_cp",10,"24","h","CPC017_PHH_24H","1","NULL","L-733060","epsilon","population"
"93","21390",-0.084209757522641,0.4593,0.863928015564202,"CPC006_HA1E_6H:BRD-K89732114-001-05-9:10","HA1E","trifluoperazine","BRD-K89732114","trt_cp",10,"6","h","CPC006_HA1E_6H","1","NULL","trifluoperazine","epsilon","population"
"196","336164",-0.0838445807770962,0.4593,0.863928015564202,"MUC.CP003_MCF7_24H:BRD-K81418486-001-13-7:3.3333","MCF7","-666","BRD-K81418486","trt_cp",3.3333,"24","h","MUC.CP003_MCF7_24H","1","NULL","vorinostat","epsilon","population"
"46","1477",-0.0822378030966988,0.4599,0.863928015564202,"CPC005_A549_24H:BRD-A84493640-001-03-3:10","A549","Atovaquone","BRD-A84493640","trt_cp",10,"24","h","CPC005_A549_24H","1","NULL","atovaquone","epsilon","population"
"320","74571",-0.0814344142565001,0.4602,0.863928015564202,"CPC016_ASC_24H:BRD-K00662280-001-04-5:10","ASC","-666","BRD-K00662280","trt_cp",10,"24","h","CPC016_ASC_24H","1","NULL","CL-218872","epsilon","population"
"354","85976",-0.0781478235465966,0.4621,0.863928015564202,"CPC014_PHH_24H:BRD-K99291625-001-06-4:10","PHH","EI-286","BRD-K99291625","trt_cp",10,"24","h","CPC014_PHH_24H","1","NULL","SB-203580","epsilon","population"
"67","17359",-0.0759567630733275,0.4631,0.863928015564202,"CPC006_A375_6H:BRD-K12502280-001-01-5:11.1","A375","TG101348","BRD-K12502280","trt_cp",11.1,"6","h","CPC006_A375_6H","1","NULL","TG-101348","epsilon","population"
"56","16611",-0.072451066316097,0.4651,0.863928015564202,"CPC003_VCAP_24H:BRD-K00312224-001-03-8:10","VCAP","PPT","BRD-K00312224","trt_cp",10,"24","h","CPC003_VCAP_24H","1","NULL","PPT","epsilon","population"
"65","17104",-0.0699678644463921,0.4669,0.863928015564202,"CPC006_A375_6H:BRD-K41859756-001-01-9:10","A375","-666","BRD-K41859756","trt_cp",10,"6","h","CPC006_A375_6H","1","NULL","NVP-AUY922","epsilon","population"
"195","335802",-0.0676307332749051,0.4683,0.863928015564202,"MUC.CP003_MCF7_24H:BRD-K02407574-001-04-8:0.3704","MCF7","-666","BRD-K02407574","trt_cp",0.3704,"24","h","MUC.CP003_MCF7_24H","1","NULL","parbendazole","epsilon","population"
"85","19948",-0.0661700262927257,0.4687,0.863928015564202,"CPC006_CORL23_6H:BRD-A19037878:10","CORL23","trichostatin-a","BRD-A19037878","trt_cp",10,"6","h","CPC006_CORL23_6H","1","NULL","trichostatin-a","epsilon","population"
"287","63454",-0.0617879053461875,0.4705,0.863928015564202,"CPC011_MCF7_6H:BRD-K64994968-001-23-4:10","MCF7","progesterone","BRD-K64994968","trt_cp",10,"6","h","CPC011_MCF7_6H","1","NULL","progesterone","epsilon","population"
"111","24652",-0.0546304411335086,0.4732,0.863928015564202,"CPC006_HT29_24H:BRD-A81541225-001-02-7:10","HT29","-666","BRD-A81541225","trt_cp",10,"24","h","CPC006_HT29_24H","1","NULL","oligomycin-a","epsilon","population"
"350","84351",-0.0530966988022203,0.474,0.863928015564202,"CPC014_PC3_6H:BRD-K94294671-003-01-3:10","PC3","A-1065","BRD-K94294671","trt_cp",10,"6","h","CPC014_PC3_6H","1","NULL","OSI-027","epsilon","population"
"210","365945",-0.0458661992404324,0.4766,0.863928015564202,"RAD001_PC3_6H:BRD-K37890730-001-10-2:10","PC3","CAMPTOTHECIN","BRD-K37890730","trt_cp",10,"6","h","RAD001_PC3_6H","1","NULL","camptothecin","epsilon","population"
"183","33051",-0.0451358457493427,0.4768,0.863928015564202,"CPC006_SKMEL1_6H:BRD-K88510285-001-01-2:0.04","SKMEL1","B675700.cdx","BRD-K88510285","trt_cp",0.04,"6","h","CPC006_SKMEL1_6H","1","NULL","bortezomib","epsilon","population"
"371","902",-0.0430908559742916,0.4776,0.863928015564202,"CPC005_A375_24H:BRD-A72711497-236-02-0:10","A375","LASALOCID SODIUM","BRD-A72711497","trt_cp",10,"24","h","CPC005_A375_24H","1","NULL","lasalocid","epsilon","population"
"27","115027",-0.0388548057259714,0.4794,0.863928015564202,"DEB001_PC3_6H:BRD-A75409952-001-05-7:0.1","PC3","wortmannin","BRD-A75409952","trt_cp",0.1,"6","h","DEB001_PC3_6H","1","NULL","wortmannin","epsilon","population"
"201","340084",-0.0301635991820041,0.4828,0.863928015564202,"MUC.CP002_NKDBA_24H:BRD-K60230970-001-10-0:1.1111","NKDBA","SA2688462","BRD-K60230970","trt_cp",1.1111,"24","h","MUC.CP002_NKDBA_24H","1","NULL","MG-132","epsilon","population"
"317","74181",-0.0223488168273445,0.4856,0.863928015564202,"CPC014_A549_24H:BRD-K83963101-001-01-0:10","A549","HY-10180","BRD-K83963101","trt_cp",10,"24","h","CPC014_A549_24H","1","NULL","MLN-8054","epsilon","population"
"30","116335",-0.0222027461291265,0.4856,0.863928015564202,"CVD001_PHH_6H:BRD-K40255344-001-03-6:2.5","PHH","-666","BRD-K40255344","trt_cp",2.5,"6","h","CVD001_PHH_6H","1","NULL","tyrphostin-A9","epsilon","population"
"370","89814",-0.0213263219398189,0.4863,0.863928015564202,"CPC018_A375_6H:BRD-K51662849-001-03-9:10","A375","-666","BRD-K51662849","trt_cp",10,"6","h","CPC018_A375_6H","1","NULL","ilomastat","epsilon","population"
"284","61172",-0.0203768624014023,0.4867,0.863928015564202,"CPC013_HEPG2_6H:BRD-K87909389-001-02-0:10","HEPG2","HY-10005","BRD-K87909389","trt_cp",10,"6","h","CPC013_HEPG2_6H","1","NULL","alvocidib","epsilon","population"
"135","31126",-0.0116126205083261,0.4898,0.863928015564202,"CPC005_PC3_24H:BRD-A19037878:10","PC3","trichostatin-a","BRD-A19037878","trt_cp",10,"24","h","CPC005_PC3_24H","1","NULL","trichostatin-a","epsilon","population"
"310","73191",-0.0105170902716915,0.49,0.863928015564202,"CPC014_A549_6H:BRD-K50140147-001-01-0:10","A549","S1108","BRD-K50140147","trt_cp",10,"6","h","CPC014_A549_6H","1","NULL","NVP-TAE684","epsilon","population"
"3","101213",-0.00934852468594805,0.4902,0.863928015564202,"CPD001_MCF7_24H:BRD-A45889380-336-04-2:10","MCF7","Quinacrine dihydrochloride dihydrate","BRD-A45889380","trt_cp",10,"24","h","CPD001_MCF7_24H","1","NULL","mepacrine","epsilon","population"
"378","92230",0.000292141396435797,0.4938,0.863928015564202,"CPC018_A549_24H:BRD-K15196155-001-01-5:10","A549","-666","BRD-K15196155","trt_cp",10,"24","h","CPC018_A549_24H","1","NULL","IBC-293","epsilon","population"
"281","59117",0.000876424189307556,0.4941,0.863928015564202,"CPC013_HA1E_6H:BRD-K17210248-003-01-7:10","HA1E","S1216","BRD-K17210248","trt_cp",10,"6","h","CPC013_HA1E_6H","1","NULL","daunorubicin","epsilon","population"
"318","74194",0.00430908559742915,0.4954,0.863928015564202,"CPC014_A549_24H:BRD-K49669041-001-02-7:10","A549","HY-11005","BRD-K49669041","trt_cp",10,"24","h","CPC014_A549_24H","1","NULL","BX-912","epsilon","population"
"164","327107",0.011685655857435,0.4977,0.863928015564202,"LJP001_MCF7_6H:BRD-K59369769-001-11-2:0.08","MCF7","VX680:Tozasertib, MK-0457","BRD-K59369769","trt_cp",0.08,"6","h","LJP001_MCF7_6H","1","NULL","tozasertib","epsilon","population"
"241","441892",0.0188431200701139,0.5005,0.863928015564202,"HOG003_MCF7_24H:BRD-K60230970-001-04-3:10.5126","MCF7","MG-132","BRD-K60230970","trt_cp",10.5126,"24","h","HOG003_MCF7_24H","1","NULL","MG-132","epsilon","population"
"136","3160",0.0216184633362547,0.5013,0.863928015564202,"CPC002_HA1E_6H:BRD-K97399794-001-08-8:10","HA1E","Quercetin","BRD-K97399794","trt_cp",10,"6","h","CPC002_HA1E_6H","1","NULL","quercetin","epsilon","population"
"319","74524",0.0235904177621969,0.5023,0.863928015564202,"CPC015_ASC_24H:BRD-A78391468-001-01-0:10","ASC","-666","BRD-A78391468","trt_cp",10,"24","h","CPC015_ASC_24H","1","NULL","prednisolone","epsilon","population"
"295","6670",0.0308209173239848,0.5056,0.863928015564202,"CPC002_HCC515_6H:BRD-K91509126-001-04-6:10","HCC515","PICEATANNOL","BRD-K91509126","trt_cp",10,"6","h","CPC002_HCC515_6H","1","NULL","piceatannol","epsilon","population"
"152","323753",0.0356412503651767,0.5075,0.863928015564202,"LJP002_HS578T_6H:BRD-K74514084-001-01-3:2","HS578T","Pazopanibhydrochloride;GW786034","BRD-K74514084","trt_cp",2,"6","h","LJP002_HS578T_6H","1","NULL","pazopanib","epsilon","population"
"73","17748",0.0395121238679521,0.509,0.863928015564202,"CPC006_A375_24H:BRD-A69951442-001-01-3:10","A375","dexamethasone","BRD-A69951442","trt_cp",10,"24","h","CPC006_A375_24H","1","NULL","dexamethasone","epsilon","population"
"134","3071",0.0442594215600351,0.5107,0.863928015564202,"CPC003_HA1E_6H:BRD-K00312224-001-03-8:10","HA1E","PPT","BRD-K00312224","trt_cp",10,"6","h","CPC003_HA1E_6H","1","NULL","PPT","epsilon","population"
"36","130411",0.0487876132047911,0.5127,0.863928015564202,"DOS030_VCAP_6H:BRD-A19037878:10","VCAP","trichostatin-a","BRD-A19037878","trt_cp",10,"6","h","DOS030_VCAP_6H","1","NULL","trichostatin-a","epsilon","population"
"334","79211",0.0542652643879638,0.5155,0.863928015564202,"CPC014_MCF7_6H:BRD-K56957086-001-02-2:10","MCF7","-666","BRD-K56957086","trt_cp",10,"6","h","CPC014_MCF7_6H","1","NULL","dacinostat","epsilon","population"
"28","115202",0.0616418346479697,0.5191,0.863928015564202,"CPD002_PC3_24H:BRD-A19952358-001-07-1:10","PC3","Closantel","BRD-A19952358","trt_cp",10,"24","h","CPD002_PC3_24H","1","NULL","closantel","epsilon","population"
"45","14664",0.0644171779141103,0.52,0.863928015564202,"CPC003_VCAP_6H:BRD-K28168037-001-01-3:10","VCAP","Fenretinide","BRD-K28168037","trt_cp",10,"6","h","CPC003_VCAP_6H","1","NULL","fenretinide","epsilon","population"
"333","78856",0.0758106923751095,0.5264,0.863928015564202,"CPC016_MCF7_6H:BRD-A82656074-003-01-2:10","MCF7","-666","BRD-A82656074","trt_cp",10,"6","h","CPC016_MCF7_6H","1","NULL","naltrindole","epsilon","population"
"387","96274",0.0807770961145194,0.5283,0.863928015564202,"CPC018_HT29_6H:BRD-A46747628-001-01-9:10","HT29","-666","BRD-A46747628","trt_cp",10,"6","h","CPC018_HT29_6H","1","NULL","ouabain","epsilon","population"
"59","16677",0.0904177621969032,0.5338,0.863928015564202,"CPC001_VCAP_24H:BRD-K73397362-001-01-7:10","VCAP","Purmorphamine","BRD-K73397362","trt_cp",10,"24","h","CPC001_VCAP_24H","1","NULL","purmorphamine","epsilon","population"
"131","30092",0.091002044989775,0.5342,0.863928015564202,"CPC006_PC3_6H:BRD-K16406336-311-01-2:10","PC3","METHYLENE BLUE","BRD-K16406336","trt_cp",10,"6","h","CPC006_PC3_6H","1","NULL","methylene-blue","epsilon","population"
"143","322582",0.0929009640666082,0.5355,0.863928015564202,"LJP002_BT20_24H:BRD-K70401845-001-04-1:0.08","BT20","Erlotinib;OSI-774","BRD-K70401845","trt_cp",0.08,"24","h","LJP002_BT20_24H","1","NULL","erlotinib","epsilon","population"
"78","18136",0.100423605024832,0.5402,0.863928015564202,"CPC006_A549_6H:BRD-A19037878:10","A549","trichostatin-a","BRD-A19037878","trt_cp",10,"6","h","CPC006_A549_6H","1","NULL","trichostatin-a","epsilon","population"
"42","142130",0.107434998539293,0.544,0.863928015564202,"DOS033_A375_24H:BRD-K81418486:0.5","A375","vorinostat","BRD-K81418486","trt_cp",0.5,"24","h","DOS033_A375_24H","1","NULL","vorinostat","epsilon","population"
"275","54546",0.107946245983056,0.5447,0.863928015564202,"CPC011_A375_6H:BRD-A75409952:10","A375","wortmannin","BRD-A75409952","trt_cp",10,"6","h","CPC011_A375_6H","1","NULL","wortmannin","epsilon","population"
"167","327264",0.109260882267017,0.5451,0.863928015564202,"LJP001_MCF7_24H:BRD-K13390322-001-02-2:2","MCF7","AT-7519:AT 7519","BRD-K13390322","trt_cp",2,"24","h","LJP001_MCF7_24H","1","NULL","AT-7519","epsilon","population"
"17","106804",0.11262050832603,0.5483,0.863928015564202,"CPC020_VCAP_24H:BRD-K75089421-003-21-1:10","VCAP","pronestyl","BRD-K75089421","trt_cp",10,"24","h","CPC020_VCAP_24H","1","NULL","procainamide","epsilon","population"
"296","69312",0.113131755769793,0.5488,0.863928015564202,"CPC009_VCAP_6H:BRD-A67981824-236-01-2:10","VCAP","cefotaxime","BRD-A67981824","trt_cp",10,"6","h","CPC009_VCAP_6H","1","NULL","cefotaxime","epsilon","population"
"328","77477",0.115614957639497,0.55,0.863928015564202,"CPC016_HT29_6H:BRD-K06543683-066-01-3:10","HT29","-666","BRD-K06543683","trt_cp",10,"6","h","CPC016_HT29_6H","1","NULL","bisindolylmaleimide-ix","epsilon","population"
"47","149737",0.116710487876132,0.5508,0.863928015564202,"DOS049_HT29_24H:BRD-A19037878:10","HT29","trichostatin-a","BRD-A19037878","trt_cp",10,"24","h","DOS049_HT29_24H","1","NULL","trichostatin-a","epsilon","population"
"359","87472",0.119339760444055,0.5523,0.863928015564202,"CPC014_SKB_24H:BRD-K50140147-001-01-0:10","SKB","S1108","BRD-K50140147","trt_cp",10,"24","h","CPC014_SKB_24H","1","NULL","NVP-TAE684","epsilon","population"
"122","2796",0.120216184633362,0.5534,0.863928015564202,"CPC004_HA1E_6H:BRD-A31204924-001-07-6:10","HA1E","MITOTANE","BRD-A31204924","trt_cp",10,"6","h","CPC004_HA1E_6H","1","NULL","mitotane","epsilon","population"
"337","80103",0.124890446976337,0.5569,0.863928015564202,"CPC016_MCF7_6H:BRD-A19037878:10","MCF7","trichostatin-a","BRD-A19037878","trt_cp",10,"6","h","CPC016_MCF7_6H","1","NULL","trichostatin-a","epsilon","population"
"325","76508",0.126643295354952,0.5584,0.863928015564202,"CPC016_HEPG2_6H:BRD-K36007650-300-02-3:10","HEPG2","-666","BRD-K36007650","trt_cp",10,"6","h","CPC016_HEPG2_6H","1","NULL","puromycin","epsilon","population"
"92","20916",0.127373648846042,0.559,0.863928015564202,"CPC006_EFO27_6H:BRD-A19633847-050-20-6:10","EFO27","PERHEXILINE MALEATE","BRD-A19633847","trt_cp",10,"6","h","CPC006_EFO27_6H","1","NULL","perhexiline","epsilon","population"
"292","66272",0.12890739117733,0.5605,0.863928015564202,"CPC011_PC3_6H:BRD-K74117820-066-08-2:10","PC3","nelfinavir","BRD-K74117820","trt_cp",10,"6","h","CPC011_PC3_6H","1","NULL","nelfinavir","epsilon","population"
"88","20304",0.129710780017528,0.5611,0.863928015564202,"CPC006_COV644_6H:BRD-A79768653-001-02-1:10","COV644","sirolimus","BRD-A79768653","trt_cp",10,"6","h","CPC006_COV644_6H","1","NULL","sirolimus","epsilon","population"
"339","80446",0.131244522348817,0.5621,0.863928015564202,"CPC015_MCF7_24H:BRD-K19352500-070-05-8:10","MCF7","-666","BRD-K19352500","trt_cp",10,"24","h","CPC015_MCF7_24H","1","NULL","prochlorperazine","epsilon","population"
"255","453999",0.138913234005259,0.5681,0.868710622710623,"ERG012_VCAP_6H:BRD-K81418486-001-15-2:0.08","VCAP","vorinostat","BRD-K81418486","trt_cp",0.08,"6","h","ERG012_VCAP_6H","1","NULL","vorinostat","epsilon","population"
"57","166122",0.140520011685656,0.5704,0.868710622710623,"ERG011_VCAP_6H:BRD-K82261406-001-03-8:2","VCAP","EWS-FLI-Inhibitor","BRD-K82261406","trt_cp",2,"6","h","ERG011_VCAP_6H","1","NULL","anisomycin","epsilon","population"
"297","6977",0.15016067776804,0.5784,0.868710622710623,"CPC003_HCC515_6H:BRD-A34205397-001-03-7:10","HCC515","SULOCTIDIL","BRD-A34205397","trt_cp",10,"6","h","CPC003_HCC515_6H","1","NULL","suloctidil","epsilon","population"
"213","3857",0.151767455448437,0.58,0.868710622710623,"CPC003_HA1E_24H:BRD-K17497770-001-01-0:10","HA1E","Butein","BRD-K17497770","trt_cp",10,"24","h","CPC003_HA1E_24H","1","NULL","butein","epsilon","population"
"146","322788",0.152059596844873,0.58,0.868710622710623,"LJP002_BT20_24H:BRD-K56277358-001-03-4:0.08","BT20","MGCD265","BRD-K56277358","trt_cp",0.08,"24","h","LJP002_BT20_24H","1","NULL","MGCD-265","epsilon","population"
"52","15750",0.152643879637745,0.5808,0.868710622710623,"CPC004_VCAP_24H:BRD-K39987650-001-15-9:10","VCAP","BISACODYL","BRD-K39987650","trt_cp",10,"24","h","CPC004_VCAP_24H","1","NULL","bisacodyl","epsilon","population"
"332","78633",0.153374233128834,0.5814,0.868710622710623,"CPC015_HT29_6H:BRD-A06352418-001-15-0:10","HT29","TERFENADINE","BRD-A06352418","trt_cp",10,"6","h","CPC015_HT29_6H","1","NULL","terfenadine","epsilon","population"
"270","5365",0.158048495471808,0.5855,0.868710622710623,"CPC001_HA1E_24H:BRD-K05151076-001-01-8:10","HA1E","ZK 164015","BRD-K05151076","trt_cp",10,"24","h","CPC001_HA1E_24H","1","NULL","ZK-164015","epsilon","population"
"23","112754",0.163014899211218,0.59,0.868710622710623,"DEB001_MCF7_6H:BRD-A19500257-001-04-7:10","MCF7","geldanamycin","BRD-A19500257","trt_cp",10,"6","h","DEB001_MCF7_6H","1","NULL","geldanamycin","epsilon","population"
"141","32248",0.165205959684487,0.5922,0.868710622710623,"CPC006_SKLU1_6H:BRD-K28907958-001-02-7:11.1","SKLU1","-666","BRD-K28907958","trt_cp",11.1,"6","h","CPC006_SKLU1_6H","1","NULL","CD-437","epsilon","population"
"252","450589",0.167397020157756,0.5941,0.868710622710623,"AML001_U937_24H:BRD-A19037878:3.33333","U937","TRICHOSTATIN_A","BRD-A19037878","trt_cp",3.33333,"24","h","AML001_U937_24H","1","NULL","trichostatin-a","epsilon","population"
"38","137934",0.169003797838154,0.5957,0.868710622710623,"DOS020_VCAP_24H:BRD-A79768653:10","VCAP","sirolimus","BRD-A79768653","trt_cp",10,"24","h","DOS020_VCAP_24H","1","NULL","sirolimus","epsilon","population"
"94","21534",0.169149868536372,0.5958,0.868710622710623,"CPC006_HA1E_24H:BRD-K98530306-003-07-6:10","HA1E","CLONIDINE HYDROCHLORIDE","BRD-K98530306","trt_cp",10,"24","h","CPC006_HA1E_24H","1","NULL","clonidine","epsilon","population"
"209","365413",0.171340929009641,0.5973,0.868710622710623,"PCLB001_MCF7_24H:BRD-A19037878-001-02-3:2.5","MCF7","trichostatin-a","BRD-A19037878","trt_cp",2.5,"24","h","PCLB001_MCF7_24H","1","NULL","trichostatin-a","epsilon","population"
"386","95968",0.173678060181128,0.599,0.868710622710623,"CPC017_HEPG2_6H:BRD-K73397362-001-01-7:10","HEPG2","-666","BRD-K73397362","trt_cp",10,"6","h","CPC017_HEPG2_6H","1","NULL","purmorphamine","epsilon","population"
"39","13906",0.175576979257961,0.6004,0.868710622710623,"CPC004_PC3_24H:BRD-A35588707-001-03-0:10","PC3","TENIPOSIDE","BRD-A35588707","trt_cp",10,"24","h","CPC004_PC3_24H","1","NULL","teniposide","epsilon","population"
"102","23555",0.179959100204499,0.604,0.870729927007299,"CPC006_HEC108_6H:BRD-K81418486-001-13-7:11.1","HEC108","vorinostat","BRD-K81418486","trt_cp",11.1,"6","h","CPC006_HEC108_6H","1","NULL","vorinostat","epsilon","population"
"159","325434",0.191498685363716,0.6139,0.877069892473118,"LJP002_MCF10A_6H:BRD-K94176593-001-03-7:10","MCF10A","TWS119","BRD-K94176593","trt_cp",10,"6","h","LJP002_MCF10A_6H","1","NULL","TWS-119","epsilon","population"
"204","354697",0.195588664913818,0.6164,0.877069892473118,"NMH002_NEU_24H:BRD-K89732114-300-10-5:10","NEU","Trifluoperazine.2HCl","BRD-K89732114","trt_cp",10,"24","h","NMH002_NEU_24H","1","NULL","trifluoperazine","epsilon","population"
"283","59272",0.198364008179959,0.6193,0.877069892473118,"CPC010_HA1E_6H:BRD-K43736954-001-18-1:10","HA1E","cortisone","BRD-K43736954","trt_cp",10,"6","h","CPC010_HA1E_6H","1","NULL","cortisone","epsilon","population"
"372","9032",0.198510078878177,0.6193,0.877069892473118,"CPC004_HEPG2_6H:BRD-A58564983-001-03-8:10","HEPG2","SELAMECTIN","BRD-A58564983","trt_cp",10,"6","h","CPC004_HEPG2_6H","1","NULL","selamectin","epsilon","population"
"265","51912",0.198802220274613,0.6195,0.877069892473118,"CPC006_VCAP_24H:BRD-K53414658-001-01-7:10","VCAP","-666","BRD-K53414658","trt_cp",10,"24","h","CPC006_VCAP_24H","1","NULL","tivozanib","epsilon","population"
"293","66373",0.206836108676599,0.6245,0.880991071428572,"CPC011_PC3_6H:BRD-K44094599-001-02-9:10","PC3","tacrolimus","BRD-K44094599","trt_cp",10,"6","h","CPC011_PC3_6H","1","NULL","tacrolimus","epsilon","population"
"117","25978",0.21384750219106,0.6315,0.887695729537367,"CPC005_MCF7_6H:BRD-A76941896-003-02-0:10","MCF7","Doxorubicin hydrochloride","BRD-A76941896","trt_cp",10,"6","h","CPC005_MCF7_6H","1","NULL","doxorubicin","epsilon","population"
"227","435461",0.217791411042945,0.6347,0.889030141843972,"HOG003_A549_6H:BRD-A61304759-001-01-0:10","A549","tanespimycin","BRD-A61304759","trt_cp",10,"6","h","HOG003_A549_6H","1","NULL","tanespimycin","epsilon","population"
"254","452429",0.227212971078002,0.6407,0.894263250883392,"ERG015_VCAP_24H:BRD-A19037878-001-01-5:0.4","VCAP","trichostatin-a","BRD-A19037878","trt_cp",0.4,"24","h","ERG015_VCAP_24H","1","NULL","trichostatin-a","epsilon","population"
"366","88643",0.235027753432661,0.6455,0.897790492957746,"CPC014_VCAP_24H:BRD-K84937637-001-03-2:10","VCAP","A-275","BRD-K84937637","trt_cp",10,"24","h","CPC014_VCAP_24H","1","NULL","sirolimus","epsilon","population"
"345","82706",0.242039146947122,0.6504,0.899141114982578,"CPC016_NPC_24H:BRD-A41995253-001-03-7:10","NPC","-666","BRD-A41995253","trt_cp",10,"24","h","CPC016_NPC_24H","1","NULL","brucine","epsilon","population"
"218","4193",0.243353783231084,0.6512,0.899141114982578,"CPC001_HA1E_24H:BRD-K63979671-001-03-6:10","HA1E","Etifenin","BRD-K63979671","trt_cp",10,"24","h","CPC001_HA1E_24H","1","NULL","etifenin","epsilon","population"
"41","14120",0.246859479988314,0.6533,0.899141114982578,"ASG001_PC3_24H:BRD-A61304759-001-01-0:10","PC3","tanespimycin","BRD-A61304759","trt_cp",10,"24","h","ASG001_PC3_24H","1","NULL","tanespimycin","epsilon","population"
"142","322559",0.251022494887526,0.6574,0.899752595155709,"LJP001_BT20_24H:BRD-K49328571-001-06-9:10","BT20","Dasatinib:BMS-354825, Sprycel, BMS354825","BRD-K49328571","trt_cp",10,"24","h","LJP001_BT20_24H","1","NULL","dasatinib","epsilon","population"
"352","85187",0.252921413964359,0.6583,0.899752595155709,"CPC013_PC3_24H:BRD-K49328571-001-04-4:10","PC3","HY-10181","BRD-K49328571","trt_cp",10,"24","h","CPC013_PC3_24H","1","NULL","dasatinib","epsilon","population"
"178","329323",0.25708442886357,0.6607,0.899918965517241,"LJP001_MDAMB231_24H:BRD-K64800655-001-03-3:10","MDAMB231","PHA-793887","BRD-K64800655","trt_cp",10,"24","h","LJP001_MDAMB231_24H","1","NULL","PHA-793887","epsilon","population"
"300","70987",0.266140812153082,0.6667,0.904970790378007,"CPC011_VCAP_24H:BRD-K75958195-050-04-8:10","VCAP","pizotyline","BRD-K75958195","trt_cp",10,"24","h","CPC011_VCAP_24H","1","NULL","pizotifen","epsilon","population"
"171","328540",0.2719836400818,0.6699,0.906200342465753,"LJP001_MDAMB231_6H:BRD-K78431006-001-04-5:10","MDAMB231","PF02341066:Crizotinib","BRD-K78431006","trt_cp",10,"6","h","LJP001_MDAMB231_6H","1","NULL","crizotinib","epsilon","population"
"74","17775",0.278264680105171,0.6731,0.906753401360544,"CPC006_A375_24H:BRD-K41260949-236-02-8:10","A375","valproic acid","BRD-K41260949","trt_cp",10,"24","h","CPC006_A375_24H","1","NULL","valproic-acid","epsilon","population"
"212","37959",0.280747881974876,0.6749,0.906753401360544,"CPC009_A549_6H:BRD-K55070890-001-02-1:10","A549","thiothixene","BRD-K55070890","trt_cp",10,"6","h","CPC009_A549_6H","1","NULL","thiothixene","epsilon","population"
"43","14569",0.285641250365177,0.6792,0.909437288135593,"CPC003_VCAP_6H:BRD-K92093830-003-05-0:10","VCAP","Doxorubicin hydrochloride","BRD-K92093830","trt_cp",10,"6","h","CPC003_VCAP_6H","1","NULL","doxorubicin","epsilon","population"
"79","18280",0.289585159217061,0.6816,0.909567567567568,"CPC006_A549_24H:BRD-K47983010-001-02-1:10","A549","BX-795","BRD-K47983010","trt_cp",10,"24","h","CPC006_A549_24H","1","NULL","BX-795","epsilon","population"
"290","66118",0.300759567630733,0.6885,0.915681818181818,"CPC010_PC3_6H:BRD-K70578146-001-03-4:10","PC3","dactinomycin","BRD-K70578146","trt_cp",10,"6","h","CPC010_PC3_6H","1","NULL","dactinomycin","epsilon","population"
"303","71518",0.315293602103418,0.6958,0.91684858044164,"CPC016_A375_6H:BRD-K41160163-001-01-9:10","A375","-666","BRD-K41160163","trt_cp",10,"6","h","CPC016_A375_6H","1","NULL","fenobam","epsilon","population"
"61","167286",0.316096990943617,0.696,0.91684858044164,"ERG011_VCAP_24H:BRD-K56851771-001-04-3:0.4","VCAP","enzalutamide","BRD-K56851771","trt_cp",0.4,"24","h","ERG011_VCAP_24H","1","NULL","enzalutamide","epsilon","population"
"191","334203",0.323984808647385,0.7004,0.91684858044164,"MUC.CP001_MCF7_6H:BRD-K49049886-001-03-8:10","MCF7","CGS-15943","BRD-K49049886","trt_cp",10,"6","h","MUC.CP001_MCF7_6H","1","NULL","CGS-15943","epsilon","population"
"100","23458",0.339541338007596,0.7086,0.91684858044164,"CPC006_HEC108_6H:BRD-K59597909-001-10-1:10","HEC108","Phenothiazine","BRD-K59597909","trt_cp",10,"6","h","CPC006_HEC108_6H","1","NULL","phenothiazine","epsilon","population"
"246","443243",0.345384165936313,0.7113,0.91684858044164,"HOG002_MCF7_6H:BRD-A19500257-001-01-3:3.33","MCF7","geldanamycin","BRD-A19500257","trt_cp",3.33,"6","h","HOG002_MCF7_6H","1","NULL","geldanamycin","epsilon","population"
"302","71176",0.349912357581069,0.7133,0.91684858044164,"CPC015_A375_6H:BRD-A34205397-001-03-7:10","A375","-666","BRD-A34205397","trt_cp",10,"6","h","CPC015_A375_6H","1","NULL","suloctidil","epsilon","population"
"5","101765",0.352322524101665,0.7143,0.91684858044164,"CPC018_NPC_24H:BRD-K08640512-003-01-5:10","NPC","-666","BRD-K08640512","trt_cp",10,"24","h","CPC018_NPC_24H","1","NULL","RS-100329","epsilon","population"
"11","103714",0.352833771545428,0.7145,0.91684858044164,"CPD001_PC3_24H:BRD-K21680192-300-11-0:10","PC3","Mitoxantrone dihydrochloride","BRD-K21680192","trt_cp",10,"24","h","CPD001_PC3_24H","1","NULL","mitoxantrone","epsilon","population"
"115","25455",0.354367513876716,0.715,0.91684858044164,"CPC006_LOVO_6H:BRD-K01868942-001-02-1:160","LOVO","3-(piperidin-1-yl)propyl-4-amino-5-chloro-2methoxybenzoate . Hydrochloride","BRD-K01868942","trt_cp",160,"6","h","CPC006_LOVO_6H","1","NULL","RS-23597-190","epsilon","population"
"226","435404",0.357069821793748,0.7162,0.91684858044164,"HOG001_A549_6H:BRD-A45889380-300-04-8:10","A549","quinacrine","BRD-A45889380","trt_cp",10,"6","h","HOG001_A549_6H","1","NULL","mepacrine","epsilon","population"
"214","39374",0.369120654396728,0.7224,0.91684858044164,"CPC009_HA1E_6H:BRD-A74500471-001-14-8:10","HA1E","ethambutol","BRD-A74500471","trt_cp",10,"6","h","CPC009_HA1E_6H","1","NULL","ethambutol","epsilon","population"
"144","322781",0.371165644171779,0.7235,0.91684858044164,"LJP001_BT20_24H:BRD-K79404599-001-05-1:0.4","BT20","LY317615:Enzastaurin","BRD-K79404599","trt_cp",0.4,"24","h","LJP001_BT20_24H","1","NULL","enzastaurin","epsilon","population"
"128","29610",0.374306164183465,0.7254,0.91684858044164,"CPC006_OV7_6H:BRD-A35588707-001-03-0:1.25","OV7","TENIPOSIDE","BRD-A35588707","trt_cp",1.25,"6","h","CPC006_OV7_6H","1","NULL","teniposide","epsilon","population"
"160","325449",0.378030966988022,0.7275,0.91684858044164,"LJP002_MCF10A_6H:BRD-K91900765-001-02-7:0.08","MCF10A","VX-745","BRD-K91900765","trt_cp",0.08,"6","h","LJP002_MCF10A_6H","1","NULL","VX-745","epsilon","population"
"258","49155",0.381974875839907,0.7302,0.91684858044164,"CPC006_SW948_6H:BRD-A62025033-001-01-8:10","SW948","temsirolimus [CI779]","BRD-A62025033","trt_cp",10,"6","h","CPC006_SW948_6H","1","NULL","temsirolimus","epsilon","population"
"362","88064",0.38453111305872,0.7318,0.91684858044164,"CPC014_VCAP_6H:BRD-K01253243-001-01-4:10","VCAP","HY-10966","BRD-K01253243","trt_cp",10,"6","h","CPC014_VCAP_6H","1","NULL","SB-590885","epsilon","population"
"96","21821",0.38526146654981,0.7322,0.91684858044164,"CPC006_HCC15_6H:BRD-K95609758-001-02-9:10","HCC15","-666","BRD-K95609758","trt_cp",10,"6","h","CPC006_HCC15_6H","1","NULL","BMS-191011","epsilon","population"
"51","153873",0.386356996786445,0.7329,0.91684858044164,"DOS046_PC3_24H:BRD-A19500257:10","PC3","geldanamycin","BRD-A19500257","trt_cp",10,"24","h","DOS046_PC3_24H","1","NULL","geldanamycin","epsilon","population"
"238","441054",0.389570552147239,0.7348,0.91684858044164,"HOG003_MCF7_24H:BRD-K73319509-001-02-3:3.33","MCF7","-666","BRD-K73319509","trt_cp",3.33,"24","h","HOG003_MCF7_24H","1","NULL","PF-04217903","epsilon","population"
"373","90432",0.390812153082092,0.7358,0.91684858044164,"CPC020_A375_6H:BRD-K53790871-001-15-1:10","A375","triamcinolone acetonide","BRD-K53790871","trt_cp",10,"6","h","CPC020_A375_6H","1","NULL","triamcinolone","epsilon","population"
"272","54292",0.399065147531405,0.7413,0.920797169811321,"CPC010_A375_6H:BRD-K10860596-003-06-3:10","A375","granisetron hcl","BRD-K10860596","trt_cp",10,"6","h","CPC010_A375_6H","1","NULL","granisetron","epsilon","population"
"335","79376",0.415425065731814,0.752,0.927536144578313,"CPC015_MCF7_6H:BRD-K81839095-001-04-6:10","MCF7","-666","BRD-K81839095","trt_cp",10,"6","h","CPC015_MCF7_6H","1","NULL","estrone","epsilon","population"
"72","17739",0.416593631317558,0.7526,0.927536144578313,"CPC006_A375_24H:BRD-K71799949-001-20-8:96","A375","carbamazepine","BRD-K71799949","trt_cp",96,"24","h","CPC006_A375_24H","1","NULL","carbamazepine","epsilon","population"
"12","103944",0.422655565293602,0.7571,0.927536144578313,"CPC020_PC3_24H:BRD-K21680192-003-15-1:10","PC3","mitoxantrone","BRD-K21680192","trt_cp",10,"24","h","CPC020_PC3_24H","1","NULL","mitoxantrone","epsilon","population"
"253","450716",0.424700555068653,0.7585,0.927536144578313,"AML001_U937_6H:BRD-A19500257:3.33333","U937","GELDANAMYCIN","BRD-A19500257","trt_cp",3.33333,"6","h","AML001_U937_6H","1","NULL","geldanamycin","epsilon","population"
"286","61382",0.428352322524102,0.7612,0.927536144578313,"CPC010_HEPG2_6H:BRD-A75769826-311-05-1:10","HEPG2","sdm25n","BRD-A75769826","trt_cp",10,"6","h","CPC010_HEPG2_6H","1","NULL","SDM25N","epsilon","population"
"208","361515",0.4291557113643,0.7615,0.927536144578313,"RAD001_A549_6H:BRD-K57080016-001-03-5:0.0137","A549","AZD6244","BRD-K57080016","trt_cp",0.0137,"6","h","RAD001_A549_6H","1","NULL","selumetinib","epsilon","population"
"68","17529",0.434925503943909,0.7645,0.927536144578313,"CPC006_A375_24H:BRD-K56301217-001-01-7:11.1","A375","A112550.cdx","BRD-K56301217","trt_cp",11.1,"24","h","CPC006_A375_24H","1","NULL","ABT-737","epsilon","population"
"40","13993",0.438577271399357,0.7669,0.927536144578313,"CPC003_PC3_24H:BRD-A60414806-065-01-6:10","PC3","VINCRISTINE SULFATE","BRD-A60414806","trt_cp",10,"24","h","CPC003_PC3_24H","1","NULL","vincristine","epsilon","population"
"347","83210",0.441717791411043,0.7688,0.927536144578313,"CPC015_NPC_24H:BRD-K66353228-001-08-8:10","NPC","-666","BRD-K66353228","trt_cp",10,"24","h","CPC015_NPC_24H","1","NULL","zoxazolamine","epsilon","population"
"21","112044",0.446099912357581,0.7723,0.927536144578313,"CPD002_MCF7_6H:BRD-K72723676-003-12-9:10","MCF7","Benzethonium chloride","BRD-K72723676","trt_cp",10,"6","h","CPD002_MCF7_6H","1","NULL","benzethonium","epsilon","population"
"342","80896",0.448071866783523,0.7732,0.927536144578313,"CPC016_MCF7_24H:BRD-K91699951-001-03-7:10","MCF7","-666","BRD-K91699951","trt_cp",10,"24","h","CPC016_MCF7_24H","1","NULL","benzonatate","epsilon","population"
"87","20084",0.453403447268478,0.7765,0.927536144578313,"CPC006_COV644_6H:BRD-K88510285-001-01-2:0.04","COV644","B675700.cdx","BRD-K88510285","trt_cp",0.04,"6","h","CPC006_COV644_6H","1","NULL","bortezomib","epsilon","population"
"166","32721",0.45676307332749,0.779,0.927536144578313,"CPC006_SKM1_6H:BRD-K74402642-003-01-2:10","SKM1","Chemistry 2804","BRD-K74402642","trt_cp",10,"6","h","CPC006_SKM1_6H","1","NULL","NSC-632839","epsilon","population"
"34","12134",0.457274320771253,0.7796,0.927536144578313,"CPC004_PC3_6H:BRD-K96799727-001-01-7:10","PC3","Pifithrin- ?","BRD-K96799727","trt_cp",10,"6","h","CPC004_PC3_6H","1","NULL","pifithrin-mu","epsilon","population"
"390","9851",0.461291264972247,0.7829,0.928662686567164,"CPC005_HT29_24H:BRD-A15034104-002-03-6:10","HT29","Bergenin monohydrate","BRD-A15034104","trt_cp",10,"24","h","CPC005_HT29_24H","1","NULL","bergenin","epsilon","population"
"285","61281",0.465746421267894,0.7856,0.928662686567164,"CPC013_HEPG2_6H:BRD-K31553034-001-01-4:10","HEPG2","S1456","BRD-K31553034","trt_cp",10,"6","h","CPC013_HEPG2_6H","1","NULL","zibotentan","epsilon","population"
"130","30026",0.467937481741163,0.7876,0.928662686567164,"CPC006_PC3_6H:BRD-K74305673-001-01-3:10","PC3","IMD 0354","BRD-K74305673","trt_cp",10,"6","h","CPC006_PC3_6H","1","NULL","IKK-2-inhibitor-V","epsilon","population"
"105","23779",0.475314052001169,0.794,0.932807692307692,"CPC006_HEPG2_6H:BRD-K68065987-300-03-4:10","HEPG2","MK-2206","BRD-K68065987","trt_cp",10,"6","h","CPC006_HEPG2_6H","1","NULL","MK-2206","epsilon","population"
"35","12890",0.478527607361963,0.7963,0.932807692307692,"CPC003_PC3_24H:BRD-K71059170-001-02-5:10","PC3","Cefixime","BRD-K71059170","trt_cp",10,"24","h","CPC003_PC3_24H","1","NULL","cefixime","epsilon","population"
"217","4106",0.479915278995034,0.7982,0.932807692307692,"CPC001_HA1E_24H:BRD-K23478508-001-03-7:10","HA1E","Digoxin","BRD-K23478508","trt_cp",10,"24","h","CPC001_HA1E_24H","1","NULL","digoxin","epsilon","population"
"331","78359",0.488752556237219,0.8051,0.93809587020649,"CPC014_HT29_6H:BRD-K81528515-001-03-9:10","HT29","HY-10159","BRD-K81528515","trt_cp",10,"6","h","CPC014_HT29_6H","1","NULL","nilotinib","epsilon","population"
"322","76048",0.492404323692667,0.8087,0.939519117647059,"CPC014_HCC515_6H:BRD-K86930074-001-01-9:10","HCC515","S1017","BRD-K86930074","trt_cp",10,"6","h","CPC014_HCC515_6H","1","NULL","cediranib","epsilon","population"
"262","5120",0.499634823254455,0.8149,0.939732558139535,"CPC004_HA1E_24H:BRD-K67439147-001-01-7:10","HA1E","SIB 1893","BRD-K67439147","trt_cp",10,"24","h","CPC004_HA1E_24H","1","NULL","SIB-1893","epsilon","population"
"311","73325",0.501898919076833,0.8167,0.939732558139535,"CPC015_A549_24H:BRD-A29437505-001-01-6:10","A549","-666","BRD-A29437505","trt_cp",10,"24","h","CPC015_A549_24H","1","NULL","RWJ-21757","epsilon","population"
"64","17039",0.504382120946538,0.8181,0.939732558139535,"CPC001_VCAP_24H:BRD-A19500257:10","VCAP","geldanamycin","BRD-A19500257","trt_cp",10,"24","h","CPC001_VCAP_24H","1","NULL","geldanamycin","epsilon","population"
"84","19403",0.504747297692083,0.8184,0.939732558139535,"CPC006_CL34_6H:BRD-A68631409-001-01-3:10","CL34","Evodiamine","BRD-A68631409","trt_cp",10,"6","h","CPC006_CL34_6H","1","NULL","evodiamine","epsilon","population"
"261","51002",0.509786736780602,0.8233,0.941835260115607,"CPC006_VCAP_6H:BRD-K08703257-001-06-3:36.72","VCAP","Aminobenzamide (3-ABA) [3-aminobenzamide (3-ABA)]","BRD-K08703257","trt_cp",36.72,"6","h","CPC006_VCAP_6H","1","NULL","3-amino-benzamide","epsilon","population"
"375","90652",0.512269938650307,0.825,0.941835260115607,"CPC018_A549_6H:BRD-A95696820-001-01-4:10","A549","-666","BRD-A95696820","trt_cp",10,"6","h","CPC018_A549_6H","1","NULL","acadesine","epsilon","population"
"361","87735",0.515264387963774,0.8285,0.943105187319885,"CPC014_VCAP_6H:BRD-K68174511-001-01-7:10","VCAP","-666","BRD-K68174511","trt_cp",10,"6","h","CPC014_VCAP_6H","1","NULL","torin-2","epsilon","population"
"120","26757",0.529433245690915,0.8412,0.953289173789174,"CPC006_MCF7_24H:BRD-K32107296-001-03-7:10","MCF7","Temozolomide","BRD-K32107296","trt_cp",10,"24","h","CPC006_MCF7_24H","1","NULL","temozolomide","epsilon","population"
"86","19954",0.532427695004382,0.8439,0.953289173789174,"CPC006_CORL23_6H:BRD-A75409952:10","CORL23","wortmannin","BRD-A75409952","trt_cp",10,"6","h","CPC006_CORL23_6H","1","NULL","wortmannin","epsilon","population"
"321","74751",0.535787321063395,0.8467,0.953289173789174,"CPC015_ASC_24H:BRD-K40887525-001-14-4:10","ASC","-666","BRD-K40887525","trt_cp",10,"24","h","CPC015_ASC_24H","1","NULL","ritanserin","epsilon","population"
"192","334218",0.536225533158049,0.8471,0.953289173789174,"MUC.CP006_MCF7_6H:BRD-K49049886-001-03-8:20","MCF7","CGS-15943","BRD-K49049886","trt_cp",20,"6","h","MUC.CP006_MCF7_6H","1","NULL","CGS-15943","epsilon","population"
"323","76050",0.545208881098452,0.8541,0.958436079545454,"CPC014_HCC515_6H:BRD-K50168500-001-01-2:10","HCC515","S1019","BRD-K50168500","trt_cp",10,"6","h","CPC014_HCC515_6H","1","NULL","canertinib","epsilon","population"
"147","322947",0.563321647677476,0.8708,0.97366384180791,"LJP001_BT20_24H:BRD-A79768653-001-05-4:0.4","BT20","Rapamycin:Sirolimus","BRD-A79768653","trt_cp",0.4,"24","h","LJP001_BT20_24H","1","NULL","sirolimus","epsilon","population"
"140","32205",0.565658778848963,0.8726,0.97366384180791,"CPC006_RMUGS_6H:BRD-A62025033-001-01-8:10","RMUGS","temsirolimus [CI779]","BRD-A62025033","trt_cp",10,"6","h","CPC006_RMUGS_6H","1","NULL","temsirolimus","epsilon","population"
"97","2276",0.57858603564125,0.8824,0.979558746736292,"CPC002_HA1E_6H:BRD-K98521173-001-03-8:10","HA1E","Deoxycorticosterone","BRD-K98521173","trt_cp",10,"6","h","CPC002_HA1E_6H","1","NULL","desoxycortone","epsilon","population"
"114","25175",0.581361378907391,0.886,0.979558746736292,"CPC006_JHUEM2_6H:BRD-K01976263-003-04-5:0.63","JHUEM2","Emetine Dihydrochloride Hydrate (74)","BRD-K01976263","trt_cp",0.63,"6","h","CPC006_JHUEM2_6H","1","NULL","emetine","epsilon","population"
"268","52694",0.583698510078878,0.8881,0.979558746736292,"CPC006_VCAP_24H:BRD-K76703230-001-01-3:0.31","VCAP","YM-155","BRD-K76703230","trt_cp",0.31,"24","h","CPC006_VCAP_24H","1","NULL","YM-155","epsilon","population"
"110","2450",0.583990651475314,0.8881,0.979558746736292,"CPC004_HA1E_6H:BRD-K09602097-001-04-5:10","HA1E","Forskolin","BRD-K09602097","trt_cp",10,"6","h","CPC004_HA1E_6H","1","NULL","forskolin","epsilon","population"
"37","13719",0.592170610575518,0.8943,0.979558746736292,"CPC003_PC3_24H:BRD-K15588452-003-01-9:10","PC3","R-96544 hydrochloride","BRD-K15588452","trt_cp",10,"24","h","CPC003_PC3_24H","1","NULL","R-96544","epsilon","population"
"248","4451",0.599328074788197,0.8999,0.979558746736292,"CPC002_HA1E_24H:BRD-K22010301-001-01-2:10","HA1E","JLK 6","BRD-K22010301","trt_cp",10,"24","h","CPC002_HA1E_24H","1","NULL","JLK-6","epsilon","population"
"216","4095",0.608749634823254,0.9063,0.979558746736292,"CPC002_HA1E_24H:BRD-K98521173-001-03-8:10","HA1E","Deoxycorticosterone","BRD-K98521173","trt_cp",10,"24","h","CPC002_HA1E_24H","1","NULL","desoxycortone","epsilon","population"
"364","88365",0.611232836692959,0.908,0.979558746736292,"CPC013_VCAP_24H:BRD-K11663430-001-01-5:10","VCAP","-666","BRD-K11663430","trt_cp",10,"24","h","CPC013_VCAP_24H","1","NULL","pyroxamide","epsilon","population"
"251","449827",0.615176745544844,0.9103,0.979558746736292,"CPC006_RKO_6H:BRD-A58048407-001-10-5:10","RKO","nimodipine","BRD-A58048407","trt_cp",10,"6","h","CPC006_RKO_6H","1","NULL","nimodipine","epsilon","population"
"257","47964",0.62109260882267,0.9139,0.979558746736292,"CPC006_SNUC5_6H:BRD-K67868012-003-01-5:11.1","SNUC5","PI 103 hydrochloride","BRD-K67868012","trt_cp",11.1,"6","h","CPC006_SNUC5_6H","1","NULL","PI-103","epsilon","population"
"259","49467",0.621311714869997,0.9141,0.979558746736292,"CPC006_T3M10_6H:BRD-K68185022-001-06-4:70.07","T3M10","Ursolic Acid","BRD-K68185022","trt_cp",70.07,"6","h","CPC006_T3M10_6H","1","NULL","ursolic-acid","epsilon","population"
"224","434578",0.623721881390593,0.9154,0.979558746736292,"HOG002_A549_6H:BRD-K12762134-001-01-3:3.7","A549","-666","BRD-K12762134","trt_cp",3.7,"6","h","HOG002_A549_6H","1","NULL","XAV-939","epsilon","population"
"81","1879",0.627738825591586,0.918,0.979558746736292,"CPC004_HA1E_6H:BRD-K17561142-003-16-8:10","HA1E","AMIODARONE HYDROCHLORIDE","BRD-K17561142","trt_cp",10,"6","h","CPC004_HA1E_6H","1","NULL","amiodarone","epsilon","population"
"48","149766",0.631536663745253,0.9199,0.979558746736292,"DOS051_HT29_24H:BRD-K81418486:0.1","HT29","vorinostat","BRD-K81418486","trt_cp",0.1,"24","h","DOS051_HT29_24H","1","NULL","vorinostat","epsilon","population"
"291","66143",0.637160385626643,0.9232,0.979558746736292,"CPC010_PC3_6H:BRD-K76534306-001-17-7:10","PC3","enrofloxacin","BRD-K76534306","trt_cp",10,"6","h","CPC010_PC3_6H","1","NULL","enrofloxacin","epsilon","population"
"357","86394",0.637963774466842,0.9239,0.979558746736292,"CPC016_SKB_24H:BRD-A94669766-001-04-2:10","SKB","-666","BRD-A94669766","trt_cp",10,"24","h","CPC016_SKB_24H","1","NULL","naringenin","epsilon","population"
"55","165985",0.638986269354368,0.9248,0.979558746736292,"ERG011_VCAP_6H:BRD-K57080016-001-09-2:0.4","VCAP","AZD-6244","BRD-K57080016","trt_cp",0.4,"6","h","ERG011_VCAP_6H","1","NULL","selumetinib","epsilon","population"
"137","31751",0.645778556821502,0.9277,0.979558746736292,"CPC006_RMGI_6H:BRD-K98548675-001-02-6:10","RMGI","Parthenolide","BRD-K98548675","trt_cp",10,"6","h","CPC006_RMGI_6H","1","NULL","parthenolide","epsilon","population"
"174","328990",0.657026000584283,0.9345,0.979558746736292,"LJP002_MDAMB231_24H:BRD-K74065929-001-02-3:0.08","MDAMB231","Doramapimod;BIRB796","BRD-K74065929","trt_cp",0.08,"24","h","LJP002_MDAMB231_24H","1","NULL","doramapimod","epsilon","population"
"158","325212",0.659290096406661,0.9357,0.979558746736292,"LJP001_MCF10A_6H:BRD-K83963101-001-02-8:10","MCF10A","MLN8054","BRD-K83963101","trt_cp",10,"6","h","LJP001_MCF10A_6H","1","NULL","MLN-8054","epsilon","population"
"280","5910",0.660385626643295,0.9366,0.979558746736292,"CPC002_HCC515_6H:BRD-K18619710-001-03-7:10","HCC515","Digoxigenin","BRD-K18619710","trt_cp",10,"6","h","CPC002_HCC515_6H","1","NULL","digoxigenin","epsilon","population"
"153","324436",0.66432953549518,0.9392,0.979558746736292,"LJP002_HS578T_24H:BRD-A37704979-001-05-7:0.4","HS578T","PB203580;RWJ64809;SB203580","BRD-A37704979","trt_cp",0.4,"24","h","LJP002_HS578T_24H","1","NULL","SB-203580","epsilon","population"
"157","3252",0.667323984808647,0.9406,0.979558746736292,"CPC005_HA1E_6H:BRD-K58299615-001-02-7:10","HA1E","Ro 90-7501","BRD-K58299615","trt_cp",10,"6","h","CPC005_HA1E_6H","1","NULL","RO-90-7501","epsilon","population"
"54","1627",0.671194858311423,0.9422,0.979558746736292,"CPC005_A549_24H:BRD-A85472596-001-01-4:10","A549","L 670596","BRD-A85472596","trt_cp",10,"24","h","CPC005_A549_24H","1","NULL","L-670596","epsilon","population"
"75","17850",0.672728600642711,0.9427,0.979558746736292,"CPC006_A549_6H:BRD-K96799727-001-02-5:10","A549","-666","BRD-K96799727","trt_cp",10,"6","h","CPC006_A549_6H","1","NULL","pifithrin-mu","epsilon","population"
"101","23530",0.674992696465089,0.9439,0.979558746736292,"CPC006_HEC108_6H:BRD-A19500257:10","HEC108","geldanamycin","BRD-A19500257","trt_cp",10,"6","h","CPC006_HEC108_6H","1","NULL","geldanamycin","epsilon","population"
"341","80559",0.681638913234005,0.9471,0.979558746736292,"CPC016_MCF7_24H:BRD-K39746403-084-03-1:10","MCF7","-666","BRD-K39746403","trt_cp",10,"24","h","CPC016_MCF7_24H","1","NULL","erythromycin","epsilon","population"
"169","327886",0.685655857434999,0.9487,0.979558746736292,"LJP001_MCF7_24H:BRD-A45498368-001-03-0:0.08","MCF7","WYE-125132","BRD-A45498368","trt_cp",0.08,"24","h","LJP001_MCF7_24H","1","NULL","WYE-125132","epsilon","population"
"327","77201",0.687992988606486,0.9498,0.979558746736292,"CPC014_HEPG2_6H:BRD-A19500257:10","HEPG2","geldanamycin","BRD-A19500257","trt_cp",10,"6","h","CPC014_HEPG2_6H","1","NULL","geldanamycin","epsilon","population"
"247","443585",0.69617294770669,0.953,0.980299479166667,"HOG001_MCF7_6H:BRD-A75409952-001-01-6:10","MCF7","wortmannin","BRD-A75409952","trt_cp",10,"6","h","HOG001_MCF7_6H","1","NULL","wortmannin","epsilon","population"
"340","80450",0.70464504820333,0.9562,0.980746113989637,"CPC015_MCF7_24H:BRD-K21450440-001-08-8:10","MCF7","-666","BRD-K21450440","trt_cp",10,"24","h","CPC015_MCF7_24H","1","NULL","benzthiazide","epsilon","population"
"222","432959",0.710633946830266,0.9584,0.980746113989637,"HOG002_A549_24H:BRD-K41859756-001-01-9:3.33","A549","-666","BRD-K41859756","trt_cp",3.33,"24","h","HOG002_A549_24H","1","NULL","NVP-AUY922","epsilon","population"
"395","99987",0.726482617586912,0.9639,0.982613402061856,"CPC018_MCF7_24H:BRD-K33882852-003-01-0:10","MCF7","-666","BRD-K33882852","trt_cp",10,"24","h","CPC018_MCF7_24H","1","NULL","ZK-93423","epsilon","population"
"346","8273",0.728454572012854,0.9652,0.982613402061856,"CPC004_HCC515_24H:BRD-A27887842-001-03-2:10","HCC515","PREDNISOLONE","BRD-A27887842","trt_cp",10,"24","h","CPC004_HCC515_24H","1","NULL","prednisolone","epsilon","population"
"127","29423",0.739044697633655,0.9694,0.984352185089974,"CPC006_OV7_6H:BRD-A31107743-001-01-3:0.09","OV7","89671","BRD-A31107743","trt_cp",0.09,"6","h","CPC006_OV7_6H","1","NULL","brefeldin-a","epsilon","population"
"244","442421",0.761685655857435,0.9762,0.98709693877551,"HOG001_MCF7_24H:BRD-K68202742-001-10-8:0.013","MCF7","trichostatin-a","BRD-K68202742","trt_cp",0.013,"24","h","HOG001_MCF7_24H","1","NULL","trichostatin-a","epsilon","population"
"2","100826",0.770449897750511,0.9776,0.98709693877551,"CPD001_MCF7_24H:BRD-K77685957-300-06-7:10","MCF7","Dequalinium dichloride","BRD-K77685957","trt_cp",10,"24","h","CPD001_MCF7_24H","1","NULL","dequalinium","epsilon","population"
"176","329220",0.781624306164183,0.9796,0.98709693877551,"LJP001_MDAMB231_24H:BRD-K83963101-001-02-8:10","MDAMB231","MLN8054","BRD-K83963101","trt_cp",10,"24","h","LJP001_MDAMB231_24H","1","NULL","MLN-8054","epsilon","population"
"180","329458",0.819091440257084,0.9865,0.991309644670051,"LJP001_MDAMB231_24H:BRD-K59369769-001-11-2:10","MDAMB231","VX680:Tozasertib, MK-0457","BRD-K59369769","trt_cp",10,"24","h","LJP001_MDAMB231_24H","1","NULL","tozasertib","epsilon","population"
"338","80268",0.830557990067192,0.9888,0.991309644670051,"CPC015_MCF7_24H:BRD-A68930007-001-03-1:10","MCF7","-666","BRD-A68930007","trt_cp",10,"24","h","CPC015_MCF7_24H","1","NULL","ouabain","epsilon","population"
"392","99010",0.94617294770669,0.9983,0.9983,"CPD001_MCF7_6H:BRD-A32988684-003-07-9:10","MCF7","Heptaminol hydrochloride","BRD-A32988684","trt_cp",10,"6","h","CPD001_MCF7_6H","1","NULL","heptaminol","epsilon","population"
