"","id","cmap_score","p","padj","sig_id","cell_id","pert_desc","pert_id","pert_type","pert_dose","pert_time","pert_time_unit","brew_prefix","is_gold","pert_mfc_id","pert_iname","pool_id","zmad_ref"
"279","5824",-1.05711364300321,0.001,0.0438888888888889,"CPC004_HCC515_6H:BRD-A10188456-001-03-1:10","HCC515","DEXAMETHASONE","BRD-A10188456","trt_cp",10,"6","h","CPC004_HCC515_6H","1","NULL","dexamethasone","epsilon","population"
"382","94269",-1.04230207420391,0.001,0.0438888888888889,"CPC020_HA1E_6H:BRD-A88774919-001-02-8:10","HA1E","doxycycline","BRD-A88774919","trt_cp",10,"6","h","CPC020_HA1E_6H","1","NULL","doxycycline","epsilon","population"
"89","20322",-1.0120654396728,0.001,0.0438888888888889,"CPC006_DV90_6H:BRD-A36630025-001-02-6:0.35","DV90","-666","BRD-A36630025","trt_cp",0.35,"6","h","CPC006_DV90_6H","1","NULL","SN-38","epsilon","population"
"135","31126",-1.00093485246859,0.001,0.0438888888888889,"CPC005_PC3_24H:BRD-A19037878:10","PC3","trichostatin-a","BRD-A19037878","trt_cp",10,"24","h","CPC005_PC3_24H","1","NULL","trichostatin-a","epsilon","population"
"95","21732",-1.00070113935145,0.001,0.0438888888888889,"CPC006_HA1E_24H:BRD-A19037878:10","HA1E","trichostatin-a","BRD-A19037878","trt_cp",10,"24","h","CPC006_HA1E_24H","1","NULL","trichostatin-a","epsilon","population"
"193","33440",-1.00064271107216,0.001,0.0438888888888889,"CPC006_SKMEL28_6H:BRD-K74402642-003-01-2:10","SKMEL28","Chemistry 2804","BRD-K74402642","trt_cp",10,"6","h","CPC006_SKMEL28_6H","1","NULL","NSC-632839","epsilon","population"
"172","328865",-0.984516505988899,0.001,0.0438888888888889,"LJP001_MDAMB231_24H:BRD-K05804044-001-02-9:10","MDAMB231","AZ-628","BRD-K05804044","trt_cp",10,"24","h","LJP001_MDAMB231_24H","1","NULL","AZ-628","epsilon","population"
"7","10209",-0.979579316389132,0.001,0.0438888888888889,"CPC004_MCF7_6H:BRD-K98490050-001-01-8:10","MCF7","AMSACRINE","BRD-K98490050","trt_cp",10,"6","h","CPC004_MCF7_6H","1","NULL","amsacrine","epsilon","population"
"384","94908",-0.97589833479404,0.001,0.0438888888888889,"CPC020_HCC515_6H:BRD-K92073408-001-10-8:10","HCC515","19-norethindrone","BRD-K92073408","trt_cp",10,"6","h","CPC020_HCC515_6H","1","NULL","norethisterone","epsilon","population"
"113","24921",-0.972567922874671,0.002,0.0564285714285714,"CPC006_HT29_24H:BRD-K21672174-001-02-2:160","HT29","Ro 28-1675 ?","BRD-K21672174","trt_cp",160,"24","h","CPC006_HT29_24H","1","NULL","RO-28-1675","epsilon","population"
"63","169134",-0.971048787613205,0.002,0.0564285714285714,"HDAC002_HA1E_24H:BRD-K77908580-001-04-7:10","HA1E","MS275","BRD-K77908580","trt_cp",10,"24","h","HDAC002_HA1E_24H","1","NULL","entinostat","epsilon","population"
"112","24896",-0.96774758983348,0.002,0.0564285714285714,"CPC006_HT29_24H:BRD-K06980535-003-15-0:10","HT29","PROMAZINE HYDROCHLORIDE","BRD-K06980535","trt_cp",10,"24","h","CPC006_HT29_24H","1","NULL","promazine","epsilon","population"
"281","59117",-0.96555652936021,0.002,0.0564285714285714,"CPC013_HA1E_6H:BRD-K17210248-003-01-7:10","HA1E","S1216","BRD-K17210248","trt_cp",10,"6","h","CPC013_HA1E_6H","1","NULL","daunorubicin","epsilon","population"
"368","89545",-0.962985685071575,0.002,0.0564285714285714,"CPC018_A375_6H:BRD-K25906698-303-01-9:10","A375","-666","BRD-K25906698","trt_cp",10,"6","h","CPC018_A375_6H","1","NULL","immepip","epsilon","population"
"307","72263",-0.948144902132632,0.003,0.079,"CPC016_A549_6H:BRD-A35588707-001-03-0:10","A549","-666","BRD-A35588707","trt_cp",10,"6","h","CPC016_A549_6H","1","NULL","teniposide","epsilon","population"
"266","52145",-0.941513292433538,0.005,0.0817241379310345,"CPC006_VCAP_24H:BRD-K08845546-001-02-2:22.2","VCAP","FK506","BRD-K08845546","trt_cp",22.2,"24","h","CPC006_VCAP_24H","1","NULL","tacrolimus","epsilon","population"
"29","115445",-0.9359918200409,0.005,0.0817241379310345,"CPD002_PC3_24H:BRD-K82795137-001-18-9:10","PC3","Loratadine","BRD-K82795137","trt_cp",10,"24","h","CPD002_PC3_24H","1","NULL","loratadine","epsilon","population"
"271","54140",-0.922378030966988,0.006,0.0817241379310345,"CPC012_A375_6H:BRD-A59985574-003-01-9:10","A375","T542500","BRD-A59985574","trt_cp",10,"6","h","CPC012_A375_6H","1","NULL","topotecan","epsilon","population"
"82","19002",-0.905959684487292,0.006,0.0817241379310345,"CPC006_AGS_6H:BRD-M86331534-373-01-5:10","AGS","BJM-ctd2-9","BRD-M86331534","trt_cp",10,"6","h","CPC006_AGS_6H","1","NULL","pyrvinium-pamoate","epsilon","population"
"19","111510",-0.90423605024832,0.006,0.0817241379310345,"CVD001_HUH7_24H:BRD-K37312348-001-05-1:3.825","HUH7","-666","BRD-K37312348","trt_cp",3.825,"24","h","CVD001_HUH7_24H","1","NULL","kenpaullone","epsilon","population"
"83","19020",-0.902892199824715,0.006,0.0817241379310345,"CPC006_AGS_6H:BRD-K23363278-001-01-3:1","AGS","CYT997","BRD-K23363278","trt_cp",1,"6","h","CPC006_AGS_6H","1","NULL","CYT-997","epsilon","population"
"284","61172",-0.89152789950336,0.006,0.0817241379310345,"CPC013_HEPG2_6H:BRD-K87909389-001-02-0:10","HEPG2","HY-10005","BRD-K87909389","trt_cp",10,"6","h","CPC013_HEPG2_6H","1","NULL","alvocidib","epsilon","population"
"304","720",-0.883786152497809,0.006,0.0817241379310345,"CPC004_A375_6H:BRD-A19037878:10","A375","trichostatin-a","BRD-A19037878","trt_cp",10,"6","h","CPC004_A375_6H","1","NULL","trichostatin-a","epsilon","population"
"359","87472",-0.88004674262343,0.006,0.0817241379310345,"CPC014_SKB_24H:BRD-K50140147-001-01-0:10","SKB","S1108","BRD-K50140147","trt_cp",10,"24","h","CPC014_SKB_24H","1","NULL","NVP-TAE684","epsilon","population"
"52","15750",-0.877826468010517,0.006,0.0817241379310345,"CPC004_VCAP_24H:BRD-K39987650-001-15-9:10","VCAP","BISACODYL","BRD-K39987650","trt_cp",10,"24","h","CPC004_VCAP_24H","1","NULL","bisacodyl","epsilon","population"
"60","167105",-0.874992696465089,0.006,0.0817241379310345,"ERG011_VCAP_24H:BRD-K03406345-001-12-0:10","VCAP","EWS-FLI-Inhibitor","BRD-K03406345","trt_cp",10,"24","h","ERG011_VCAP_24H","1","NULL","azacitidine","epsilon","population"
"360","87503",-0.871282500730354,0.006,0.0817241379310345,"CPC013_SKB_24H:BRD-K71823332-001-01-1:10","SKB","S1297","BRD-K71823332","trt_cp",10,"24","h","CPC013_SKB_24H","1","NULL","epothilone-a","epsilon","population"
"3","101213",-0.870172363423897,0.006,0.0817241379310345,"CPD001_MCF7_24H:BRD-A45889380-336-04-2:10","MCF7","Quinacrine dihydrochloride dihydrate","BRD-A45889380","trt_cp",10,"24","h","CPD001_MCF7_24H","1","NULL","mepacrine","epsilon","population"
"129","2987",-0.865965527315221,0.006,0.0817241379310345,"CPC001_HA1E_6H:BRD-K86958018-001-01-9:10","HA1E","Olvanil","BRD-K86958018","trt_cp",10,"6","h","CPC001_HA1E_6H","1","NULL","olvanil","epsilon","population"
"376","9124",-0.862313759859772,0.007,0.0921666666666667,"CPC005_HT29_6H:BRD-A65145453-001-02-0:10","HT29","ATPA","BRD-A65145453","trt_cp",10,"6","h","CPC005_HT29_6H","1","NULL","ATPA","epsilon","population"
"123","27997",-0.860560911481157,0.008,0.0929411764705882,"CPC006_NCIH2073_6H:BRD-K00615600-001-06-1:25","NCIH2073","AG14361","BRD-K00615600","trt_cp",25,"6","h","CPC006_NCIH2073_6H","1","NULL","AG-14361","epsilon","population"
"209","365413",-0.859217061057552,0.008,0.0929411764705882,"PCLB001_MCF7_24H:BRD-A19037878-001-02-3:2.5","MCF7","trichostatin-a","BRD-A19037878","trt_cp",2.5,"24","h","PCLB001_MCF7_24H","1","NULL","trichostatin-a","epsilon","population"
"10","103698",-0.856704645048203,0.008,0.0929411764705882,"CPD001_PC3_24H:BRD-A07932845-103-02-3:10","PC3","Methiothepin maleate","BRD-A07932845","trt_cp",10,"24","h","CPD001_PC3_24H","1","NULL","metitepine","epsilon","population"
"310","73191",-0.856120362255332,0.008,0.0929411764705882,"CPC014_A549_6H:BRD-K50140147-001-01-0:10","A549","S1108","BRD-K50140147","trt_cp",10,"6","h","CPC014_A549_6H","1","NULL","NVP-TAE684","epsilon","population"
"22","112059",-0.85471808355244,0.009,0.09875,"CPD002_MCF7_6H:BRD-K78643075-001-08-2:10","MCF7","Bromperidol","BRD-K78643075","trt_cp",10,"6","h","CPD002_MCF7_6H","1","NULL","bromperidol","epsilon","population"
"191","334203",-0.851592170610576,0.01,0.09875,"MUC.CP001_MCF7_6H:BRD-K49049886-001-03-8:10","MCF7","CGS-15943","BRD-K49049886","trt_cp",10,"6","h","MUC.CP001_MCF7_6H","1","NULL","CGS-15943","epsilon","population"
"235","440645",-0.848641542506573,0.01,0.09875,"PCLB001_JURKAT_6H:BRD-A19037878-001-02-3:1.11","JURKAT","trichostatin-a","BRD-A19037878","trt_cp",1.11,"6","h","PCLB001_JURKAT_6H","1","NULL","trichostatin-a","epsilon","population"
"372","9032",-0.848232544551563,0.01,0.09875,"CPC004_HEPG2_6H:BRD-A58564983-001-03-8:10","HEPG2","SELAMECTIN","BRD-A58564983","trt_cp",10,"6","h","CPC004_HEPG2_6H","1","NULL","selamectin","epsilon","population"
"231","436237",-0.847852760736196,0.01,0.09875,"CPC006_H1299_6H:BRD-K59184148-001-04-2:10","H1299","SB 216763","BRD-K59184148","trt_cp",10,"6","h","CPC006_H1299_6H","1","NULL","SB-216763","epsilon","population"
"326","7711",-0.840403155127082,0.01,0.09875,"CPC004_HCC515_24H:BRD-A41519720-001-03-0:10","HCC515","EZETIMIBE","BRD-A41519720","trt_cp",10,"24","h","CPC004_HCC515_24H","1","NULL","ezetimibe","epsilon","population"
"194","3354",-0.836546888694128,0.011,0.103452380952381,"CPC002_HA1E_6H:BRD-A24122750-001-02-9:10","HA1E","Saclofen","BRD-A24122750","trt_cp",10,"6","h","CPC002_HA1E_6H","1","NULL","saclofen","epsilon","population"
"223","434321",-0.836196319018405,0.011,0.103452380952381,"HOG001_A549_24H:BRD-A45889380-300-04-8:10","A549","quinacrine","BRD-A45889380","trt_cp",10,"24","h","HOG001_A549_24H","1","NULL","mepacrine","epsilon","population"
"139","321773",-0.8302950628104,0.012,0.110232558139535,"LJP001_BT20_6H:BRD-K76908866-001-03-5:0.4","BT20","CP724714","BRD-K76908866","trt_cp",0.4,"6","h","LJP001_BT20_6H","1","NULL","CP-724714","epsilon","population"
"98","23040",-0.822056675430909,0.013,0.116704545454545,"CPC006_HCT116_6H:BRD-K78513633-001-07-4:177.6","HCT116","Lonidamine","BRD-K78513633","trt_cp",177.6,"6","h","CPC006_HCT116_6H","1","NULL","lonidamine","epsilon","population"
"337","80103",-0.812182296231376,0.014,0.120217391304348,"CPC016_MCF7_6H:BRD-A19037878:10","MCF7","trichostatin-a","BRD-A19037878","trt_cp",10,"6","h","CPC016_MCF7_6H","1","NULL","trichostatin-a","epsilon","population"
"234","439818",-0.811831726555653,0.014,0.120217391304348,"DOSBIO001_HT29_24H:BRD-K81418486:10","HT29","vorinostat","BRD-K81418486","trt_cp",10,"24","h","DOSBIO001_HT29_24H","1","NULL","vorinostat","epsilon","population"
"80","18378",-0.809786736780602,0.015,0.126063829787234,"CPC006_A549_24H:BRD-A12230535-001-02-6:44.4","A549","Nutlin-3","BRD-A12230535","trt_cp",44.4,"24","h","CPC006_A549_24H","1","NULL","nutlin-3","epsilon","population"
"62","167351",-0.804440549225825,0.019,0.153163265306122,"ERG011_VCAP_24H:BRD-K40175214-001-04-1:1","VCAP","torin1","BRD-K40175214","trt_cp",1,"24","h","ERG011_VCAP_24H","1","NULL","torin-1","epsilon","population"
"130","30026",-0.804440549225825,0.019,0.153163265306122,"CPC006_PC3_6H:BRD-K74305673-001-01-3:10","PC3","IMD 0354","BRD-K74305673","trt_cp",10,"6","h","CPC006_PC3_6H","1","NULL","IKK-2-inhibitor-V","epsilon","population"
"178","329323",-0.797575226409582,0.021,0.1659,"LJP001_MDAMB231_24H:BRD-K64800655-001-03-3:10","MDAMB231","PHA-793887","BRD-K64800655","trt_cp",10,"24","h","LJP001_MDAMB231_24H","1","NULL","PHA-793887","epsilon","population"
"269","52740",-0.790008764241893,0.024,0.182761194029851,"CPC006_VCAP_24H:BRD-A62025033-001-01-8:10","VCAP","temsirolimus [CI779]","BRD-A62025033","trt_cp",10,"24","h","CPC006_VCAP_24H","1","NULL","temsirolimus","epsilon","population"
"177","329278",-0.783026584867076,0.026,0.182761194029851,"LJP002_MDAMB231_24H:BRD-K49865102-001-04-3:10","MDAMB231","PD0325901","BRD-K49865102","trt_cp",10,"24","h","LJP002_MDAMB231_24H","1","NULL","PD-0325901","epsilon","population"
"179","329338",-0.782909728308501,0.026,0.182761194029851,"LJP001_MDAMB231_24H:BRD-K56343971-001-04-9:0.4","MDAMB231","PLX4032:RG7204, R7204, RO5185426,","BRD-K56343971","trt_cp",0.4,"24","h","LJP001_MDAMB231_24H","1","NULL","vemurafenib","epsilon","population"
"309","73019",-0.78086473853345,0.027,0.182761194029851,"CPC014_A549_6H:BRD-K18135438-001-08-4:10","A549","BL-053","BRD-K18135438","trt_cp",10,"6","h","CPC014_A549_6H","1","NULL","chenodeoxycholic-acid","epsilon","population"
"197","33642",-0.776950043821209,0.027,0.182761194029851,"CPC006_SKMEL28_6H:BRD-A19037878:10","SKMEL28","trichostatin-a","BRD-A19037878","trt_cp",10,"6","h","CPC006_SKMEL28_6H","1","NULL","trichostatin-a","epsilon","population"
"4","101742",-0.776394975167981,0.027,0.182761194029851,"CPC017_NPC_24H:BRD-K06426971-001-01-9:10","NPC","-666","BRD-K06426971","trt_cp",10,"24","h","CPC017_NPC_24H","1","NULL","ryuvidine","epsilon","population"
"325","76508",-0.772304995617879,0.028,0.182761194029851,"CPC016_HEPG2_6H:BRD-K36007650-300-02-3:10","HEPG2","-666","BRD-K36007650","trt_cp",10,"6","h","CPC016_HEPG2_6H","1","NULL","puromycin","epsilon","population"
"99","23151",-0.77166228454572,0.028,0.182761194029851,"CPC006_HCT116_6H:BRD-A79465854-001-01-3:10","HCT116","auranofin","BRD-A79465854","trt_cp",10,"6","h","CPC006_HCT116_6H","1","NULL","auranofin","epsilon","population"
"205","355911",-0.768419515045282,0.029,0.182761194029851,"NMH002_NPC_24H:BRD-K64994968-001-24-2:10","NPC","Progesterone","BRD-K64994968","trt_cp",10,"24","h","NMH002_NPC_24H","1","NULL","progesterone","epsilon","population"
"8","102224",-0.764095822378031,0.03,0.182761194029851,"CPC018_NPC_24H:BRD-K97399794-001-10-4:10","NPC","-666","BRD-K97399794","trt_cp",10,"24","h","CPC018_NPC_24H","1","NULL","quercetin","epsilon","population"
"207","361451",-0.763774466841951,0.03,0.182761194029851,"RAD001_A549_6H:BRD-K01228321-318-03-5:0.0412","A549","-666","BRD-K01228321","trt_cp",0.0412,"6","h","RAD001_A549_6H","1","NULL","cisplatin","epsilon","population"
"312","73378",-0.763482325445516,0.03,0.182761194029851,"CPC015_A549_24H:BRD-A49160188-003-04-4:10","A549","-666","BRD-A49160188","trt_cp",10,"24","h","CPC015_A549_24H","1","NULL","donepezil","epsilon","population"
"188","332614",-0.759450774174701,0.031,0.182761194029851,"NMH002_FIBRNPC_24H:BRD-K04923131-001-11-3:10","FIBRNPC","BIO","BRD-K04923131","trt_cp",10,"24","h","NMH002_FIBRNPC_24H","1","NULL","GSK-3-inhibitor-IX","epsilon","population"
"27","115027",-0.758106923751095,0.031,0.182761194029851,"DEB001_PC3_6H:BRD-A75409952-001-05-7:0.1","PC3","wortmannin","BRD-A75409952","trt_cp",0.1,"6","h","DEB001_PC3_6H","1","NULL","wortmannin","epsilon","population"
"288","65356",-0.757639497516798,0.031,0.182761194029851,"CPC012_NPC_24H:BRD-A19037878:10","NPC","trichostatin-a","BRD-A19037878","trt_cp",10,"24","h","CPC012_NPC_24H","1","NULL","trichostatin-a","epsilon","population"
"229","435780",-0.756617002629272,0.031,0.182761194029851,"AML001_CD34_24H:BRD-A19037878:1.11111","CD34","TRICHOSTATIN_A","BRD-A19037878","trt_cp",1.11111,"24","h","AML001_CD34_24H","1","NULL","trichostatin-a","epsilon","population"
"42","142130",-0.754922582529944,0.031,0.182761194029851,"DOS033_A375_24H:BRD-K81418486:0.5","A375","vorinostat","BRD-K81418486","trt_cp",0.5,"24","h","DOS033_A375_24H","1","NULL","vorinostat","epsilon","population"
"131","30092",-0.750131463628396,0.033,0.188913043478261,"CPC006_PC3_6H:BRD-K16406336-311-01-2:10","PC3","METHYLENE BLUE","BRD-K16406336","trt_cp",10,"6","h","CPC006_PC3_6H","1","NULL","methylene-blue","epsilon","population"
"162","326013",-0.746158340636868,0.033,0.188913043478261,"LJP001_MCF10A_24H:BRD-K94294671-003-02-1:0.4","MCF10A","OSI-027","BRD-K94294671","trt_cp",0.4,"24","h","LJP001_MCF10A_24H","1","NULL","OSI-027","epsilon","population"
"20","111544",-0.740666082383874,0.037,0.208785714285714,"CVD001_HUH7_24H:BRD-K47869605-001-18-9:2.5","HUH7","-666","BRD-K47869605","trt_cp",2.5,"24","h","CVD001_HUH7_24H","1","NULL","podophyllotoxin","epsilon","population"
"388","96423",-0.739322231960269,0.038,0.211408450704225,"CPC018_HT29_6H:BRD-K03015355-003-01-5:10","HT29","-666","BRD-K03015355","trt_cp",10,"6","h","CPC018_HT29_6H","1","NULL","forskolin","epsilon","population"
"11","103714",-0.733479404031551,0.041,0.224930555555556,"CPD001_PC3_24H:BRD-K21680192-300-11-0:10","PC3","Mitoxantrone dihydrochloride","BRD-K21680192","trt_cp",10,"24","h","CPD001_PC3_24H","1","NULL","mitoxantrone","epsilon","population"
"387","96274",-0.731726555652936,0.042,0.227260273972603,"CPC018_HT29_6H:BRD-A46747628-001-01-9:10","HT29","-666","BRD-A46747628","trt_cp",10,"6","h","CPC018_HT29_6H","1","NULL","ouabain","epsilon","population"
"365","8861",-0.730353491089687,0.043,0.229527027027027,"CPC004_HEPG2_6H:BRD-K51677086-001-07-0:10","HEPG2","ERYTHROMYCIN ETHYLSUCCINATE","BRD-K51677086","trt_cp",10,"6","h","CPC004_HEPG2_6H","1","NULL","erythromycin","epsilon","population"
"282","59185",-0.726497224656734,0.045,0.237,"CPC012_HA1E_6H:BRD-A59985574-003-01-9:10","HA1E","T542500","BRD-A59985574","trt_cp",10,"6","h","CPC012_HA1E_6H","1","NULL","topotecan","epsilon","population"
"371","902",-0.721969033011978,0.047,0.241103896103896,"CPC005_A375_24H:BRD-A72711497-236-02-0:10","A375","LASALOCID SODIUM","BRD-A72711497","trt_cp",10,"24","h","CPC005_A375_24H","1","NULL","lasalocid","epsilon","population"
"390","9851",-0.721618463336255,0.047,0.241103896103896,"CPC005_HT29_24H:BRD-A15034104-002-03-6:10","HT29","Bergenin monohydrate","BRD-A15034104","trt_cp",10,"24","h","CPC005_HT29_24H","1","NULL","bergenin","epsilon","population"
"328","77477",-0.718667835232252,0.049,0.243827160493827,"CPC016_HT29_6H:BRD-K06543683-066-01-3:10","HT29","-666","BRD-K06543683","trt_cp",10,"6","h","CPC016_HT29_6H","1","NULL","bisindolylmaleimide-ix","epsilon","population"
"228","435525",-0.718609406952965,0.05,0.243827160493827,"HOG003_A549_6H:BRD-K68202742-001-10-8:10","A549","trichostatin-a","BRD-K68202742","trt_cp",10,"6","h","HOG003_A549_6H","1","NULL","trichostatin-a","epsilon","population"
"138","321688",-0.717470055506865,0.05,0.243827160493827,"LJP001_BT20_6H:BRD-K19540840-001-04-5:2","BT20","AZD0530:Saracatinib","BRD-K19540840","trt_cp",2,"6","h","LJP001_BT20_6H","1","NULL","saracatinib","epsilon","population"
"297","6977",-0.715249780893953,0.05,0.243827160493827,"CPC003_HCC515_6H:BRD-A34205397-001-03-7:10","HCC515","SULOCTIDIL","BRD-A34205397","trt_cp",10,"6","h","CPC003_HCC515_6H","1","NULL","suloctidil","epsilon","population"
"374","9059",-0.714227286006427,0.052,0.250487804878049,"CPC004_HEPG2_6H:BRD-K80431395-001-02-4:10","HEPG2","TRICIRIBINE","BRD-K80431395","trt_cp",10,"6","h","CPC004_HEPG2_6H","1","NULL","triciribine","epsilon","population"
"286","61382",-0.710721589249197,0.054,0.256987951807229,"CPC010_HEPG2_6H:BRD-A75769826-311-05-1:10","HEPG2","sdm25n","BRD-A75769826","trt_cp",10,"6","h","CPC010_HEPG2_6H","1","NULL","SDM25N","epsilon","population"
"225","435282",-0.708150744960561,0.057,0.268035714285714,"HOG002_A549_6H:BRD-K15108141-001-01-7:3.7","A549","gemcitabine","BRD-K15108141","trt_cp",3.7,"6","h","HOG002_A549_6H","1","NULL","gemcitabine","epsilon","population"
"119","26716",-0.696640373940987,0.065,0.29625,"CPC006_MCF7_24H:BRD-A56592690-001-01-9:30","MCF7","PX12","BRD-A56592690","trt_cp",30,"24","h","CPC006_MCF7_24H","1","NULL","PX-12","epsilon","population"
"348","83251",-0.695238095238095,0.066,0.29625,"CPC015_NPC_24H:BRD-K71266197-236-01-9:10","NPC","-666","BRD-K71266197","trt_cp",10,"24","h","CPC015_NPC_24H","1","NULL","PSB-06126","epsilon","population"
"190","332862",-0.694186386210926,0.066,0.29625,"NMH002_FIBRNPC_24H:BRD-A50287119-001-01-5:10","FIBRNPC","Rapamycin","BRD-A50287119","trt_cp",10,"24","h","NMH002_FIBRNPC_24H","1","NULL","sirolimus","epsilon","population"
"283","59272",-0.690768331872626,0.066,0.29625,"CPC010_HA1E_6H:BRD-K43736954-001-18-1:10","HA1E","cortisone","BRD-K43736954","trt_cp",10,"6","h","CPC010_HA1E_6H","1","NULL","cortisone","epsilon","population"
"211","3673",-0.688723342097575,0.067,0.297359550561798,"CPC001_HA1E_24H:BRD-K68336408-001-03-4:10","HA1E","AG-1478","BRD-K68336408","trt_cp",10,"24","h","CPC001_HA1E_24H","1","NULL","tyrphostin-AG-1478","epsilon","population"
"237","441010",-0.687525562372188,0.068,0.298444444444445,"HOG002_MCF7_24H:BRD-K12762134-001-01-3:1.2333","MCF7","-666","BRD-K12762134","trt_cp",1.2333,"24","h","HOG002_MCF7_24H","1","NULL","XAV-939","epsilon","population"
"50","151995",-0.685655857434999,0.07,0.303846153846154,"DOS050_MCF7_24H:BRD-A75409952:10","MCF7","wortmannin","BRD-A75409952","trt_cp",10,"24","h","DOS050_MCF7_24H","1","NULL","wortmannin","epsilon","population"
"305","72050",-0.684808647385335,0.071,0.304836956521739,"CPC014_A375_6H:BRD-K19687926-379-01-7:10","A375","HY-50898","BRD-K19687926","trt_cp",10,"6","h","CPC014_A375_6H","1","NULL","lapatinib","epsilon","population"
"385","94922",-0.683172655565294,0.073,0.306755319148936,"CPC020_HCC515_6H:BRD-K55044200-001-11-2:10","HCC515","amoxicillin crystalline","BRD-K55044200","trt_cp",10,"6","h","CPC020_HCC515_6H","1","NULL","amoxicillin","epsilon","population"
"243","442419",-0.681069237510955,0.073,0.306755319148936,"HOG001_MCF7_24H:BRD-K68202742-001-10-8:0.1235","MCF7","trichostatin-a","BRD-K68202742","trt_cp",0.1235,"24","h","HOG001_MCF7_24H","1","NULL","trichostatin-a","epsilon","population"
"2","100826",-0.676365761028338,0.075,0.311842105263158,"CPD001_MCF7_24H:BRD-K77685957-300-06-7:10","MCF7","Dequalinium dichloride","BRD-K77685957","trt_cp",10,"24","h","CPD001_MCF7_24H","1","NULL","dequalinium","epsilon","population"
"12","103944",-0.674466841951505,0.076,0.312708333333333,"CPC020_PC3_24H:BRD-K21680192-003-15-1:10","PC3","mitoxantrone","BRD-K21680192","trt_cp",10,"24","h","CPC020_PC3_24H","1","NULL","mitoxantrone","epsilon","population"
"57","166122",-0.669909436167105,0.08,0.316782178217822,"ERG011_VCAP_6H:BRD-K82261406-001-03-8:2","VCAP","EWS-FLI-Inhibitor","BRD-K82261406","trt_cp",2,"6","h","ERG011_VCAP_6H","1","NULL","anisomycin","epsilon","population"
"154","324480",-0.66815658778849,0.081,0.316782178217822,"LJP001_HS578T_24H:BRD-K99545815-001-02-2:10","HS578T","PF562271","BRD-K99545815","trt_cp",10,"24","h","LJP001_HS578T_24H","1","NULL","PF-562271","epsilon","population"
"346","8273",-0.666403739409874,0.081,0.316782178217822,"CPC004_HCC515_24H:BRD-A27887842-001-03-2:10","HCC515","PREDNISOLONE","BRD-A27887842","trt_cp",10,"24","h","CPC004_HCC515_24H","1","NULL","prednisolone","epsilon","population"
"136","3160",-0.665673385918785,0.081,0.316782178217822,"CPC002_HA1E_6H:BRD-K97399794-001-08-8:10","HA1E","Quercetin","BRD-K97399794","trt_cp",10,"6","h","CPC002_HA1E_6H","1","NULL","quercetin","epsilon","population"
"272","54292",-0.662605901256208,0.081,0.316782178217822,"CPC010_A375_6H:BRD-K10860596-003-06-3:10","A375","granisetron hcl","BRD-K10860596","trt_cp",10,"6","h","CPC010_A375_6H","1","NULL","granisetron","epsilon","population"
"241","441892",-0.658691206543967,0.082,0.317549019607843,"HOG003_MCF7_24H:BRD-K60230970-001-04-3:10.5126","MCF7","MG-132","BRD-K60230970","trt_cp",10.5126,"24","h","HOG003_MCF7_24H","1","NULL","MG-132","epsilon","population"
"16","1064",-0.648495471808355,0.094,0.357019230769231,"CPC005_A375_24H:BRD-A62021152-003-01-8:10","A375","WAY 161503 hydrochloride","BRD-A62021152","trt_cp",10,"24","h","CPC005_A375_24H","1","NULL","WAY-161503","epsilon","population"
"196","336164",-0.647093193105463,0.094,0.357019230769231,"MUC.CP003_MCF7_24H:BRD-K81418486-001-13-7:3.3333","MCF7","-666","BRD-K81418486","trt_cp",3.3333,"24","h","MUC.CP003_MCF7_24H","1","NULL","vorinostat","epsilon","population"
"273","54481",-0.646450482033304,0.095,0.357380952380952,"CPC011_A375_6H:BRD-K93880783-001-20-9:10","A375","stavudine","BRD-K93880783","trt_cp",10,"6","h","CPC011_A375_6H","1","NULL","stavudine","epsilon","population"
"369","8981",-0.637744668419515,0.101,0.37285046728972,"CPC004_HEPG2_6H:BRD-K75958195-037-04-5:10","HEPG2","PIZOTYLINE MALATE","BRD-K75958195","trt_cp",10,"6","h","CPC004_HEPG2_6H","1","NULL","pizotifen","epsilon","population"
"96","21821",-0.636167104878761,0.101,0.37285046728972,"CPC006_HCC15_6H:BRD-K95609758-001-02-9:10","HCC15","-666","BRD-K95609758","trt_cp",10,"6","h","CPC006_HCC15_6H","1","NULL","BMS-191011","epsilon","population"
"330","7749",-0.631580484954718,0.104,0.376880733944954,"CPC004_HCC515_24H:BRD-K66296774-001-02-0:10","HCC515","FLUVASTATIN","BRD-K66296774","trt_cp",10,"24","h","CPC004_HCC515_24H","1","NULL","fluvastatin","epsilon","population"
"219","432479",-0.630441133508618,0.104,0.376880733944954,"PCLB001_A375_6H:BRD-K07572174-001-22-0:10","A375","curcumin","BRD-K07572174","trt_cp",10,"6","h","PCLB001_A375_6H","1","NULL","curcumin","epsilon","population"
"121","27121",-0.629360210341805,0.105,0.377045454545455,"CPC006_MDST8_6H:BRD-K68336408-001-04-2:56.78","MDST8","Tyrphostin AG 1478","BRD-K68336408","trt_cp",56.78,"6","h","CPC006_MDST8_6H","1","NULL","tyrphostin-AG-1478","epsilon","population"
"200","34",-0.627052293309962,0.106,0.377207207207207,"CPC004_A375_6H:BRD-A72758037-001-01-8:10","A375","ASIATIC ACID","BRD-A72758037","trt_cp",10,"6","h","CPC004_A375_6H","1","NULL","asiatic-acid","epsilon","population"
"306","72111",-0.624861232836693,0.108,0.380892857142857,"CPC014_A375_6H:BRD-K13514097-001-01-2:10","A375","S1120","BRD-K13514097","trt_cp",10,"6","h","CPC014_A375_6H","1","NULL","everolimus","epsilon","population"
"167","327264",-0.622903885480573,0.111,0.388008849557522,"LJP001_MCF7_24H:BRD-K13390322-001-02-2:2","MCF7","AT-7519:AT 7519","BRD-K13390322","trt_cp",2,"24","h","LJP001_MCF7_24H","1","NULL","AT-7519","epsilon","population"
"65","17104",-0.620040899795501,0.112,0.388070175438597,"CPC006_A375_6H:BRD-K41859756-001-01-9:10","A375","-666","BRD-K41859756","trt_cp",10,"6","h","CPC006_A375_6H","1","NULL","NVP-AUY922","epsilon","population"
"233","439659",-0.618112766579024,0.113,0.388130434782609,"DOSBIO001_HT29_24H:BRD-A19500257:0.37037","HT29","geldanamycin","BRD-A19500257","trt_cp",0.37037,"24","h","DOSBIO001_HT29_24H","1","NULL","geldanamycin","epsilon","population"
"155","324533",-0.615892491966112,0.117,0.395,"LJP001_HS578T_24H:BRD-K20285085-001-03-0:2","HS578T","R406","BRD-K20285085","trt_cp",2,"24","h","LJP001_HS578T_24H","1","NULL","fostamatinib","epsilon","population"
"117","25978",-0.615571136430032,0.117,0.395,"CPC005_MCF7_6H:BRD-A76941896-003-02-0:10","MCF7","Doxorubicin hydrochloride","BRD-A76941896","trt_cp",10,"6","h","CPC005_MCF7_6H","1","NULL","doxorubicin","epsilon","population"
"290","66118",-0.61335086181712,0.119,0.398319327731092,"CPC010_PC3_6H:BRD-K70578146-001-03-4:10","PC3","dactinomycin","BRD-K70578146","trt_cp",10,"6","h","CPC010_PC3_6H","1","NULL","dactinomycin","epsilon","population"
"88","20304",-0.610458661992404,0.12,0.398319327731092,"CPC006_COV644_6H:BRD-A79768653-001-02-1:10","COV644","sirolimus","BRD-A79768653","trt_cp",10,"6","h","CPC006_COV644_6H","1","NULL","sirolimus","epsilon","population"
"69","17535",-0.603622553315805,0.122,0.401583333333333,"CPC006_A375_24H:BRD-K88560311-011-02-2:10","A375","AG-014699 (PF-01367338)","BRD-K88560311","trt_cp",10,"24","h","CPC006_A375_24H","1","NULL","rucaparib","epsilon","population"
"244","442421",-0.602629272567923,0.125,0.408057851239669,"HOG001_MCF7_24H:BRD-K68202742-001-10-8:0.013","MCF7","trichostatin-a","BRD-K68202742","trt_cp",0.013,"24","h","HOG001_MCF7_24H","1","NULL","trichostatin-a","epsilon","population"
"124","28202",-0.599474145486415,0.13,0.41281954887218,"CPC006_NCIH2073_6H:BRD-K73789395-001-06-5:102.71","NCIH2073","ZM 336372","BRD-K73789395","trt_cp",102.71,"6","h","CPC006_NCIH2073_6H","1","NULL","ZM-336372","epsilon","population"
"18","11133",-0.593572889278411,0.132,0.41281954887218,"CPC004_PC3_6H:BRD-A22032524-074-04-0:10","PC3","AMLODIPINE BESYLATE","BRD-A22032524","trt_cp",10,"6","h","CPC004_PC3_6H","1","NULL","amlodipine","epsilon","population"
"71","17656",-0.591644756061934,0.132,0.41281954887218,"CPC006_A375_24H:BRD-K92991072-001-02-3:10","A375","PAC 1","BRD-K92991072","trt_cp",10,"24","h","CPC006_A375_24H","1","NULL","PAC-1","epsilon","population"
"49","1502",-0.588869412795793,0.134,0.41281954887218,"CPC005_A549_24H:BRD-K54095730-001-01-5:10","A549","CMPD-1","BRD-K54095730","trt_cp",10,"24","h","CPC005_A549_24H","1","NULL","CMPD-1","epsilon","population"
"318","74194",-0.585305287759275,0.135,0.41281954887218,"CPC014_A549_24H:BRD-K49669041-001-02-7:10","A549","HY-11005","BRD-K49669041","trt_cp",10,"24","h","CPC014_A549_24H","1","NULL","BX-912","epsilon","population"
"275","54546",-0.584925503943909,0.135,0.41281954887218,"CPC011_A375_6H:BRD-A75409952:10","A375","wortmannin","BRD-A75409952","trt_cp",10,"6","h","CPC011_A375_6H","1","NULL","wortmannin","epsilon","population"
"240","441832",-0.583756938358165,0.135,0.41281954887218,"HOG003_MCF7_24H:BRD-K94920105-001-01-3:10","MCF7","DR-2313","BRD-K94920105","trt_cp",10,"24","h","HOG003_MCF7_24H","1","NULL","DR-2313","epsilon","population"
"28","115202",-0.579491673970202,0.138,0.41281954887218,"CPD002_PC3_24H:BRD-A19952358-001-07-1:10","PC3","Closantel","BRD-A19952358","trt_cp",10,"24","h","CPD002_PC3_24H","1","NULL","closantel","epsilon","population"
"149","323352",-0.578995033596261,0.138,0.41281954887218,"LJP001_HS578T_6H:BRD-K57080016-001-08-4:0.4","HS578T","AZD6244:Selumetinib, Array142886","BRD-K57080016","trt_cp",0.4,"6","h","LJP001_HS578T_6H","1","NULL","selumetinib","epsilon","population"
"333","78856",-0.577563540753725,0.138,0.41281954887218,"CPC016_MCF7_6H:BRD-A82656074-003-01-2:10","MCF7","-666","BRD-A82656074","trt_cp",10,"6","h","CPC016_MCF7_6H","1","NULL","naltrindole","epsilon","population"
"47","149737",-0.577212971078002,0.138,0.41281954887218,"DOS049_HT29_24H:BRD-A19037878:10","HT29","trichostatin-a","BRD-A19037878","trt_cp",10,"24","h","DOS049_HT29_24H","1","NULL","trichostatin-a","epsilon","population"
"126","29396",-0.575576979257961,0.139,0.41281954887218,"CPC006_OV7_6H:BRD-A13122391-001-01-9:0.08","OV7","16-HYDROXYTRIPTOLIDE","BRD-A13122391","trt_cp",0.08,"6","h","CPC006_OV7_6H","1","NULL","triptolide","epsilon","population"
"249","445270",-0.569149868536372,0.144,0.421333333333333,"DOSBIO001_NEU_24H:BRD-A75409952:1.11111","NEU","wortmannin","BRD-A75409952","trt_cp",1.11111,"24","h","DOSBIO001_NEU_24H","1","NULL","wortmannin","epsilon","population"
"296","69312",-0.568740870581361,0.144,0.421333333333333,"CPC009_VCAP_6H:BRD-A67981824-236-01-2:10","VCAP","cefotaxime","BRD-A67981824","trt_cp",10,"6","h","CPC009_VCAP_6H","1","NULL","cefotaxime","epsilon","population"
"395","99987",-0.565293602103418,0.15,0.425598591549296,"CPC018_MCF7_24H:BRD-K33882852-003-01-0:10","MCF7","-666","BRD-K33882852","trt_cp",10,"24","h","CPC018_MCF7_24H","1","NULL","ZK-93423","epsilon","population"
"334","79211",-0.56432953549518,0.15,0.425598591549296,"CPC014_MCF7_6H:BRD-K56957086-001-02-2:10","MCF7","-666","BRD-K56957086","trt_cp",10,"6","h","CPC014_MCF7_6H","1","NULL","dacinostat","epsilon","population"
"66","173",-0.563978965819457,0.15,0.425598591549296,"CPC004_A375_6H:BRD-A94756469-001-03-9:10","A375","DIGOXIN","BRD-A94756469","trt_cp",10,"6","h","CPC004_A375_6H","1","NULL","digoxin","epsilon","population"
"217","4106",-0.559275489336839,0.151,0.425598591549296,"CPC001_HA1E_24H:BRD-K23478508-001-03-7:10","HA1E","Digoxin","BRD-K23478508","trt_cp",10,"24","h","CPC001_HA1E_24H","1","NULL","digoxin","epsilon","population"
"210","365945",-0.55790242477359,0.151,0.425598591549296,"RAD001_PC3_6H:BRD-K37890730-001-10-2:10","PC3","CAMPTOTHECIN","BRD-K37890730","trt_cp",10,"6","h","RAD001_PC3_6H","1","NULL","camptothecin","epsilon","population"
"280","5910",-0.556295647093193,0.153,0.425598591549296,"CPC002_HCC515_6H:BRD-K18619710-001-03-7:10","HCC515","Digoxigenin","BRD-K18619710","trt_cp",10,"6","h","CPC002_HCC515_6H","1","NULL","digoxigenin","epsilon","population"
"23","112754",-0.553549517966696,0.153,0.425598591549296,"DEB001_MCF7_6H:BRD-A19500257-001-04-7:10","MCF7","geldanamycin","BRD-A19500257","trt_cp",10,"6","h","DEB001_MCF7_6H","1","NULL","geldanamycin","epsilon","population"
"35","12890",-0.549284253578732,0.158,0.436433566433566,"CPC003_PC3_24H:BRD-K71059170-001-02-5:10","PC3","Cefixime","BRD-K71059170","trt_cp",10,"24","h","CPC003_PC3_24H","1","NULL","cefixime","epsilon","population"
"216","4095",-0.545749342681858,0.162,0.444375,"CPC002_HA1E_24H:BRD-K98521173-001-03-8:10","HA1E","Deoxycorticosterone","BRD-K98521173","trt_cp",10,"24","h","CPC002_HA1E_24H","1","NULL","desoxycortone","epsilon","population"
"258","49155",-0.542623429739994,0.167,0.451428571428571,"CPC006_SW948_6H:BRD-A62025033-001-01-8:10","SW948","temsirolimus [CI779]","BRD-A62025033","trt_cp",10,"6","h","CPC006_SW948_6H","1","NULL","temsirolimus","epsilon","population"
"148","323341",-0.541191936897458,0.168,0.451428571428571,"LJP001_HS578T_6H:BRD-K19540840-001-04-5:0.08","HS578T","AZD0530:Saracatinib","BRD-K19540840","trt_cp",0.08,"6","h","LJP001_HS578T_6H","1","NULL","saracatinib","epsilon","population"
"24","113064",-0.540929009640666,0.168,0.451428571428571,"CPD003_MCF7_24H:BRD-K22901619-001-01-9:10","MCF7","Norgestimate","BRD-K22901619","trt_cp",10,"24","h","CPD003_MCF7_24H","1","NULL","norgestimate","epsilon","population"
"100","23458",-0.533011977797254,0.178,0.475067567567568,"CPC006_HEC108_6H:BRD-K59597909-001-10-1:10","HEC108","Phenothiazine","BRD-K59597909","trt_cp",10,"6","h","CPC006_HEC108_6H","1","NULL","phenothiazine","epsilon","population"
"159","325434",-0.527782646801052,0.183,0.479096774193548,"LJP002_MCF10A_6H:BRD-K94176593-001-03-7:10","MCF10A","TWS119","BRD-K94176593","trt_cp",10,"6","h","LJP002_MCF10A_6H","1","NULL","TWS-119","epsilon","population"
"78","18136",-0.523751095530237,0.185,0.479096774193548,"CPC006_A549_6H:BRD-A19037878:10","A549","trichostatin-a","BRD-A19037878","trt_cp",10,"6","h","CPC006_A549_6H","1","NULL","trichostatin-a","epsilon","population"
"377","91870",-0.52150160677768,0.188,0.479096774193548,"CPC020_A549_6H:BRD-K81418486:10","A549","vorinostat","BRD-K81418486","trt_cp",10,"6","h","CPC020_A549_6H","1","NULL","vorinostat","epsilon","population"
"380","92648",-0.520917323984809,0.188,0.479096774193548,"CPC017_A549_24H:BRD-K62289640-003-01-9:10","A549","-666","BRD-K62289640","trt_cp",10,"24","h","CPC017_A549_24H","1","NULL","lylamine","epsilon","population"
"198","337744",-0.520040899795501,0.188,0.479096774193548,"MUC.CP004_MCF7_24H:BRD-K77987382-001-08-2:40","MCF7","mebendazole","BRD-K77987382","trt_cp",40,"24","h","MUC.CP004_MCF7_24H","1","NULL","mebendazole","epsilon","population"
"383","94810",-0.518141980718668,0.188,0.479096774193548,"CPC020_HCC515_6H:BRD-K79602928-003-10-8:10","HCC515","-666","BRD-K79602928","trt_cp",10,"6","h","CPC020_HCC515_6H","1","NULL","metformin","epsilon","population"
"332","78633",-0.518083552439381,0.188,0.479096774193548,"CPC015_HT29_6H:BRD-A06352418-001-15-0:10","HT29","TERFENADINE","BRD-A06352418","trt_cp",10,"6","h","CPC015_HT29_6H","1","NULL","terfenadine","epsilon","population"
"14","1049",-0.512649722465673,0.198,0.501346153846154,"CPC005_A375_24H:BRD-K95739795-001-01-1:10","A375","Tetrabenazine","BRD-K95739795","trt_cp",10,"24","h","CPC005_A375_24H","1","NULL","tetrabenazine","epsilon","population"
"79","18280",-0.504674262342974,0.205,0.515764331210191,"CPC006_A549_24H:BRD-K47983010-001-02-1:10","A549","BX-795","BRD-K47983010","trt_cp",10,"24","h","CPC006_A549_24H","1","NULL","BX-795","epsilon","population"
"222","432959",-0.502220274612913,0.207,0.516729559748428,"HOG002_A549_24H:BRD-K41859756-001-01-9:3.33","A549","-666","BRD-K41859756","trt_cp",3.33,"24","h","HOG002_A549_24H","1","NULL","NVP-AUY922","epsilon","population"
"345","82706",-0.501840490797546,0.208,0.516729559748428,"CPC016_NPC_24H:BRD-A41995253-001-03-7:10","NPC","-666","BRD-A41995253","trt_cp",10,"24","h","CPC016_NPC_24H","1","NULL","brucine","epsilon","population"
"339","80446",-0.49918200408998,0.213,0.522577639751553,"CPC015_MCF7_24H:BRD-K19352500-070-05-8:10","MCF7","-666","BRD-K19352500","trt_cp",10,"24","h","CPC015_MCF7_24H","1","NULL","prochlorperazine","epsilon","population"
"169","327886",-0.498422436459246,0.213,0.522577639751553,"LJP001_MCF7_24H:BRD-A45498368-001-03-0:0.08","MCF7","WYE-125132","BRD-A45498368","trt_cp",0.08,"24","h","LJP001_MCF7_24H","1","NULL","WYE-125132","epsilon","population"
"101","23530",-0.49617294770669,0.215,0.524228395061728,"CPC006_HEC108_6H:BRD-A19500257:10","HEC108","geldanamycin","BRD-A19500257","trt_cp",10,"6","h","CPC006_HEC108_6H","1","NULL","geldanamycin","epsilon","population"
"195","335802",-0.491294186386211,0.222,0.537975460122699,"MUC.CP003_MCF7_24H:BRD-K02407574-001-04-8:0.3704","MCF7","-666","BRD-K02407574","trt_cp",0.3704,"24","h","MUC.CP003_MCF7_24H","1","NULL","parbendazole","epsilon","population"
"192","334218",-0.487759275489337,0.226,0.541030303030303,"MUC.CP006_MCF7_6H:BRD-K49049886-001-03-8:20","MCF7","CGS-15943","BRD-K49049886","trt_cp",20,"6","h","MUC.CP006_MCF7_6H","1","NULL","CGS-15943","epsilon","population"
"379","92637",-0.486882851300029,0.226,0.541030303030303,"CPC017_A549_24H:BRD-K60762818-003-15-3:10","A549","-666","BRD-K60762818","trt_cp",10,"24","h","CPC017_A549_24H","1","NULL","desipramine","epsilon","population"
"341","80559",-0.477242185217645,0.237,0.561934523809524,"CPC016_MCF7_24H:BRD-K39746403-084-03-1:10","MCF7","-666","BRD-K39746403","trt_cp",10,"24","h","CPC016_MCF7_24H","1","NULL","erythromycin","epsilon","population"
"1","10020",-0.47662868828513,0.238,0.561934523809524,"CPC005_HT29_24H:BRD-A83937277-001-03-0:10","HT29","Mephenytoin","BRD-A83937277","trt_cp",10,"24","h","CPC005_HT29_24H","1","NULL","mephenytoin","epsilon","population"
"221","432499",-0.47548933683903,0.239,0.561934523809524,"BRAF001_A375_6H:BRD-K36862742-001-19-9:10","A375","hydro-flumethiazide","BRD-K36862742","trt_cp",10,"6","h","BRAF001_A375_6H","1","NULL","hydroflumethiazide","epsilon","population"
"338","80268",-0.465819456617003,0.249,0.577828571428571,"CPC015_MCF7_24H:BRD-A68930007-001-03-1:10","MCF7","-666","BRD-A68930007","trt_cp",10,"24","h","CPC015_MCF7_24H","1","NULL","ouabain","epsilon","population"
"259","49467",-0.465089103125913,0.249,0.577828571428571,"CPC006_T3M10_6H:BRD-K68185022-001-06-4:70.07","T3M10","Ursolic Acid","BRD-K68185022","trt_cp",70.07,"6","h","CPC006_T3M10_6H","1","NULL","ursolic-acid","epsilon","population"
"260","5007",-0.463862109260882,0.253,0.577828571428571,"CPC004_HA1E_24H:BRD-K82941592-238-02-9:10","HA1E","ROSUVASTATIN CALCIUM","BRD-K82941592","trt_cp",10,"24","h","CPC004_HA1E_24H","1","NULL","rosuvastatin","epsilon","population"
"323","76050",-0.462255331580485,0.254,0.577828571428571,"CPC014_HCC515_6H:BRD-K50168500-001-01-2:10","HCC515","S1019","BRD-K50168500","trt_cp",10,"6","h","CPC014_HCC515_6H","1","NULL","canertinib","epsilon","population"
"335","79376",-0.462226117440841,0.254,0.577828571428571,"CPC015_MCF7_6H:BRD-K81839095-001-04-6:10","MCF7","-666","BRD-K81839095","trt_cp",10,"6","h","CPC015_MCF7_6H","1","NULL","estrone","epsilon","population"
"186","331062",-0.461115980134385,0.255,0.577828571428571,"LJP002_SKBR3_24H:BRD-K02113016-001-05-5:10","SKBR3","KU-0059436;AZD2281;Olaparib","BRD-K02113016","trt_cp",10,"24","h","LJP002_SKBR3_24H","1","NULL","olaparib","epsilon","population"
"343","82611",-0.459450774174701,0.256,0.577828571428571,"CPC013_NEU_24H:BRD-K68202742-001-05-8:10","NEU","trichostatin-a","BRD-K68202742","trt_cp",10,"24","h","CPC013_NEU_24H","1","NULL","trichostatin-a","epsilon","population"
"349","84027",-0.454279871457786,0.263,0.590255681818182,"CPC014_NPC_24H:BRD-A75409952:10","NPC","wortmannin","BRD-A75409952","trt_cp",10,"24","h","CPC014_NPC_24H","1","NULL","wortmannin","epsilon","population"
"118","260",-0.442798714577856,0.274,0.611468926553672,"CPC005_A375_6H:BRD-K66093087-001-02-3:10","A375","FGIN-1-43","BRD-K66093087","trt_cp",10,"6","h","CPC005_A375_6H","1","NULL","FGIN-1-43","epsilon","population"
"361","87735",-0.437131171487,0.285,0.632443820224719,"CPC014_VCAP_6H:BRD-K68174511-001-01-7:10","VCAP","-666","BRD-K68174511","trt_cp",10,"6","h","CPC014_VCAP_6H","1","NULL","torin-2","epsilon","population"
"278","58155",-0.435436751387672,0.29,0.639944134078212,"CPC012_ASC_24H:BRD-A75409952:10","ASC","wortmannin","BRD-A75409952","trt_cp",10,"24","h","CPC012_ASC_24H","1","NULL","wortmannin","epsilon","population"
"268","52694",-0.433274905054046,0.292,0.640777777777778,"CPC006_VCAP_24H:BRD-K76703230-001-01-3:0.31","VCAP","YM-155","BRD-K76703230","trt_cp",0.31,"24","h","CPC006_VCAP_24H","1","NULL","YM-155","epsilon","population"
"134","3071",-0.429272567922875,0.295,0.64378453038674,"CPC003_HA1E_6H:BRD-K00312224-001-03-8:10","HA1E","PPT","BRD-K00312224","trt_cp",10,"6","h","CPC003_HA1E_6H","1","NULL","PPT","epsilon","population"
"255","453999",-0.426117440841367,0.3,0.645591397849462,"ERG012_VCAP_6H:BRD-K81418486-001-15-2:0.08","VCAP","vorinostat","BRD-K81418486","trt_cp",0.08,"6","h","ERG012_VCAP_6H","1","NULL","vorinostat","epsilon","population"
"185","330758",-0.425387087350278,0.3,0.645591397849462,"LJP001_SKBR3_24H:BRD-K19540840-001-04-5:0.4","SKBR3","AZD0530:Saracatinib","BRD-K19540840","trt_cp",0.4,"24","h","LJP001_SKBR3_24H","1","NULL","saracatinib","epsilon","population"
"204","354697",-0.424656733859188,0.301,0.645591397849462,"NMH002_NEU_24H:BRD-K89732114-300-10-5:10","NEU","Trifluoperazine.2HCl","BRD-K89732114","trt_cp",10,"24","h","NMH002_NEU_24H","1","NULL","trifluoperazine","epsilon","population"
"76","17894",-0.421793748174116,0.303,0.645591397849462,"CPC006_A549_6H:BRD-K06854232-001-03-3:10","A549","AM580","BRD-K06854232","trt_cp",10,"6","h","CPC006_A549_6H","1","NULL","AM-580","epsilon","population"
"110","2450",-0.419865614957639,0.304,0.645591397849462,"CPC004_HA1E_6H:BRD-K09602097-001-04-5:10","HA1E","Forskolin","BRD-K09602097","trt_cp",10,"6","h","CPC004_HA1E_6H","1","NULL","forskolin","epsilon","population"
"298","700",-0.417002629272568,0.307,0.645793650793651,"CPC005_A375_6H:BRD-K48300629-001-03-8:10","A375","Zonisamide","BRD-K48300629","trt_cp",10,"6","h","CPC005_A375_6H","1","NULL","zonisamide","epsilon","population"
"68","17529",-0.41262050832603,0.308,0.645793650793651,"CPC006_A375_24H:BRD-K56301217-001-01-7:11.1","A375","A112550.cdx","BRD-K56301217","trt_cp",11.1,"24","h","CPC006_A375_24H","1","NULL","ABT-737","epsilon","population"
"248","4451",-0.410604732690622,0.309,0.645793650793651,"CPC002_HA1E_24H:BRD-K22010301-001-01-2:10","HA1E","JLK 6","BRD-K22010301","trt_cp",10,"24","h","CPC002_HA1E_24H","1","NULL","JLK-6","epsilon","population"
"294","66396",-0.407508033888402,0.315,0.654868421052632,"CPC011_PC3_6H:BRD-A41450521-075-09-0:10","PC3","tosufloxacin","BRD-A41450521","trt_cp",10,"6","h","CPC011_PC3_6H","1","NULL","tosufloxacin","epsilon","population"
"168","32739",-0.403359626059012,0.32,0.656968911917098,"CPC006_SKM1_6H:BRD-K76964878-001-01-8:24","SKM1","EX 527","BRD-K76964878","trt_cp",24,"6","h","CPC006_SKM1_6H","1","NULL","EX-527","epsilon","population"
"302","71176",-0.402103418054338,0.32,0.656968911917098,"CPC015_A375_6H:BRD-A34205397-001-03-7:10","A375","-666","BRD-A34205397","trt_cp",10,"6","h","CPC015_A375_6H","1","NULL","suloctidil","epsilon","population"
"13","104309",-0.401402278702892,0.321,0.656968911917098,"CPC017_PHH_24H:BRD-K15791587-003-01-7:10","PHH","-666","BRD-K15791587","trt_cp",10,"24","h","CPC017_PHH_24H","1","NULL","L-733060","epsilon","population"
"34","12134",-0.397896581945662,0.325,0.658333333333333,"CPC004_PC3_6H:BRD-K96799727-001-01-7:10","PC3","Pifithrin- ?","BRD-K96799727","trt_cp",10,"6","h","CPC004_PC3_6H","1","NULL","pifithrin-mu","epsilon","population"
"287","63454",-0.396085305287759,0.325,0.658333333333333,"CPC011_MCF7_6H:BRD-K64994968-001-23-4:10","MCF7","progesterone","BRD-K64994968","trt_cp",10,"6","h","CPC011_MCF7_6H","1","NULL","progesterone","epsilon","population"
"276","55835",-0.389132340052585,0.332,0.669081632653061,"CPC011_A549_6H:BRD-K96471533-001-04-1:10","A549","nitazoxanide","BRD-K96471533","trt_cp",10,"6","h","CPC011_A549_6H","1","NULL","nitazoxanide","epsilon","population"
"67","17359",-0.377621969033012,0.342,0.679088669950739,"CPC006_A375_6H:BRD-K12502280-001-01-5:11.1","A375","TG101348","BRD-K12502280","trt_cp",11.1,"6","h","CPC006_A375_6H","1","NULL","TG-101348","epsilon","population"
"285","61281",-0.369266725094946,0.348,0.679088669950739,"CPC013_HEPG2_6H:BRD-K31553034-001-01-4:10","HEPG2","S1456","BRD-K31553034","trt_cp",10,"6","h","CPC013_HEPG2_6H","1","NULL","zibotentan","epsilon","population"
"350","84351",-0.367455448437043,0.349,0.679088669950739,"CPC014_PC3_6H:BRD-K94294671-003-01-3:10","PC3","A-1065","BRD-K94294671","trt_cp",10,"6","h","CPC014_PC3_6H","1","NULL","OSI-027","epsilon","population"
"180","329458",-0.366754309085597,0.349,0.679088669950739,"LJP001_MDAMB231_24H:BRD-K59369769-001-11-2:10","MDAMB231","VX680:Tozasertib, MK-0457","BRD-K59369769","trt_cp",10,"24","h","LJP001_MDAMB231_24H","1","NULL","tozasertib","epsilon","population"
"6","102021",-0.364650891031259,0.349,0.679088669950739,"CPC018_NPC_24H:BRD-K51318897-001-07-0:10","NPC","-666","BRD-K51318897","trt_cp",10,"24","h","CPC018_NPC_24H","1","NULL","fenbendazole","epsilon","population"
"56","16611",-0.363014899211218,0.349,0.679088669950739,"CPC003_VCAP_24H:BRD-K00312224-001-03-8:10","VCAP","PPT","BRD-K00312224","trt_cp",10,"24","h","CPC003_VCAP_24H","1","NULL","PPT","epsilon","population"
"125","2838",-0.360736196319018,0.349,0.679088669950739,"CPC001_HA1E_6H:BRD-K09549677-300-01-8:10","HA1E","Mibefradil dihydrochloride","BRD-K09549677","trt_cp",10,"6","h","CPC001_HA1E_6H","1","NULL","mibefradil","epsilon","population"
"301","71138",-0.353023663453111,0.354,0.685441176470588,"CPC016_A375_6H:BRD-A19661776-003-13-6:10","A375","-666","BRD-A19661776","trt_cp",10,"6","h","CPC016_A375_6H","1","NULL","mianserin","epsilon","population"
"247","443585",-0.315775635407537,0.382,0.725741626794258,"HOG001_MCF7_6H:BRD-A75409952-001-01-6:10","MCF7","wortmannin","BRD-A75409952","trt_cp",10,"6","h","HOG001_MCF7_6H","1","NULL","wortmannin","epsilon","population"
"308","73004",-0.314840782938942,0.383,0.725741626794258,"CPC014_A549_6H:BRD-A52886023-001-01-7:10","A549","A8674","BRD-A52886023","trt_cp",10,"6","h","CPC014_A549_6H","1","NULL","antimycin-a","epsilon","population"
"353","8547",-0.314490213263219,0.383,0.725741626794258,"CPC004_HCC515_24H:BRD-K09631521-001-05-7:10","HCC515","THIOTEPA","BRD-K09631521","trt_cp",10,"24","h","CPC004_HCC515_24H","1","NULL","thiotepa","epsilon","population"
"356","8613",-0.313993572889278,0.384,0.725741626794258,"CPC002_HCC515_24H:BRD-K50325075-001-01-3:10","HCC515","UCL 2077","BRD-K50325075","trt_cp",10,"24","h","CPC002_HCC515_24H","1","NULL","UCL-2077","epsilon","population"
"320","74571",-0.313380075956763,0.384,0.725741626794258,"CPC016_ASC_24H:BRD-K00662280-001-04-5:10","ASC","-666","BRD-K00662280","trt_cp",10,"24","h","CPC016_ASC_24H","1","NULL","CL-218872","epsilon","population"
"108","23874",-0.309757522640958,0.386,0.726047619047619,"CPC006_HEPG2_6H:BRD-K73789395-001-06-5:102.71","HEPG2","ZM 336372","BRD-K73789395","trt_cp",102.71,"6","h","CPC006_HEPG2_6H","1","NULL","ZM-336372","epsilon","population"
"351","84586",-0.304849547180836,0.388,0.726350710900474,"CPC014_PC3_6H:BRD-K86930074-001-01-9:10","PC3","S1017","BRD-K86930074","trt_cp",10,"6","h","CPC014_PC3_6H","1","NULL","cediranib","epsilon","population"
"321","74751",-0.297370727432077,0.392,0.730377358490566,"CPC015_ASC_24H:BRD-K40887525-001-14-4:10","ASC","-666","BRD-K40887525","trt_cp",10,"24","h","CPC015_ASC_24H","1","NULL","ritanserin","epsilon","population"
"331","78359",-0.293835816535203,0.395,0.732511737089202,"CPC014_HT29_6H:BRD-K81528515-001-03-9:10","HT29","HY-10159","BRD-K81528515","trt_cp",10,"6","h","CPC014_HT29_6H","1","NULL","nilotinib","epsilon","population"
"147","322947",-0.284633362547473,0.4,0.734883720930233,"LJP001_BT20_24H:BRD-A79768653-001-05-4:0.4","BT20","Rapamycin:Sirolimus","BRD-A79768653","trt_cp",0.4,"24","h","LJP001_BT20_24H","1","NULL","sirolimus","epsilon","population"
"103","23637",-0.284516505988899,0.4,0.734883720930233,"CPC006_HEPG2_6H:BRD-K93754473-001-06-0:28.39","HEPG2","-666","BRD-K93754473","trt_cp",28.39,"6","h","CPC006_HEPG2_6H","1","NULL","tamoxifen","epsilon","population"
"214","39374",-0.278673678060181,0.406,0.742453703703704,"CPC009_HA1E_6H:BRD-A74500471-001-14-8:10","HA1E","ethambutol","BRD-A74500471","trt_cp",10,"6","h","CPC009_HA1E_6H","1","NULL","ethambutol","epsilon","population"
"394","99933",-0.273006134969325,0.411,0.748133640552995,"CPC017_MCF7_24H:BRD-K28761384-003-03-6:10","MCF7","-666","BRD-K28761384","trt_cp",10,"24","h","CPC017_MCF7_24H","1","NULL","zuclopenthixol","epsilon","population"
"202","34689",-0.268448729184925,0.416,0.753761467889908,"CPC005_VCAP_6H:BRD-A52660433-066-01-3:10","VCAP","Tetrindole mesylate","BRD-A52660433","trt_cp",10,"6","h","CPC005_VCAP_6H","1","NULL","tetrindole","epsilon","population"
"140","32205",-0.256295647093193,0.423,0.759887892376682,"CPC006_RMUGS_6H:BRD-A62025033-001-01-8:10","RMUGS","temsirolimus [CI779]","BRD-A62025033","trt_cp",10,"6","h","CPC006_RMUGS_6H","1","NULL","temsirolimus","epsilon","population"
"153","324436",-0.246450482033304,0.427,0.759887892376682,"LJP002_HS578T_24H:BRD-A37704979-001-05-7:0.4","HS578T","PB203580;RWJ64809;SB203580","BRD-A37704979","trt_cp",0.4,"24","h","LJP002_HS578T_24H","1","NULL","SB-203580","epsilon","population"
"336","79705",-0.244522348816827,0.429,0.759887892376682,"CPC014_MCF7_6H:BRD-K43164539-001-05-7:10","MCF7","BL-051","BRD-K43164539","trt_cp",10,"6","h","CPC014_MCF7_6H","1","NULL","cholic-acid","epsilon","population"
"174","328990",-0.243850423605025,0.429,0.759887892376682,"LJP002_MDAMB231_24H:BRD-K74065929-001-02-3:0.08","MDAMB231","Doramapimod;BIRB796","BRD-K74065929","trt_cp",0.08,"24","h","LJP002_MDAMB231_24H","1","NULL","doramapimod","epsilon","population"
"58","166238",-0.24332456909144,0.429,0.759887892376682,"ERG005_VCAP_6H:BRD-K18910433-001-14-3:1","VCAP","estradiol","BRD-K18910433","trt_cp",1,"6","h","ERG005_VCAP_6H","1","NULL","estradiol","epsilon","population"
"156","32483",-0.240432369266725,0.431,0.760022321428571,"CPC006_SKLU1_6H:BRD-K20285085-001-01-4:10","SKLU1","R406","BRD-K20285085","trt_cp",10,"6","h","CPC006_SKLU1_6H","1","NULL","fostamatinib","epsilon","population"
"263","5127",-0.237861524978089,0.436,0.763003597122302,"CPC005_HA1E_24H:BRD-A52588987-004-04-1:10","HA1E","SKF 83566 hydrobromide","BRD-A52588987","trt_cp",10,"24","h","CPC005_HA1E_24H","1","NULL","SKF-83566","epsilon","population"
"97","2276",-0.236751387671633,0.437,0.763003597122302,"CPC002_HA1E_6H:BRD-K98521173-001-03-8:10","HA1E","Deoxycorticosterone","BRD-K98521173","trt_cp",10,"6","h","CPC002_HA1E_6H","1","NULL","desoxycortone","epsilon","population"
"187","331064",-0.234063686824423,0.443,0.763003597122302,"LJP002_SKBR3_24H:BRD-K02113016-001-05-5:0.4","SKBR3","KU-0059436;AZD2281;Olaparib","BRD-K02113016","trt_cp",0.4,"24","h","LJP002_SKBR3_24H","1","NULL","olaparib","epsilon","population"
"393","99597",-0.216681273736488,0.46,0.763003597122302,"CPC017_MCF7_24H:BRD-A98378129-001-01-4:10","MCF7","-666","BRD-A98378129","trt_cp",10,"24","h","CPC017_MCF7_24H","1","NULL","talniflumate","epsilon","population"
"94","21534",-0.208735027753433,0.467,0.763003597122302,"CPC006_HA1E_24H:BRD-K98530306-003-07-6:10","HA1E","CLONIDINE HYDROCHLORIDE","BRD-K98530306","trt_cp",10,"24","h","CPC006_HA1E_24H","1","NULL","clonidine","epsilon","population"
"313","73496",-0.205404615834064,0.468,0.763003597122302,"CPC015_A549_24H:BRD-A98702003-304-03-0:10","A549","-666","BRD-A98702003","trt_cp",10,"24","h","CPC015_A549_24H","1","NULL","carbenoxolone","epsilon","population"
"242","442346",-0.200321355536079,0.471,0.763003597122302,"HOG001_MCF7_24H:BRD-K50128260-001-01-6:0.3704","MCF7","sildenafil","BRD-K50128260","trt_cp",0.3704,"24","h","HOG001_MCF7_24H","1","NULL","sildenafil","epsilon","population"
"30","116335",-0.198919076833187,0.471,0.763003597122302,"CVD001_PHH_6H:BRD-K40255344-001-03-6:2.5","PHH","-666","BRD-K40255344","trt_cp",2.5,"6","h","CVD001_PHH_6H","1","NULL","tyrphostin-A9","epsilon","population"
"239","441081",-0.191294186386211,0.475,0.763003597122302,"HOG002_MCF7_24H:BRD-K18910433-001-19-2:3.3333","MCF7","17b-estradiol","BRD-K18910433","trt_cp",3.3333,"24","h","HOG002_MCF7_24H","1","NULL","estradiol","epsilon","population"
"81","1879",-0.182909728308501,0.478,0.763003597122302,"CPC004_HA1E_6H:BRD-K17561142-003-16-8:10","HA1E","AMIODARONE HYDROCHLORIDE","BRD-K17561142","trt_cp",10,"6","h","CPC004_HA1E_6H","1","NULL","amiodarone","epsilon","population"
"347","83210",-0.17589833479404,0.484,0.763003597122302,"CPC015_NPC_24H:BRD-K66353228-001-08-8:10","NPC","-666","BRD-K66353228","trt_cp",10,"24","h","CPC015_NPC_24H","1","NULL","zoxazolamine","epsilon","population"
"54","1627",-0.175576979257961,0.484,0.763003597122302,"CPC005_A549_24H:BRD-A85472596-001-01-4:10","A549","L 670596","BRD-A85472596","trt_cp",10,"24","h","CPC005_A549_24H","1","NULL","L-670596","epsilon","population"
"146","322788",-0.166432953549518,0.488,0.763003597122302,"LJP002_BT20_24H:BRD-K56277358-001-03-4:0.08","BT20","MGCD265","BRD-K56277358","trt_cp",0.08,"24","h","LJP002_BT20_24H","1","NULL","MGCD-265","epsilon","population"
"170","328452",-0.14788197487584,0.494,0.763003597122302,"LJP001_MDAMB231_6H:BRD-K79404599-001-05-1:10","MDAMB231","LY317615:Enzastaurin","BRD-K79404599","trt_cp",10,"6","h","LJP001_MDAMB231_6H","1","NULL","enzastaurin","epsilon","population"
"73","17748",-0.144726847794332,0.495,0.763003597122302,"CPC006_A375_24H:BRD-A69951442-001-01-3:10","A375","dexamethasone","BRD-A69951442","trt_cp",10,"24","h","CPC006_A375_24H","1","NULL","dexamethasone","epsilon","population"
"189","332857",-0.144113350861817,0.496,0.763003597122302,"NMH002_FIBRNPC_24H:BRD-K97399794-001-12-0:10","FIBRNPC","Quercetin","BRD-K97399794","trt_cp",10,"24","h","NMH002_FIBRNPC_24H","1","NULL","quercetin","epsilon","population"
"261","51002",-0.141016652059597,0.496,0.763003597122302,"CPC006_VCAP_6H:BRD-K08703257-001-06-3:36.72","VCAP","Aminobenzamide (3-ABA) [3-aminobenzamide (3-ABA)]","BRD-K08703257","trt_cp",36.72,"6","h","CPC006_VCAP_6H","1","NULL","3-amino-benzamide","epsilon","population"
"114","25175",-0.139877300613497,0.496,0.763003597122302,"CPC006_JHUEM2_6H:BRD-K01976263-003-04-5:0.63","JHUEM2","Emetine Dihydrochloride Hydrate (74)","BRD-K01976263","trt_cp",0.63,"6","h","CPC006_JHUEM2_6H","1","NULL","emetine","epsilon","population"
"315","73666",-0.135699678644464,0.497,0.763003597122302,"CPC015_A549_24H:BRD-K38323065-001-09-0:10","A549","-666","BRD-K38323065","trt_cp",10,"24","h","CPC015_A549_24H","1","NULL","phenacetin","epsilon","population"
"230","436078",-0.131668127373649,0.498,0.763003597122302,"CPC006_H1299_6H:BRD-K70792160-003-02-0:24","H1299","Akt inhibitor X","BRD-K70792160","trt_cp",24,"6","h","CPC006_H1299_6H","1","NULL","10-DEBC","epsilon","population"
"378","92230",-0.125796085305288,0.499,0.763003597122302,"CPC018_A549_24H:BRD-K15196155-001-01-5:10","A549","-666","BRD-K15196155","trt_cp",10,"24","h","CPC018_A549_24H","1","NULL","IBC-293","epsilon","population"
"55","165985",-0.120011685655857,0.502,0.763003597122302,"ERG011_VCAP_6H:BRD-K57080016-001-09-2:0.4","VCAP","AZD-6244","BRD-K57080016","trt_cp",0.4,"6","h","ERG011_VCAP_6H","1","NULL","selumetinib","epsilon","population"
"75","17850",-0.10961145194274,0.505,0.763003597122302,"CPC006_A549_6H:BRD-K96799727-001-02-5:10","A549","-666","BRD-K96799727","trt_cp",10,"6","h","CPC006_A549_6H","1","NULL","pifithrin-mu","epsilon","population"
"354","85976",-0.0934268185801929,0.506,0.763003597122302,"CPC014_PHH_24H:BRD-K99291625-001-06-4:10","PHH","EI-286","BRD-K99291625","trt_cp",10,"24","h","CPC014_PHH_24H","1","NULL","SB-203580","epsilon","population"
"319","74524",-0.0657026000584283,0.509,0.763003597122302,"CPC015_ASC_24H:BRD-A78391468-001-01-0:10","ASC","-666","BRD-A78391468","trt_cp",10,"24","h","CPC015_ASC_24H","1","NULL","prednisolone","epsilon","population"
"70","17565",-0.0460999123575811,0.511,0.763003597122302,"CPC006_A375_24H:BRD-K92241597-001-02-9:80","A375","CHR 2797","BRD-K92241597","trt_cp",80,"24","h","CPC006_A375_24H","1","NULL","tosedostat","epsilon","population"
"122","2796",-0.00990359333917618,0.513,0.763003597122302,"CPC004_HA1E_6H:BRD-A31204924-001-07-6:10","HA1E","MITOTANE","BRD-A31204924","trt_cp",10,"6","h","CPC004_HA1E_6H","1","NULL","mitotane","epsilon","population"
"106","23825",-0.00847210049664032,0.513,0.763003597122302,"CPC006_HEPG2_6H:BRD-K66874953-004-02-1:69.83","HEPG2","Pifithrin-a","BRD-K66874953","trt_cp",69.83,"6","h","CPC006_HEPG2_6H","1","NULL","pifithrin-alpha","epsilon","population"
"158","325212",-0.00712825007303541,0.513,0.763003597122302,"LJP001_MCF10A_6H:BRD-K83963101-001-02-8:10","MCF10A","MLN8054","BRD-K83963101","trt_cp",10,"6","h","LJP001_MCF10A_6H","1","NULL","MLN-8054","epsilon","population"
"36","130411",0.0137306456324861,0.513,0.763003597122302,"DOS030_VCAP_6H:BRD-A19037878:10","VCAP","trichostatin-a","BRD-A19037878","trt_cp",10,"6","h","DOS030_VCAP_6H","1","NULL","trichostatin-a","epsilon","population"
"358","8675",0.0236634531113059,0.513,0.763003597122302,"CPC003_HCC515_24H:BRD-K08996725-313-01-7:10","HCC515","Zolantidine dimaleate","BRD-K08996725","trt_cp",10,"24","h","CPC003_HCC515_24H","1","NULL","zolantidine","epsilon","population"
"316","73789",0.0321355536079462,0.515,0.763003597122302,"CPC015_A549_24H:BRD-K66296774-001-02-0:10","A549","-666","BRD-K66296774","trt_cp",10,"24","h","CPC015_A549_24H","1","NULL","fluvastatin","epsilon","population"
"38","137934",0.0390008764241893,0.515,0.763003597122302,"DOS020_VCAP_24H:BRD-A79768653:10","VCAP","sirolimus","BRD-A79768653","trt_cp",10,"24","h","DOS020_VCAP_24H","1","NULL","sirolimus","epsilon","population"
"92","20916",0.0395559450774175,0.515,0.763003597122302,"CPC006_EFO27_6H:BRD-A19633847-050-20-6:10","EFO27","PERHEXILINE MALEATE","BRD-A19633847","trt_cp",10,"6","h","CPC006_EFO27_6H","1","NULL","perhexiline","epsilon","population"
"40","13993",0.05439672801636,0.52,0.763003597122302,"CPC003_PC3_24H:BRD-A60414806-065-01-6:10","PC3","VINCRISTINE SULFATE","BRD-A60414806","trt_cp",10,"24","h","CPC003_PC3_24H","1","NULL","vincristine","epsilon","population"
"128","29610",0.0578147823546596,0.52,0.763003597122302,"CPC006_OV7_6H:BRD-A35588707-001-03-0:1.25","OV7","TENIPOSIDE","BRD-A35588707","trt_cp",1.25,"6","h","CPC006_OV7_6H","1","NULL","teniposide","epsilon","population"
"252","450589",0.08045574057844,0.525,0.763003597122302,"AML001_U937_24H:BRD-A19037878:3.33333","U937","TRICHOSTATIN_A","BRD-A19037878","trt_cp",3.33333,"24","h","AML001_U937_24H","1","NULL","trichostatin-a","epsilon","population"
"206","35683",0.0835524393806602,0.525,0.763003597122302,"CPC007_A375_6H:BRD-K03067624-003-19-3:10","A375","EMETINE HYDROCHLORIDE","BRD-K03067624","trt_cp",10,"6","h","CPC007_A375_6H","1","NULL","emetine","epsilon","population"
"300","70987",0.0859187846917908,0.525,0.763003597122302,"CPC011_VCAP_24H:BRD-K75958195-050-04-8:10","VCAP","pizotyline","BRD-K75958195","trt_cp",10,"24","h","CPC011_VCAP_24H","1","NULL","pizotifen","epsilon","population"
"37","13719",0.0899503359626059,0.525,0.763003597122302,"CPC003_PC3_24H:BRD-K15588452-003-01-9:10","PC3","R-96544 hydrochloride","BRD-K15588452","trt_cp",10,"24","h","CPC003_PC3_24H","1","NULL","R-96544","epsilon","population"
"344","82686",0.0962605901256208,0.525,0.763003597122302,"CPC016_NPC_24H:BRD-A35588707-001-03-0:10","NPC","-666","BRD-A35588707","trt_cp",10,"24","h","CPC016_NPC_24H","1","NULL","teniposide","epsilon","population"
"352","85187",0.0970493718959977,0.525,0.763003597122302,"CPC013_PC3_24H:BRD-K49328571-001-04-4:10","PC3","HY-10181","BRD-K49328571","trt_cp",10,"24","h","CPC013_PC3_24H","1","NULL","dasatinib","epsilon","population"
"329","77487",0.0979550102249488,0.525,0.763003597122302,"CPC016_HT29_6H:BRD-K08547377-003-03-2:10","HT29","-666","BRD-K08547377","trt_cp",10,"6","h","CPC016_HT29_6H","1","NULL","irinotecan","epsilon","population"
"43","14569",0.105521472392638,0.527,0.763003597122302,"CPC003_VCAP_6H:BRD-K92093830-003-05-0:10","VCAP","Doxorubicin hydrochloride","BRD-K92093830","trt_cp",10,"6","h","CPC003_VCAP_6H","1","NULL","doxorubicin","epsilon","population"
"85","19948",0.109845165059889,0.529,0.763003597122302,"CPC006_CORL23_6H:BRD-A19037878:10","CORL23","trichostatin-a","BRD-A19037878","trt_cp",10,"6","h","CPC006_CORL23_6H","1","NULL","trichostatin-a","epsilon","population"
"289","6539",0.115454279871458,0.531,0.763003597122302,"CPC002_HCC515_6H:BRD-K91263825-001-03-6:10","HCC515","NORTRIPTYLINE","BRD-K91263825","trt_cp",10,"6","h","CPC002_HCC515_6H","1","NULL","nortriptyline","epsilon","population"
"171","328540",0.119222903885481,0.533,0.763003597122302,"LJP001_MDAMB231_6H:BRD-K78431006-001-04-5:10","MDAMB231","PF02341066:Crizotinib","BRD-K78431006","trt_cp",10,"6","h","LJP001_MDAMB231_6H","1","NULL","crizotinib","epsilon","population"
"201","340084",0.120975752264096,0.533,0.763003597122302,"MUC.CP002_NKDBA_24H:BRD-K60230970-001-10-0:1.1111","NKDBA","SA2688462","BRD-K60230970","trt_cp",1.1111,"24","h","MUC.CP002_NKDBA_24H","1","NULL","MG-132","epsilon","population"
"362","88064",0.126526438796377,0.535,0.763003597122302,"CPC014_VCAP_6H:BRD-K01253243-001-01-4:10","VCAP","HY-10966","BRD-K01253243","trt_cp",10,"6","h","CPC014_VCAP_6H","1","NULL","SB-590885","epsilon","population"
"166","32721",0.132778264680105,0.537,0.763003597122302,"CPC006_SKM1_6H:BRD-K74402642-003-01-2:10","SKM1","Chemistry 2804","BRD-K74402642","trt_cp",10,"6","h","CPC006_SKM1_6H","1","NULL","NSC-632839","epsilon","population"
"277","56955",0.133128834355828,0.537,0.763003597122302,"CPC013_A549_24H:BRD-K47832606-001-13-7:10","A549","S1299","BRD-K47832606","trt_cp",10,"24","h","CPC013_A549_24H","1","NULL","floxuridine","epsilon","population"
"151","32360",0.13567046450482,0.537,0.763003597122302,"CPC006_SKLU1_6H:BRD-K23363278-001-01-3:1","SKLU1","CYT997","BRD-K23363278","trt_cp",1,"6","h","CPC006_SKLU1_6H","1","NULL","CYT-997","epsilon","population"
"141","32248",0.136751387671633,0.537,0.763003597122302,"CPC006_SKLU1_6H:BRD-K28907958-001-02-7:11.1","SKLU1","-666","BRD-K28907958","trt_cp",11.1,"6","h","CPC006_SKLU1_6H","1","NULL","CD-437","epsilon","population"
"254","452429",0.136985100788782,0.537,0.763003597122302,"ERG015_VCAP_24H:BRD-A19037878-001-01-5:0.4","VCAP","trichostatin-a","BRD-A19037878","trt_cp",0.4,"24","h","ERG015_VCAP_24H","1","NULL","trichostatin-a","epsilon","population"
"143","322582",0.144843704352907,0.543,0.764697508896797,"LJP002_BT20_24H:BRD-K70401845-001-04-1:0.08","BT20","Erlotinib;OSI-774","BRD-K70401845","trt_cp",0.08,"24","h","LJP002_BT20_24H","1","NULL","erlotinib","epsilon","population"
"102","23555",0.148349401110137,0.543,0.764697508896797,"CPC006_HEC108_6H:BRD-K81418486-001-13-7:11.1","HEC108","vorinostat","BRD-K81418486","trt_cp",11.1,"6","h","CPC006_HEC108_6H","1","NULL","vorinostat","epsilon","population"
"236","440994",0.150628104002337,0.544,0.764697508896797,"HOG001_MCF7_24H:BRD-A36630025-001-02-6:0.13704","MCF7","-666","BRD-A36630025","trt_cp",0.13704,"24","h","HOG001_MCF7_24H","1","NULL","SN-38","epsilon","population"
"90","20706",0.155886649138183,0.547,0.766187943262411,"CPC006_EFO27_6H:BRD-K26664453-001-03-4:10","EFO27","-666","BRD-K26664453","trt_cp",10,"6","h","CPC006_EFO27_6H","1","NULL","cytochalasin-b","epsilon","population"
"51","153873",0.165089103125913,0.554,0.770664335664336,"DOS046_PC3_24H:BRD-A19500257:10","PC3","geldanamycin","BRD-A19500257","trt_cp",10,"24","h","DOS046_PC3_24H","1","NULL","geldanamycin","epsilon","population"
"132","30373",0.168068945369559,0.557,0.770664335664336,"CPC006_PC3_6H:BRD-K15108141-001-01-7:0.08","PC3","gemcitabine","BRD-K15108141","trt_cp",0.08,"6","h","CPC006_PC3_6H","1","NULL","gemcitabine","epsilon","population"
"41","14120",0.168390300905638,0.557,0.770664335664336,"ASG001_PC3_24H:BRD-A61304759-001-01-0:10","PC3","tanespimycin","BRD-A61304759","trt_cp",10,"24","h","ASG001_PC3_24H","1","NULL","tanespimycin","epsilon","population"
"33","11905",0.175635407537248,0.558,0.770664335664336,"CPC002_PC3_6H:BRD-K60640630-001-03-7:10","PC3","Mometasone furoate","BRD-K60640630","trt_cp",10,"6","h","CPC002_PC3_6H","1","NULL","mometasone","epsilon","population"
"256","47649",0.180105170902717,0.562,0.773484320557491,"CPC006_SNUC4_6H:BRD-K40853697-001-04-9:160","SNUC4","STAT3 Inhibitor VI, S31-201","BRD-K40853697","trt_cp",160,"6","h","CPC006_SNUC4_6H","1","NULL","STAT3-inhibitor-VI","epsilon","population"
"77","18016",0.190037978381537,0.573,0.785885416666667,"CPC006_A549_6H:BRD-A12230535-001-02-6:44.4","A549","Nutlin-3","BRD-A12230535","trt_cp",44.4,"6","h","CPC006_A549_6H","1","NULL","nutlin-3","epsilon","population"
"142","322559",0.195325737657026,0.576,0.785927835051546,"LJP001_BT20_24H:BRD-K49328571-001-06-9:10","BT20","Dasatinib:BMS-354825, Sprycel, BMS354825","BRD-K49328571","trt_cp",10,"24","h","LJP001_BT20_24H","1","NULL","dasatinib","epsilon","population"
"163","326938",0.197137014314928,0.578,0.785927835051546,"LJP001_MCF7_6H:BRD-K51313569-001-03-7:0.4","MCF7","PD0332991","BRD-K51313569","trt_cp",0.4,"6","h","LJP001_MCF7_6H","1","NULL","palbociclib","epsilon","population"
"389","98496",0.19804265264388,0.579,0.785927835051546,"CPC018_MCF7_6H:BRD-K63151507-001-01-6:10","MCF7","-666","BRD-K63151507","trt_cp",10,"6","h","CPC018_MCF7_6H","1","NULL","MNITMT","epsilon","population"
"104","23695",0.206456324861233,0.584,0.79,"CPC006_HEPG2_6H:BRD-M86331534-373-01-5:10","HEPG2","BJM-ctd2-9","BRD-M86331534","trt_cp",10,"6","h","CPC006_HEPG2_6H","1","NULL","pyrvinium-pamoate","epsilon","population"
"366","88643",0.214460999123576,0.594,0.799404761904762,"CPC014_VCAP_24H:BRD-K84937637-001-03-2:10","VCAP","A-275","BRD-K84937637","trt_cp",10,"24","h","CPC014_VCAP_24H","1","NULL","sirolimus","epsilon","population"
"224","434578",0.216973415132924,0.595,0.799404761904762,"HOG002_A549_6H:BRD-K12762134-001-01-3:3.7","A549","-666","BRD-K12762134","trt_cp",3.7,"6","h","HOG002_A549_6H","1","NULL","XAV-939","epsilon","population"
"386","95968",0.220099328074788,0.598,0.80071186440678,"CPC017_HEPG2_6H:BRD-K73397362-001-01-7:10","HEPG2","-666","BRD-K73397362","trt_cp",10,"6","h","CPC017_HEPG2_6H","1","NULL","purmorphamine","epsilon","population"
"317","74181",0.226117440841367,0.603,0.804580536912752,"CPC014_A549_24H:BRD-K83963101-001-01-0:10","A549","HY-10180","BRD-K83963101","trt_cp",10,"24","h","CPC014_A549_24H","1","NULL","MLN-8054","epsilon","population"
"183","33051",0.233567046450482,0.606,0.804580536912752,"CPC006_SKMEL1_6H:BRD-K88510285-001-01-2:0.04","SKMEL1","B675700.cdx","BRD-K88510285","trt_cp",0.04,"6","h","CPC006_SKMEL1_6H","1","NULL","bortezomib","epsilon","population"
"246","443243",0.237189599766287,0.607,0.804580536912752,"HOG002_MCF7_6H:BRD-A19500257-001-01-3:3.33","MCF7","geldanamycin","BRD-A19500257","trt_cp",3.33,"6","h","HOG002_MCF7_6H","1","NULL","geldanamycin","epsilon","population"
"86","19954",0.243558282208589,0.613,0.809816053511706,"CPC006_CORL23_6H:BRD-A75409952:10","CORL23","wortmannin","BRD-A75409952","trt_cp",10,"6","h","CPC006_CORL23_6H","1","NULL","wortmannin","epsilon","population"
"161","325851",0.253607946245983,0.619,0.813084415584416,"LJP001_MCF10A_24H:BRD-K85606544-001-04-2:0.4","MCF10A","HKI-272:Neratinib","BRD-K85606544","trt_cp",0.4,"24","h","LJP001_MCF10A_24H","1","NULL","neratinib","epsilon","population"
"363","88206",0.257551855097867,0.622,0.813084415584416,"CPC013_VCAP_6H:BRD-K82164249-001-01-9:10","VCAP","S1140","BRD-K82164249","trt_cp",10,"6","h","CPC013_VCAP_6H","1","NULL","andarine","epsilon","population"
"299","70865",0.261349693251534,0.625,0.813084415584416,"CPC011_VCAP_24H:BRD-A52282606-001-05-5:10","VCAP","lacidipine","BRD-A52282606","trt_cp",10,"24","h","CPC011_VCAP_24H","1","NULL","lacidipine","epsilon","population"
"32","11866",0.263716038562664,0.626,0.813084415584416,"CPC004_PC3_6H:BRD-A48237631-001-03-0:10","PC3","MITOMYCIN C","BRD-A48237631","trt_cp",10,"6","h","CPC004_PC3_6H","1","NULL","mitomycin-c","epsilon","population"
"373","90432",0.271574642126789,0.632,0.813084415584416,"CPC020_A375_6H:BRD-K53790871-001-15-1:10","A375","triamcinolone acetonide","BRD-K53790871","trt_cp",10,"6","h","CPC020_A375_6H","1","NULL","triamcinolone","epsilon","population"
"109","24266",0.271720712825007,0.632,0.813084415584416,"CPC006_HT115_6H:BRD-A62025033-001-01-8:10","HT115","temsirolimus [CI779]","BRD-A62025033","trt_cp",10,"6","h","CPC006_HT115_6H","1","NULL","temsirolimus","epsilon","population"
"199","338434",0.273502775343266,0.633,0.813084415584416,"NMH001_NEU_6H:BRD-A19500257-001-03-9:10","NEU","geldanamycin","BRD-A19500257","trt_cp",10,"6","h","NMH001_NEU_6H","1","NULL","geldanamycin","epsilon","population"
"203","35081",0.277738825591586,0.634,0.813084415584416,"CPC005_VCAP_24H:BRD-A19500257:10","VCAP","geldanamycin","BRD-A19500257","trt_cp",10,"24","h","CPC005_VCAP_24H","1","NULL","geldanamycin","epsilon","population"
"59","16677",0.278206251825884,0.634,0.813084415584416,"CPC001_VCAP_24H:BRD-K73397362-001-01-7:10","VCAP","Purmorphamine","BRD-K73397362","trt_cp",10,"24","h","CPC001_VCAP_24H","1","NULL","purmorphamine","epsilon","population"
"45","14664",0.285305287759275,0.639,0.814921135646688,"CPC003_VCAP_6H:BRD-K28168037-001-01-3:10","VCAP","Fenretinide","BRD-K28168037","trt_cp",10,"6","h","CPC003_VCAP_6H","1","NULL","fenretinide","epsilon","population"
"324","76274",0.295062810400234,0.648,0.814921135646688,"CPC016_HEPG2_6H:BRD-A64977602-001-04-3:10","HEPG2","-666","BRD-A64977602","trt_cp",10,"6","h","CPC016_HEPG2_6H","1","NULL","mirtazapine","epsilon","population"
"173","328971",0.295296523517382,0.648,0.814921135646688,"LJP002_MDAMB231_24H:BRD-K87737963-001-02-9:0.4","MDAMB231","CYT387","BRD-K87737963","trt_cp",0.4,"24","h","LJP002_MDAMB231_24H","1","NULL","CYT387","epsilon","population"
"39","13906",0.29576394975168,0.648,0.814921135646688,"CPC004_PC3_24H:BRD-A35588707-001-03-0:10","PC3","TENIPOSIDE","BRD-A35588707","trt_cp",10,"24","h","CPC004_PC3_24H","1","NULL","teniposide","epsilon","population"
"44","14634",0.295968448729185,0.648,0.814921135646688,"CPC004_VCAP_6H:BRD-A97104540-004-08-5:10","VCAP","FENOTEROL HYDROBROMIDE","BRD-A97104540","trt_cp",10,"6","h","CPC004_VCAP_6H","1","NULL","fenoterol","epsilon","population"
"64","17039",0.3011393514461,0.65,0.814921135646688,"CPC001_VCAP_24H:BRD-A19500257:10","VCAP","geldanamycin","BRD-A19500257","trt_cp",10,"24","h","CPC001_VCAP_24H","1","NULL","geldanamycin","epsilon","population"
"150","323398",0.302249488752556,0.651,0.814921135646688,"LJP001_HS578T_6H:BRD-K49669041-001-03-5:10","HS578T","BX-912","BRD-K49669041","trt_cp",10,"6","h","LJP001_HS578T_6H","1","NULL","BX-912","epsilon","population"
"137","31751",0.30651475314052,0.653,0.814921135646688,"CPC006_RMGI_6H:BRD-K98548675-001-02-6:10","RMGI","Parthenolide","BRD-K98548675","trt_cp",10,"6","h","CPC006_RMGI_6H","1","NULL","parthenolide","epsilon","population"
"213","3857",0.306777680397312,0.654,0.814921135646688,"CPC003_HA1E_24H:BRD-K17497770-001-01-0:10","HA1E","Butein","BRD-K17497770","trt_cp",10,"24","h","CPC003_HA1E_24H","1","NULL","butein","epsilon","population"
"46","1477",0.316622845457201,0.665,0.826022012578616,"CPC005_A549_24H:BRD-A84493640-001-03-3:10","A549","Atovaquone","BRD-A84493640","trt_cp",10,"24","h","CPC005_A549_24H","1","NULL","atovaquone","epsilon","population"
"9","103242",0.320391469471224,0.669,0.828385579937304,"CPC020_PC3_24H:BRD-K51418664-001-02-0:10","PC3","-666","BRD-K51418664","trt_cp",10,"24","h","CPC020_PC3_24H","1","NULL","mitomycin-c","epsilon","population"
"322","76048",0.323458954133801,0.674,0.831708074534162,"CPC014_HCC515_6H:BRD-K86930074-001-01-9:10","HCC515","S1017","BRD-K86930074","trt_cp",10,"6","h","CPC014_HCC515_6H","1","NULL","cediranib","epsilon","population"
"274","54506",0.328074788197487,0.676,0.831708074534162,"CPC011_A375_6H:BRD-K55696337-003-16-0:10","A375","topotecan hcl","BRD-K55696337","trt_cp",10,"6","h","CPC011_A375_6H","1","NULL","topotecan","epsilon","population"
"220","432483",0.331375985977213,0.678,0.831708074534162,"BRAF001_A375_6H:BRD-K09951645-001-02-7:10","A375","dabrafenib","BRD-K09951645","trt_cp",10,"6","h","BRAF001_A375_6H","1","NULL","dabrafenib","epsilon","population"
"26","114907",0.339877300613497,0.683,0.833888888888889,"CPD003_PC3_6H:BRD-K89104321-003-10-6:10","PC3","THIP Hydrochloride","BRD-K89104321","trt_cp",10,"6","h","CPD003_PC3_6H","1","NULL","gaboxadol","epsilon","population"
"295","6670",0.340578439964943,0.684,0.833888888888889,"CPC002_HCC515_6H:BRD-K91509126-001-04-6:10","HCC515","PICEATANNOL","BRD-K91509126","trt_cp",10,"6","h","CPC002_HCC515_6H","1","NULL","piceatannol","epsilon","population"
"105","23779",0.353783231083845,0.694,0.840889570552147,"CPC006_HEPG2_6H:BRD-K68065987-300-03-4:10","HEPG2","MK-2206","BRD-K68065987","trt_cp",10,"6","h","CPC006_HEPG2_6H","1","NULL","MK-2206","epsilon","population"
"381","9316",0.354688869412796,0.694,0.840889570552147,"CPC004_HT29_6H:BRD-K14920963-304-01-9:10","HT29","ERYTHROSINE SODIUM","BRD-K14920963","trt_cp",10,"6","h","CPC004_HT29_6H","1","NULL","erythrosine","epsilon","population"
"91","20803",0.36278118609407,0.704,0.850397553516819,"CPC006_EFO27_6H:BRD-K64890080-001-03-9:10","EFO27","BI 2536","BRD-K64890080","trt_cp",10,"6","h","CPC006_EFO27_6H","1","NULL","BI-2536","epsilon","population"
"270","5365",0.384837861524978,0.716,0.862256097560976,"CPC001_HA1E_24H:BRD-K05151076-001-01-8:10","HA1E","ZK 164015","BRD-K05151076","trt_cp",10,"24","h","CPC001_HA1E_24H","1","NULL","ZK-164015","epsilon","population"
"182","330396",0.390680689453696,0.72,0.864437689969605,"LJP002_SKBR3_6H:BRD-K50168500-001-03-8:0.08","SKBR3","PD-183805;Canertinib;CI-1033","BRD-K50168500","trt_cp",0.08,"6","h","LJP002_SKBR3_6H","1","NULL","canertinib","epsilon","population"
"212","37959",0.397049371895998,0.723,0.865409090909091,"CPC009_A549_6H:BRD-K55070890-001-02-1:10","A549","thiothixene","BRD-K55070890","trt_cp",10,"6","h","CPC009_A549_6H","1","NULL","thiothixene","epsilon","population"
"245","442656",0.402453987730061,0.729,0.865915915915916,"HOG002_MCF7_6H:BRD-K18910433-001-19-2:0.0045","MCF7","17b-estradiol","BRD-K18910433","trt_cp",0.0045,"6","h","HOG002_MCF7_6H","1","NULL","estradiol","epsilon","population"
"15","105072",0.40806310254163,0.73,0.865915915915916,"CPC017_SKB_24H:BRD-K21667562-001-01-4:10","SKB","-666","BRD-K21667562","trt_cp",10,"24","h","CPC017_SKB_24H","1","NULL","AM-404","epsilon","population"
"61","167286",0.408355243938066,0.73,0.865915915915916,"ERG011_VCAP_24H:BRD-K56851771-001-04-3:0.4","VCAP","enzalutamide","BRD-K56851771","trt_cp",0.4,"24","h","ERG011_VCAP_24H","1","NULL","enzalutamide","epsilon","population"
"127","29423",0.414519427402863,0.734,0.868053892215569,"CPC006_OV7_6H:BRD-A31107743-001-01-3:0.09","OV7","89671","BRD-A31107743","trt_cp",0.09,"6","h","CPC006_OV7_6H","1","NULL","brefeldin-a","epsilon","population"
"116","25484",0.425036517674555,0.742,0.872291666666667,"CPC006_LOVO_6H:BRD-K02113016-001-01-4:44.4","LOVO","AZD2281 (KU59436)","BRD-K02113016","trt_cp",44.4,"6","h","CPC006_LOVO_6H","1","NULL","olaparib","epsilon","population"
"152","323753",0.425533158048496,0.742,0.872291666666667,"LJP002_HS578T_6H:BRD-K74514084-001-01-3:2","HS578T","Pazopanibhydrochloride;GW786034","BRD-K74514084","trt_cp",2,"6","h","LJP002_HS578T_6H","1","NULL","pazopanib","epsilon","population"
"293","66373",0.43216476774759,0.752,0.881424332344214,"CPC011_PC3_6H:BRD-K44094599-001-02-9:10","PC3","tacrolimus","BRD-K44094599","trt_cp",10,"6","h","CPC011_PC3_6H","1","NULL","tacrolimus","epsilon","population"
"157","3252",0.453607946245983,0.775,0.905695266272189,"CPC005_HA1E_6H:BRD-K58299615-001-02-7:10","HA1E","Ro 90-7501","BRD-K58299615","trt_cp",10,"6","h","CPC005_HA1E_6H","1","NULL","RO-90-7501","epsilon","population"
"184","330651",0.462489044697634,0.784,0.913510324483776,"LJP002_SKBR3_6H:BRD-K56751279-001-01-8:0.08","SKBR3","Y39983","BRD-K56751279","trt_cp",0.08,"6","h","LJP002_SKBR3_6H","1","NULL","Y-39983","epsilon","population"
"84","19403",0.497166228454572,0.809,0.93147564469914,"CPC006_CL34_6H:BRD-A68631409-001-01-3:10","CL34","Evodiamine","BRD-A68631409","trt_cp",10,"6","h","CPC006_CL34_6H","1","NULL","evodiamine","epsilon","population"
"392","99010",0.497575226409582,0.81,0.93147564469914,"CPD001_MCF7_6H:BRD-A32988684-003-07-9:10","MCF7","Heptaminol hydrochloride","BRD-A32988684","trt_cp",10,"6","h","CPD001_MCF7_6H","1","NULL","heptaminol","epsilon","population"
"226","435404",0.497604440549226,0.81,0.93147564469914,"HOG001_A549_6H:BRD-A45889380-300-04-8:10","A549","quinacrine","BRD-A45889380","trt_cp",10,"6","h","HOG001_A549_6H","1","NULL","mepacrine","epsilon","population"
"340","80450",0.50309669880222,0.812,0.93147564469914,"CPC015_MCF7_24H:BRD-K21450440-001-08-8:10","MCF7","-666","BRD-K21450440","trt_cp",10,"24","h","CPC015_MCF7_24H","1","NULL","benzthiazide","epsilon","population"
"375","90652",0.504089979550102,0.813,0.93147564469914,"CPC018_A549_6H:BRD-A95696820-001-01-4:10","A549","-666","BRD-A95696820","trt_cp",10,"6","h","CPC018_A549_6H","1","NULL","acadesine","epsilon","population"
"311","73325",0.508997955010225,0.817,0.93147564469914,"CPC015_A549_24H:BRD-A29437505-001-01-6:10","A549","-666","BRD-A29437505","trt_cp",10,"24","h","CPC015_A549_24H","1","NULL","RWJ-21757","epsilon","population"
"165","327137",0.510312591294186,0.819,0.93147564469914,"LJP001_MCF7_6H:BRD-K72420232-001-05-7:2","MCF7","WZ4002","BRD-K72420232","trt_cp",2,"6","h","LJP001_MCF7_6H","1","NULL","WZ-4002","epsilon","population"
"133","30482",0.511948583114227,0.82,0.93147564469914,"CPC006_PC3_24H:BRD-K95609758-001-02-9:10","PC3","-666","BRD-K95609758","trt_cp",10,"24","h","CPC006_PC3_24H","1","NULL","BMS-191011","epsilon","population"
"107","23838",0.515016067776804,0.823,0.93147564469914,"CPC006_HEPG2_6H:BRD-K64634304-001-01-5:40","HEPG2","Retinoic acid","BRD-K64634304","trt_cp",40,"6","h","CPC006_HEPG2_6H","1","NULL","tretinoin","epsilon","population"
"250","4474",0.515191352614665,0.823,0.93147564469914,"CPC001_HA1E_24H:BRD-A43930669-003-01-0:10","HA1E","L 368899 hydrochloride","BRD-A43930669","trt_cp",10,"24","h","CPC001_HA1E_24H","1","NULL","L-368899","epsilon","population"
"53","15788",0.533011977797254,0.843,0.948675213675214,"CPC002_VCAP_24H:BRD-K59574735-001-05-0:10","VCAP","Bestatin","BRD-K59574735","trt_cp",10,"24","h","CPC002_VCAP_24H","1","NULL","ubenimex","epsilon","population"
"291","66143",0.534063686824423,0.843,0.948675213675214,"CPC010_PC3_6H:BRD-K76534306-001-17-7:10","PC3","enrofloxacin","BRD-K76534306","trt_cp",10,"6","h","CPC010_PC3_6H","1","NULL","enrofloxacin","epsilon","population"
"251","449827",0.541221151037102,0.848,0.951590909090909,"CPC006_RKO_6H:BRD-A58048407-001-10-5:10","RKO","nimodipine","BRD-A58048407","trt_cp",10,"6","h","CPC006_RKO_6H","1","NULL","nimodipine","epsilon","population"
"145","322782",0.548495471808355,0.858,0.960084985835694,"LJP001_BT20_24H:BRD-K79404599-001-05-1:0.08","BT20","LY317615:Enzastaurin","BRD-K79404599","trt_cp",0.08,"24","h","LJP001_BT20_24H","1","NULL","enzastaurin","epsilon","population"
"364","88365",0.557639497516798,0.865,0.960370879120879,"CPC013_VCAP_24H:BRD-K11663430-001-01-5:10","VCAP","-666","BRD-K11663430","trt_cp",10,"24","h","CPC013_VCAP_24H","1","NULL","pyroxamide","epsilon","population"
"253","450716",0.559479988314344,0.869,0.960370879120879,"AML001_U937_6H:BRD-A19500257:3.33333","U937","GELDANAMYCIN","BRD-A19500257","trt_cp",3.33333,"6","h","AML001_U937_6H","1","NULL","geldanamycin","epsilon","population"
"370","89814",0.562284545720128,0.87,0.960370879120879,"CPC018_A375_6H:BRD-K51662849-001-03-9:10","A375","-666","BRD-K51662849","trt_cp",10,"6","h","CPC018_A375_6H","1","NULL","ilomastat","epsilon","population"
"5","101765",0.574087058136138,0.881,0.960370879120879,"CPC018_NPC_24H:BRD-K08640512-003-01-5:10","NPC","-666","BRD-K08640512","trt_cp",10,"24","h","CPC018_NPC_24H","1","NULL","RS-100329","epsilon","population"
"327","77201",0.576482617586912,0.881,0.960370879120879,"CPC014_HEPG2_6H:BRD-A19500257:10","HEPG2","geldanamycin","BRD-A19500257","trt_cp",10,"6","h","CPC014_HEPG2_6H","1","NULL","geldanamycin","epsilon","population"
"215","3976",0.582500730353491,0.883,0.960370879120879,"CPC002_HA1E_24H:BRD-K54142781-003-02-7:10","HA1E","Cirazoline hydrochloride","BRD-K54142781","trt_cp",10,"24","h","CPC002_HA1E_24H","1","NULL","cirazoline","epsilon","population"
"175","329219",0.584312007011394,0.884,0.960370879120879,"LJP001_MDAMB231_24H:BRD-K68065987-300-06-7:0.08","MDAMB231","MK2206","BRD-K68065987","trt_cp",0.08,"24","h","LJP001_MDAMB231_24H","1","NULL","MK-2206","epsilon","population"
"262","5120",0.584954718083552,0.884,0.960370879120879,"CPC004_HA1E_24H:BRD-K67439147-001-01-7:10","HA1E","SIB 1893","BRD-K67439147","trt_cp",10,"24","h","CPC004_HA1E_24H","1","NULL","SIB-1893","epsilon","population"
"176","329220",0.585860356412504,0.885,0.960370879120879,"LJP001_MDAMB231_24H:BRD-K83963101-001-02-8:10","MDAMB231","MLN8054","BRD-K83963101","trt_cp",10,"24","h","LJP001_MDAMB231_24H","1","NULL","MLN-8054","epsilon","population"
"25","114769",0.586707566462168,0.885,0.960370879120879,"CPD003_PC3_6H:BRD-K37682401-001-07-7:10","PC3","Piromidic acid","BRD-K37682401","trt_cp",10,"6","h","CPD003_PC3_6H","1","NULL","piromidic-acid","epsilon","population"
"342","80896",0.587350277534327,0.885,0.960370879120879,"CPC016_MCF7_24H:BRD-K91699951-001-03-7:10","MCF7","-666","BRD-K91699951","trt_cp",10,"24","h","CPC016_MCF7_24H","1","NULL","benzonatate","epsilon","population"
"303","71518",0.590563832895121,0.89,0.96051912568306,"CPC016_A375_6H:BRD-K41160163-001-01-9:10","A375","-666","BRD-K41160163","trt_cp",10,"6","h","CPC016_A375_6H","1","NULL","fenobam","epsilon","population"
"31","116354",0.590914402570844,0.89,0.96051912568306,"CVD001_PHH_6H:BRD-K47150025-001-01-2:10","PHH","-666","BRD-K47150025","trt_cp",10,"6","h","CVD001_PHH_6H","1","NULL","KI-8751","epsilon","population"
"74","17775",0.60847210049664,0.903,0.969356955380578,"CPC006_A375_24H:BRD-K41260949-236-02-8:10","A375","valproic acid","BRD-K41260949","trt_cp",10,"24","h","CPC006_A375_24H","1","NULL","valproic-acid","epsilon","population"
"267","5228",0.611042944785276,0.907,0.969356955380578,"CPC004_HA1E_24H:BRD-K64514229-001-01-1:10","HA1E","TOLTRAZURIL","BRD-K64514229","trt_cp",10,"24","h","CPC004_HA1E_24H","1","NULL","toltrazuril","epsilon","population"
"257","47964",0.631346771837569,0.919,0.969356955380578,"CPC006_SNUC5_6H:BRD-K67868012-003-01-5:11.1","SNUC5","PI 103 hydrochloride","BRD-K67868012","trt_cp",11.1,"6","h","CPC006_SNUC5_6H","1","NULL","PI-103","epsilon","population"
"314","7351",0.631405200116857,0.919,0.969356955380578,"CPC004_HCC515_24H:BRD-K91290917-336-03-8:10","HCC515","Amodiaquin dihydrochloride dihydrate","BRD-K91290917","trt_cp",10,"24","h","CPC004_HCC515_24H","1","NULL","amodiaquine","epsilon","population"
"87","20084",0.634209757522641,0.92,0.969356955380578,"CPC006_COV644_6H:BRD-K88510285-001-01-2:0.04","COV644","B675700.cdx","BRD-K88510285","trt_cp",0.04,"6","h","CPC006_COV644_6H","1","NULL","bortezomib","epsilon","population"
"218","4193",0.638650306748466,0.922,0.969356955380578,"CPC001_HA1E_24H:BRD-K63979671-001-03-6:10","HA1E","Etifenin","BRD-K63979671","trt_cp",10,"24","h","CPC001_HA1E_24H","1","NULL","etifenin","epsilon","population"
"72","17739",0.64601226993865,0.925,0.969356955380578,"CPC006_A375_24H:BRD-K71799949-001-20-8:96","A375","carbamazepine","BRD-K71799949","trt_cp",96,"24","h","CPC006_A375_24H","1","NULL","carbamazepine","epsilon","population"
"208","361515",0.646917908267602,0.926,0.969356955380578,"RAD001_A549_6H:BRD-K57080016-001-03-5:0.0137","A549","AZD6244","BRD-K57080016","trt_cp",0.0137,"6","h","RAD001_A549_6H","1","NULL","selumetinib","epsilon","population"
"93","21390",0.650043821209465,0.927,0.969356955380578,"CPC006_HA1E_6H:BRD-K89732114-001-05-9:10","HA1E","trifluoperazine","BRD-K89732114","trt_cp",10,"6","h","CPC006_HA1E_6H","1","NULL","trifluoperazine","epsilon","population"
"367","88755",0.650686532281624,0.927,0.969356955380578,"CPC014_VCAP_24H:BRD-K83963101-001-01-0:10","VCAP","HY-10180","BRD-K83963101","trt_cp",10,"24","h","CPC014_VCAP_24H","1","NULL","MLN-8054","epsilon","population"
"181","330251",0.657434998539293,0.93,0.969356955380578,"LJP002_SKBR3_6H:BRD-K12343256-001-01-4:10","SKBR3","JTP-74057;GSK1120212;GSK-1120212","BRD-K12343256","trt_cp",10,"6","h","LJP002_SKBR3_6H","1","NULL","trametinib","epsilon","population"
"232","436289",0.670669003797838,0.933,0.969356955380578,"CPC006_H1299_6H:BRD-K15108141-001-01-7:0.08","H1299","gemcitabine","BRD-K15108141","trt_cp",0.08,"6","h","CPC006_H1299_6H","1","NULL","gemcitabine","epsilon","population"
"227","435461",0.670727432077125,0.933,0.969356955380578,"HOG003_A549_6H:BRD-A61304759-001-01-0:10","A549","tanespimycin","BRD-A61304759","trt_cp",10,"6","h","HOG003_A549_6H","1","NULL","tanespimycin","epsilon","population"
"160","325449",0.672217353198948,0.934,0.969356955380578,"LJP002_MCF10A_6H:BRD-K91900765-001-02-7:0.08","MCF10A","VX-745","BRD-K91900765","trt_cp",0.08,"6","h","LJP002_MCF10A_6H","1","NULL","VX-745","epsilon","population"
"355","8611",0.673502775343266,0.935,0.969356955380578,"CPC001_HCC515_24H:BRD-A14574269-051-01-4:10","HCC515","UB 165 fumarate","BRD-A14574269","trt_cp",10,"24","h","CPC001_HCC515_24H","1","NULL","UB-165","epsilon","population"
"265","51912",0.684399649430324,0.938,0.969921465968586,"CPC006_VCAP_24H:BRD-K53414658-001-01-7:10","VCAP","-666","BRD-K53414658","trt_cp",10,"24","h","CPC006_VCAP_24H","1","NULL","tivozanib","epsilon","population"
"21","112044",0.68810984516506,0.941,0.970483028720627,"CPD002_MCF7_6H:BRD-K72723676-003-12-9:10","MCF7","Benzethonium chloride","BRD-K72723676","trt_cp",10,"6","h","CPD002_MCF7_6H","1","NULL","benzethonium","epsilon","population"
"391","98958",0.703768624014023,0.948,0.97515625,"CPD001_MCF7_6H:BRD-K86301799-001-28-0:10","MCF7","Dipyridamole","BRD-K86301799","trt_cp",10,"6","h","CPD001_MCF7_6H","1","NULL","dipyridamole","epsilon","population"
"357","86394",0.71075080338884,0.951,0.975701298701299,"CPC016_SKB_24H:BRD-A94669766-001-04-2:10","SKB","-666","BRD-A94669766","trt_cp",10,"24","h","CPC016_SKB_24H","1","NULL","naringenin","epsilon","population"
"292","66272",0.720216184633363,0.955,0.976782945736434,"CPC011_PC3_6H:BRD-K74117820-066-08-2:10","PC3","nelfinavir","BRD-K74117820","trt_cp",10,"6","h","CPC011_PC3_6H","1","NULL","nelfinavir","epsilon","population"
"120","26757",0.725883727724218,0.957,0.976782945736434,"CPC006_MCF7_24H:BRD-K32107296-001-03-7:10","MCF7","Temozolomide","BRD-K32107296","trt_cp",10,"24","h","CPC006_MCF7_24H","1","NULL","temozolomide","epsilon","population"
"17","106804",0.735933391761613,0.962,0.978868894601542,"CPC020_VCAP_24H:BRD-K75089421-003-21-1:10","VCAP","pronestyl","BRD-K75089421","trt_cp",10,"24","h","CPC020_VCAP_24H","1","NULL","procainamide","epsilon","population"
"238","441054",0.738942448144902,0.964,0.978868894601542,"HOG003_MCF7_24H:BRD-K73319509-001-02-3:3.33","MCF7","-666","BRD-K73319509","trt_cp",3.33,"24","h","HOG003_MCF7_24H","1","NULL","PF-04217903","epsilon","population"
"264","51538",0.771136430032136,0.972,0.984461538461538,"CPC006_VCAP_6H:BRD-A23770159-001-02-3:11.1","VCAP","Rapamycin","BRD-A23770159","trt_cp",11.1,"6","h","CPC006_VCAP_6H","1","NULL","sirolimus","epsilon","population"
"48","149766",0.799824715162138,0.979,0.9875,"DOS051_HT29_24H:BRD-K81418486:0.1","HT29","vorinostat","BRD-K81418486","trt_cp",0.1,"24","h","DOS051_HT29_24H","1","NULL","vorinostat","epsilon","population"
"164","327107",0.801723634238972,0.98,0.9875,"LJP001_MCF7_6H:BRD-K59369769-001-11-2:0.08","MCF7","VX680:Tozasertib, MK-0457","BRD-K59369769","trt_cp",0.08,"6","h","LJP001_MCF7_6H","1","NULL","tozasertib","epsilon","population"
"144","322781",0.873181419807187,0.989,0.994033078880407,"LJP001_BT20_24H:BRD-K79404599-001-05-1:0.4","BT20","LY317615:Enzastaurin","BRD-K79404599","trt_cp",0.4,"24","h","LJP001_BT20_24H","1","NULL","enzastaurin","epsilon","population"
"115","25455",0.938153666374525,0.994,0.996522842639594,"CPC006_LOVO_6H:BRD-K01868942-001-02-1:160","LOVO","3-(piperidin-1-yl)propyl-4-amino-5-chloro-2methoxybenzoate . Hydrochloride","BRD-K01868942","trt_cp",160,"6","h","CPC006_LOVO_6H","1","NULL","RS-23597-190","epsilon","population"
"111","24652",1.03108384458078,1,1,"CPC006_HT29_24H:BRD-A81541225-001-02-7:10","HT29","-666","BRD-A81541225","trt_cp",10,"24","h","CPC006_HT29_24H","1","NULL","oligomycin-a","epsilon","population"
