"","database","category","pval","qval","genes"
"146","GO_Biological_Process_2017","mitotic cell cycle (GO:0000278)",1.21295616889523e-13,9.93411102325191e-11,"CDT1,XRCC2,CDCA5,BUB1B,CDC6,KIF11,PKMYT1,NDC80,KIF15,AURKA,CENPE,TPX2,CENPF,KIF18B,KIF2C,NEK2"
"147","GO_Biological_Process_2017","sister chromatid cohesion (GO:0007062)",1.18825079094455e-11,4.86588698891794e-09,"CDCA5,BUB1B,CDCA8,NDC80,REC8,CDC20,CENPE,CENPF,CENPH,NUF2,BIRC5,CENPM,KIF2C,BUB1,MAD2L1"
"148","GO_Biological_Process_2017","G1/S transition of mitotic cell cycle (GO:0000082)",4.4460561611802e-10,9.74005980289629e-08,"CDT1,CDKN2C,PRIM1,CDC6,CDC25A,WEE1,DBF4,CDK4,MYC,EIF4EBP1,MCM4,MCM5,MCM2"
"149","GO_Biological_Process_2017","collagen catabolic process (GO:0030574)",4.75704996478451e-10,9.74005980289629e-08,"COL1A1,MRC2,MMP14,COL3A1,COL15A1,COL1A2,MMP15,MMP2,CTSK,COL5A2,COL6A3"
"150","GO_Biological_Process_2017","G2/M transition of mitotic cell cycle (GO:0000086)",5.09948840999877e-09,7.356741397385e-07,"PLK4,PKMYT1,FOXM1,CDC25A,AURKA,CCNA2,TPX2,CCNB2,CCNB1,WEE1,CDK1,NEK2,PHLDA1,NES"
"151","GO_Biological_Process_2017","DNA replication (GO:0006260)",5.38955413727839e-09,7.356741397385e-07,"FEN1,RNASEH2A,CDC6,CDC25A,TICRR,RECQL4,DBF4,CHEK1,CDK1,TIMELESS,MCM4,MCM5,MCM2"
"154","GO_Biological_Process_2017","regulation of cell cycle (GO:0051726)",1.88191853041985e-08,2.20184468059122e-06,"CCNB2,CENPF,WEE1,CCNB1,MYBL2,PKMYT1,FOXM1,PRR11,DTL,CDC25A"
"156","GO_Biological_Process_2017","microtubule-based movement (GO:0007018)",2.21494765576835e-08,2.26755266259285e-06,"CENPE,KIF18B,RACGAP1,KIF26A,KIF4A,KIF23,KIF2C,KIF11,KIF20B,KIF15"
"157","GO_Biological_Process_2017","chromosome segregation (GO:0007059)",2.87836831068253e-08,2.6193151627211e-06,"TOP2A,CDT1,CENPE,CENPF,NUF2,HJURP,NEK2,KIF11,NDC80"
"155","GO_Biological_Process_2017","extracellular matrix organization (GO:0030198)",1.8389485009198e-07,1.50609882225332e-05,"FBN2,LUM,ELN,TNC,NID2,COL1A1,BCAN,ACAN,COL3A1,COL1A2,COL5A2,PXDN,COL6A3"
"162","GO_Biological_Process_2017","metaphase plate congression (GO:0051310)",2.85132122112024e-07,2.12293825463407e-05,"CENPE,CENPF,KIF2C,FAM83D,NDC80"
"171","GO_Biological_Process_2017","positive regulation of ossification (GO:0045778)",1.54657559163602e-06,0.000102440037596538,"BMP4,BMP2,WNT5A,SOX11"
"160","GO_Biological_Process_2017","extracellular matrix disassembly (GO:0022617)",1.70624297030845e-06,0.000102440037596538,"FBN2,BCAN,ACAN,ADAMTS5,MMP14,MMP15,MMP2,ELN,CTSK"
"153","GO_Biological_Process_2017","DNA repair (GO:0006281)",1.75111175378698e-06,0.000102440037596538,"RAD51AP1,RECQL4,FEN1,FANCD2,XRCC2,CHEK1,FANCA,CDK1,NUDT1,RAD54L,TICRR"
"161","GO_Biological_Process_2017","kidney development (GO:0001822)",2.39795485788431e-06,0.000130928335240484,"BMP4,CENPF,ACE,SIX1,HAS2,SULF1,STRA6"
"159","GO_Biological_Process_2017","skeletal system development (GO:0001501)",2.85996666755422e-06,0.000146394543795432,"COL1A1,BCAN,ACAN,POSTN,BMP2,COL1A2,IGF2,SOX11,SOX4,DLL3"
"194","GO_Biological_Process_2017","attachment of mitotic spindle microtubules to kinetochore (GO:0051315)",5.43942657584731e-06,0.000262052374448173,"CENPE,CDT1,KIF2C,NDC80"
"163","GO_Biological_Process_2017","regulation of mitotic nuclear division (GO:0007088)",1.11299399610573e-05,0.000506412268228107,"NEK2,FBXO5,PKMYT1,MKI67,KIF20B"
"168","GO_Biological_Process_2017","regulation of transcription involved in G1/S transition of mitotic cell cycle (GO:0000083)",1.42308343380042e-05,0.000613423859096076,"CDT1,RRM2,CDC6,FBXO5,TYMS"
"170","GO_Biological_Process_2017","regulation of ubiquitin-protein ligase activity involved in mitotic cell cycle (GO:0051439)",1.79659908064544e-05,0.000735707323524309,"CDC20,CCNB1,UBE2C,CDK1,FBXO5"
"152","GO_Biological_Process_2017","positive regulation of transcription, DNA-templated (GO:0045893)",1.93202147501486e-05,0.000753488375255796,"RET,FZD2,MSTN,F2R,WNT5A,SIX1,SOX11,FOXM1,BRCA2,COL1A1,BMP4,AR,BMP2,MYCN,MYC,ATOH8,SOX8,TCF3,TP53,SOX4"
"173","GO_Biological_Process_2017","collagen fibril organization (GO:0030199)",2.24220850316049e-05,0.000784014926724904,"COL1A1,COL3A1,COL1A2,LUM,COL5A2"
"164","GO_Biological_Process_2017","anaphase-promoting complex-dependent catabolic process (GO:0031145)",2.2974796387543e-05,0.000784014926724904,"CDC20,CCNB1,PTTG1,UBE2C,CDK1,BUB1B,MAD2L1,AURKA"
"165","GO_Biological_Process_2017","retrograde vesicle-mediated transport, Golgi to ER (GO:0006890)",2.2974796387543e-05,0.000784014926724904,"CENPE,RACGAP1,KIF26A,KIF4A,KIF23,KIF2C,KIF11,KIF15"
"787","GO_Biological_Process_2017","regulation of mitotic centrosome separation (GO:0046602)",3.07641050312272e-05,0.001007832080823,"CHEK1,NEK2,KIF11"
"174","GO_Biological_Process_2017","glycosaminoglycan metabolic process (GO:0030203)",4.94079902880004e-05,0.00155635169407201,"CHST9,BCAN,GPC3,SDC1,GPC2"
"169","GO_Biological_Process_2017","antigen processing and presentation of exogenous peptide antigen via MHC class II (GO:0019886)",5.4126329918938e-05,0.00164183200754112,"CENPE,RACGAP1,KIF26A,KIF4A,KIF23,KIF2C,KIF11,KIF15"
"570","GO_Biological_Process_2017","dendritic spine development (GO:0060996)",6.08576185107203e-05,0.00175655788791098,"EPHB2,EPHB1,EPHB3"
"166","GO_Biological_Process_2017","double-strand break repair via homologous recombination (GO:0000724)",6.21980204510603e-05,0.00175655788791098,"GEN1,RAD51AP1,RECQL4,FEN1,XRCC2,TONSL,BRCA2"
"178","GO_Biological_Process_2017","mitotic cytokinesis (GO:0000281)",6.99388458090055e-05,0.00190933049058585,"RACGAP1,KIF4A,CKAP2,NUSAP1,KIF23"
"176","GO_Biological_Process_2017","mitotic spindle organization (GO:0007052)",8.23921898593305e-05,0.00217674849983199,"CCNB1,KIF11,WDR62,NDC80,AURKA"
"172","GO_Biological_Process_2017","negative regulation of ubiquitin-protein ligase activity involved in mitotic cell cycle (GO:0051436)",8.99021091084118e-05,0.00230093210499342,"CDC20,CCNB1,UBE2C,CDK1,BUB1B,FBXO5,MAD2L1"
"193","GO_Biological_Process_2017","mitotic sister chromatid segregation (GO:0000070)",9.36203558706556e-05,0.00232348701388082,"KIF18B,ESPL1,NUSAP1,NDC80"
"556","GO_Biological_Process_2017","positive regulation of mitotic cell cycle spindle assembly checkpoint (GO:0090267)",0.000105340900693244,0.0024649770762219,"GEN1,NDC80,MAD2L1"
"594","GO_Biological_Process_2017","regulation of mitotic metaphase/anaphase transition (GO:0030071)",0.000105340900693244,0.0024649770762219,"CENPE,UBE2C,CDC6"
"190","GO_Biological_Process_2017","branching involved in ureteric bud morphogenesis (GO:0001658)",0.000118980739767276,0.00270681182970554,"BMP4,BMP2,MYC,SIX1"
"158","GO_Biological_Process_2017","negative regulation of transcription, DNA-templated (GO:0045892)",0.000122882911267005,0.00272002984669398,"WNT5A,FOXM1,BMP4,CENPF,BMP2,SFRP2,HEY1,ZNF93,ATOH8,TIMELESS,BIRC5,ID3,SOX8,TP53,MDFI,EZH2,HMX1"
"177","GO_Biological_Process_2017","positive regulation of ubiquitin-protein ligase activity involved in regulation of mitotic cell cycle transition (GO:0051437)",0.000137876473228682,0.00297160083090238,"CDC20,CCNB1,UBE2C,CDK1,BUB1B,FBXO5,MAD2L1"
"262","GO_Biological_Process_2017","DNA strand elongation involved in DNA replication (GO:0006271)",0.000166711054047712,0.00350093213500195,"GINS1,GINS2,GINS4"
"187","GO_Biological_Process_2017","calcium-dependent cell-cell adhesion via plasma membrane cell adhesion molecules (GO:0016339)",0.000184068703320472,0.00376880670048667,"PCDHB2,PCDHB5,PCDHB3,PCDHB9"
"184","GO_Biological_Process_2017","mitotic metaphase plate congression (GO:0007080)",0.000223780300610634,0.00447014795610022,"CENPE,CCNB1,CDCA5,CDCA8,KIF2C"
"481","GO_Biological_Process_2017","negative regulation of myoblast differentiation (GO:0045662)",0.000247346867793216,0.00460402465278737,"BMP4,MSTN,SOX8"
"497","GO_Biological_Process_2017","response to gamma radiation (GO:0010332)",0.000247346867793216,0.00460402465278737,"FANCD2,MYC,TP53"
"548","GO_Biological_Process_2017","regulation of chromosome segregation (GO:0051983)",0.000247346867793216,0.00460402465278737,"KIF2C,MKI67,BUB1"
"181","GO_Biological_Process_2017","DNA damage response, signal transduction by p53 class mediator resulting in cell cycle arrest (GO:0006977)",0.000295391912540011,0.0053761328082282,"CCNB1,CDK1,TP53,GTSE1,SOX4,AURKA"
"226","GO_Biological_Process_2017","embryonic skeletal system development (GO:0048706)",0.000349512340640725,0.00596355431218237,"COL1A1,WNT5A,SULF1"
"461","GO_Biological_Process_2017","pulmonary valve morphogenesis (GO:0003184)",0.000349512340640725,0.00596355431218237,"BMP4,HEY1,STRA6"
"533","GO_Biological_Process_2017","mitotic spindle midzone assembly (GO:0051256)",0.000349512340640725,0.00596355431218237,"RACGAP1,KIF4A,KIF23"
"185","GO_Biological_Process_2017","osteoblast differentiation (GO:0001649)",0.000415703401870786,0.00694818543126885,"BMP4,MRC2,BMP2,LRRC17,TNC,SOX8"
"179","GO_Biological_Process_2017","protein ubiquitination involved in ubiquitin-dependent protein catabolic process (GO:0042787)",0.000448851392414768,0.00728382660011798,"CDC20,CCNB1,PTTG1,UBE2C,CDK1,BUB1B,MAD2L1,AURKA"
"197","GO_Biological_Process_2017","cell fate commitment (GO:0045165)",0.000453571619787567,0.00728382660011798,"BMP2,WNT5A,GAS1,SOX8"
"495","GO_Biological_Process_2017","positive regulation of cartilage development (GO:0061036)",0.000475360117660823,0.00734565917668328,"BMP4,BMP2,SOX6"
"527","GO_Biological_Process_2017","positive regulation of ubiquitin protein ligase activity (GO:1904668)",0.000475360117660823,0.00734565917668328,"CDC20,UBE2C,FBXO5"
"180","GO_Biological_Process_2017","axon guidance (GO:0007411)",0.000527948806741669,0.00800722356891531,"RET,NGFR,WNT5A,EPHB2,NTN1,GFRA2,EPHB1,EPHB3"
"186","GO_Biological_Process_2017","interstrand cross-link repair (GO:0036297)",0.000555296220659074,0.00826886554035966,"FANCI,RAD51AP1,EME1,FANCD2,FANCA"
"216","GO_Biological_Process_2017","positive regulation of protein localization to nucleus (GO:1900182)",0.000806176429387064,0.0113584961072335,"NGFR,CDK1,GTSE1"
"233","GO_Biological_Process_2017","mitotic chromosome condensation (GO:0007076)",0.000806176429387064,0.0113584961072335,"CDCA5,NUSAP1,NCAPG"
"436","GO_Biological_Process_2017","dendritic spine morphogenesis (GO:0060997)",0.000806176429387064,0.0113584961072335,"EPHB2,EPHB1,EPHB3"
"188","GO_Biological_Process_2017","canonical Wnt signaling pathway (GO:0060070)",0.000818255519324511,0.0113584961072335,"TCF7L1,FZD2,PTK7,MYC,SOX4"
"204","GO_Biological_Process_2017","regulation of cyclin-dependent protein serine/threonine kinase activity (GO:0000079)",0.000927501882398783,0.0126604006947434,"CDKN2C,CDC6,PKMYT1,CDC25A"
"202","GO_Biological_Process_2017","positive regulation of neuron differentiation (GO:0045666)",0.00105270331835008,0.0141338363562085,"BMP2,TCF12,SOX11,TCF3"
"167","GO_Biological_Process_2017","positive regulation of cell proliferation (GO:0008284)",0.00113744835029911,0.0150253257886286,"F2R,IGF2,SOX11,FOXM1,AR,SFRP2,CDK4,PRC1,MYC,HAS2,BIRC5,KIF20B,SOX4"
"189","GO_Biological_Process_2017","double-strand break repair (GO:0006302)",0.00116442239453045,0.0151374911288959,"FEN1,EME1,CDCA5,BRCA2,REC8"
"382","GO_Biological_Process_2017","blood vessel development (GO:0001568)",0.00125491524823563,0.0158119321277689,"COL1A1,COL1A2,STRA6"
"397","GO_Biological_Process_2017","positive regulation of synapse assembly (GO:0051965)",0.00125491524823563,0.0158119321277689,"EPHB2,EPHB1,EPHB3"
"199","GO_Biological_Process_2017","positive regulation of cytokinesis (GO:0032467)",0.00133785114740225,0.0166015165109461,"RACGAP1,KIF23,CDC6,KIF20B"
"201","GO_Biological_Process_2017","positive regulation of osteoblast differentiation (GO:0045669)",0.00149887744317964,0.0183220988949869,"BMP4,FBN2,BMP2,SOX11"
"302","GO_Biological_Process_2017","meiotic cell cycle (GO:0051321)",0.00152779697160678,0.0184009664668523,"XRCC2,RAD54L,REC8"
"198","GO_Biological_Process_2017","mitotic spindle assembly (GO:0090307)",0.00167292173035399,0.0198568535820278,"TPX2,BIRC5,MYBL2,KIF11"
"196","GO_Biological_Process_2017","retinoid metabolic process (GO:0001523)",0.00173673791016307,0.0203198335489079,"GPC3,GPC2,SDC1,LPL,STRA6"
"182","GO_Biological_Process_2017","cellular protein metabolic process (GO:0044267)",0.00177786300867698,0.0205080254099499,"BMP4,MMP2,IGFBP2,NPPA,TNC,GPC3,IGF2,TGFBI,LYZ"
"808","GO_Biological_Process_2017","telencephalon development (GO:0021537)",0.00209144835836719,0.0225381079671411,"BMP4,BMP2"
"828","GO_Biological_Process_2017","digestive tract morphogenesis (GO:0048546)",0.00209144835836719,0.0225381079671411,"STRA6,EPHB3"
"892","GO_Biological_Process_2017","negative regulation of cardiac muscle cell differentiation (GO:2000726)",0.00209144835836719,0.0225381079671411,"BMP2,SOX6"
"909","GO_Biological_Process_2017","noradrenergic neuron differentiation (GO:0003357)",0.00209144835836719,0.0225381079671411,"SOX11,SOX4"
"920","GO_Biological_Process_2017","double-strand break repair via break-induced replication (GO:0000727)",0.00209144835836719,0.0225381079671411,"GINS2,GINS4"
"200","GO_Biological_Process_2017","angiogenesis (GO:0001525)",0.00250857212674558,0.0266820853481121,"CALCRL,HEY1,TGFBI,EPHB2,EPHB1,EPHB3"
"350","GO_Biological_Process_2017","spindle organization (GO:0007051)",0.00255885667027815,0.0268679950379206,"ASPM,KIF11,AURKA"
"183","GO_Biological_Process_2017","multicellular organism development (GO:0007275)",0.00262378127767127,0.0272009729925667,"RECQL4,HELLS,CDK4,IGF2,C19ORF57,ID3,ANGPTL2,PCOLCE,TP53"
"213","GO_Biological_Process_2017","cellular response to UV (GO:0034644)",0.00275694358636411,0.0282242099654026,"MYC,BMF,TP53,CDC25A"
"310","GO_Biological_Process_2017","ventricular septum morphogenesis (GO:0060412)",0.00297793689968414,0.0295863152724656,"HEY1,SOX11,SOX4"
"645","GO_Biological_Process_2017","urogenital system development (GO:0001655)",0.00310674372824425,0.0295863152724656,"EPHB2,EPHB3"
"664","GO_Biological_Process_2017","enteric nervous system development (GO:0048484)",0.00310674372824425,0.0295863152724656,"KIF26A,SOX8"
"665","GO_Biological_Process_2017","negative regulation of stress-activated MAPK cascade (GO:0032873)",0.00310674372824425,0.0295863152724656,"MYC,FOXM1"
"710","GO_Biological_Process_2017","regulation of embryonic development (GO:0045995)",0.00310674372824425,0.0295863152724656,"RACGAP1,CDK1"
"826","GO_Biological_Process_2017","positive regulation of osteoblast proliferation (GO:0033690)",0.00310674372824425,0.0295863152724656,"BMP2,SOX8"
"331","GO_Biological_Process_2017","positive regulation of BMP signaling pathway (GO:0030513)",0.00343679968699826,0.0319856698142224,"BMP4,SOX11,SULF1"
"339","GO_Biological_Process_2017","protein localization to nucleus (GO:0034504)",0.00343679968699826,0.0319856698142224,"BMP4,COL1A1,SIX1"
"208","GO_Biological_Process_2017","cytokinesis (GO:0000910)",0.0035970106403196,0.0331005810609186,"ESPL1,PRC1,KIF23,BRCA2"
"583","GO_Biological_Process_2017","tetrahydrofolate metabolic process (GO:0046653)",0.00430730485941536,0.0367466945818873,"MTHFD2,SHMT2"
"600","GO_Biological_Process_2017","developmental growth (GO:0048589)",0.00430730485941536,0.0367466945818873,"GAS1,STRA6"
"625","GO_Biological_Process_2017","chromosome organization (GO:0051276)",0.00430730485941536,0.0367466945818873,"MYC,CDCA8"
"629","GO_Biological_Process_2017","regulation of attachment of spindle microtubules to kinetochore (GO:0051988)",0.00430730485941536,0.0367466945818873,"RACGAP1,NEK2"
"668","GO_Biological_Process_2017","positive regulation of double-strand break repair (GO:2000781)",0.00430730485941536,0.0367466945818873,"TIMELESS,FOXM1"
"727","GO_Biological_Process_2017","negative regulation of mitotic nuclear division (GO:0045839)",0.00430730485941536,0.0367466945818873,"BMP4,CHEK1"
"738","GO_Biological_Process_2017","replicative senescence (GO:0090399)",0.00430730485941536,0.0367466945818873,"CHEK1,TP53"
"334","GO_Biological_Process_2017","positive regulation of mitotic nuclear division (GO:0045840)",0.00447832393623044,0.0370522397295009,"IGF2,NUSAP1,AURKA"
"337","GO_Biological_Process_2017","cerebral cortex development (GO:0021987)",0.00447832393623044,0.0370522397295009,"COL3A1,TACC3,WDR62"
"175","GO_Biological_Process_2017","positive regulation of transcription from RNA polymerase II promoter (GO:0045944)",0.00447884216510451,0.0370522397295009,"TCF12,WNT5A,CKAP2,SIX1,SOX11,ETV1,FOXM1,ETV4,BMP4,AR,BMP2,SFRP2,HEY1,CREB3L4,MYC,MYBL2,SOX8,TCF3,TP53,SOX4"
"218","GO_Biological_Process_2017","SMAD protein signal transduction (GO:0060395)",0.00459575308556003,0.0376392177707366,"BMP4,BMP2,MSTN,ATOH8"
"324","GO_Biological_Process_2017","DNA replication initiation (GO:0006270)",0.00506302294335152,0.0406530959863225,"PRIM1,GINS4,MCM2"
"344","GO_Biological_Process_2017","cellular response to BMP stimulus (GO:0071773)",0.00506302294335152,0.0406530959863225,"TMEM100,BMP4,BMP2"
"195","GO_Biological_Process_2017","positive regulation of cell migration (GO:0030335)",0.00548880165325802,0.0408895411876342,"COL1A1,RET,BMP2,MMP14,F2R,HAS2,GTSE1"
"555","GO_Biological_Process_2017","positive regulation of production of miRNAs involved in gene silencing by miRNA (GO:1903800)",0.00568750279454111,0.0408895411876342,"BMP4,MYCN"
"558","GO_Biological_Process_2017","eyelid development in camera-type eye (GO:0061029)",0.00568750279454111,0.0408895411876342,"SOX11,STRA6"
"569","GO_Biological_Process_2017","DNA replication checkpoint (GO:0000076)",0.00568750279454111,0.0408895411876342,"CDT1,CDC6"
"585","GO_Biological_Process_2017","kinetochore assembly (GO:0051382)",0.00568750279454111,0.0408895411876342,"CENPE,CENPF"
"591","GO_Biological_Process_2017","regulation of sensory perception of pain (GO:0051930)",0.00568750279454111,0.0408895411876342,"TMEM100,F2R"
"730","GO_Biological_Process_2017","epithelial to mesenchymal transition involved in endocardial cushion formation (GO:0003198)",0.00568750279454111,0.0408895411876342,"BMP4,HEY1"
"731","GO_Biological_Process_2017","protein localization to kinetochore (GO:0034501)",0.00568750279454111,0.0408895411876342,"CDK1,BUB1B"
"755","GO_Biological_Process_2017","hematopoietic stem cell proliferation (GO:0071425)",0.00568750279454111,0.0408895411876342,"SFRP2,WNT5A"
"769","GO_Biological_Process_2017","oligosaccharide catabolic process (GO:0009313)",0.00568750279454111,0.0408895411876342,"NEU4,MAN2B1"
"348","GO_Biological_Process_2017","mitotic cell cycle checkpoint (GO:0007093)",0.00569158448765604,0.0408895411876342,"BUB1B,BUB1,MAD2L1"
"364","GO_Biological_Process_2017","glycosaminoglycan catabolic process (GO:0006027)",0.00569158448765604,0.0408895411876342,"GPC3,SDC1,GPC2"
"264","GO_Biological_Process_2017","synapse assembly (GO:0007416)",0.00619611984324146,0.0441271491444761,"PCDHB2,PCDHB5,PCDHB3,PCDHB9"
"323","GO_Biological_Process_2017","endodermal cell differentiation (GO:0035987)",0.00636485027808991,0.0445539519466294,"MMP14,MMP15,MMP2"
"371","GO_Biological_Process_2017","strand displacement (GO:0000732)",0.00636485027808991,0.0445539519466294,"RAD51AP1,XRCC2,BRCA2"
"361","GO_Biological_Process_2017","positive regulation of fibroblast proliferation (GO:0048146)",0.00708359538540206,0.0482200103710458,"CDK4,MYC,WNT5A"
"534","GO_Biological_Process_2017","embryonic skeletal system morphogenesis (GO:0048704)",0.00724183305938784,0.0482200103710458,"SIX1,SOX11"
"549","GO_Biological_Process_2017","cardiac epithelial to mesenchymal transition (GO:0060317)",0.00724183305938784,0.0482200103710458,"BMP2,HEY1"
"606","GO_Biological_Process_2017","axonal fasciculation (GO:0007413)",0.00724183305938784,0.0482200103710458,"EPHB2,EPHB3"
"687","GO_Biological_Process_2017","spinal cord development (GO:0021510)",0.00724183305938784,0.0482200103710458,"SOX11,SOX4"
"713","GO_Biological_Process_2017","cytoplasmic sequestering of transcription factor (GO:0042994)",0.00724183305938784,0.0482200103710458,"TONSL,MDFI"
"192","GO_Biological_Process_2017","negative regulation of cell proliferation (GO:0008285)",0.0079457787889651,0.0524805873238905,"BMP4,AR,BMP2,SFRP2,CDKN2C,F2R,CDC6,TP53,DHRS2,SOX4"
"328","GO_Biological_Process_2017","CENP-A containing nucleosome assembly (GO:0034080)",0.00866030397183734,0.0560478163579085,"CENPH,HJURP,CENPM"
"489","GO_Biological_Process_2017","cardiac right ventricle morphogenesis (GO:0003215)",0.00896491323917705,0.0560478163579085,"BMP4,SOX4"
"523","GO_Biological_Process_2017","microtubule depolymerization (GO:0007019)",0.00896491323917705,0.0560478163579085,"KIF18B,KIF2C"
"535","GO_Biological_Process_2017","sympathetic nervous system development (GO:0048485)",0.00896491323917705,0.0560478163579085,"SOX11,SOX4"
"560","GO_Biological_Process_2017","UV protection (GO:0009650)",0.00896491323917705,0.0560478163579085,"MFAP4,FEN1"
"661","GO_Biological_Process_2017","positive regulation of cell adhesion mediated by integrin (GO:0033630)",0.00896491323917705,0.0560478163579085,"RET,SFRP2"
"670","GO_Biological_Process_2017","negative regulation of transcription regulatory region DNA binding (GO:2000678)",0.00896491323917705,0.0560478163579085,"HEY1,SOX11"
"240","GO_Biological_Process_2017","muscle organ development (GO:0007517)",0.00922862790359474,0.0572594413109401,"MSTN,TCF12,COL6A3,SOX6"
"336","GO_Biological_Process_2017","positive regulation of bone mineralization (GO:0030501)",0.00951950420413139,0.058620104835967,"BMP4,FBN2,BMP2"
"312","GO_Biological_Process_2017","cellular response to drug (GO:0035690)",0.0104266614417307,0.0627899685351284,"MYC,FBP1,TP53"
"315","GO_Biological_Process_2017","nucleobase-containing small molecule interconversion (GO:0015949)",0.0104266614417307,0.0627899685351284,"RRM1,RRM2,TYMS"
"318","GO_Biological_Process_2017","positive regulation of Wnt signaling pathway (GO:0030177)",0.0104266614417307,0.0627899685351284,"BMP2,SULF1,SOX4"
"191","GO_Biological_Process_2017","negative regulation of transcription from RNA polymerase II promoter (GO:0000122)",0.0106287433937718,0.0635397141569277,"CBX2,SOX11,FOXM1,BMP4,AR,BMP2,H2AFY2,HEY1,MYC,TCF3,TP53,RCOR2,MDFI,EZH2"
"643","GO_Biological_Process_2017","supramolecular fiber organization (GO:0097435)",0.0108514805996956,0.0639378605118753,"MFAP4,COL3A1"
"671","GO_Biological_Process_2017","lung alveolus development (GO:0048286)",0.0108514805996956,0.0639378605118753,"BMP4,STRA6"
"342","GO_Biological_Process_2017","epithelial to mesenchymal transition (GO:0001837)",0.0123866897982305,0.0723434466125018,"BMP2,WNT5A,FAM83D"
"506","GO_Biological_Process_2017","positive regulation of branching involved in ureteric bud morphogenesis (GO:0090190)",0.012896389750214,0.0723434466125018,"SIX1,SOX8"
"589","GO_Biological_Process_2017","keratan sulfate catabolic process (GO:0042340)",0.012896389750214,0.0723434466125018,"ACAN,LUM"
"616","GO_Biological_Process_2017","DNA damage response, signal transduction by p53 class mediator resulting in transcription of p21 class mediator (GO:0006978)",0.012896389750214,0.0723434466125018,"FOXM1,TP53"
"627","GO_Biological_Process_2017","mitotic recombination (GO:0006312)",0.012896389750214,0.0723434466125018,"TOP2A,XRCC2"
"658","GO_Biological_Process_2017","dermatan sulfate biosynthetic process (GO:0030208)",0.012896389750214,0.0723434466125018,"BCAN,UST"
"690","GO_Biological_Process_2017","resolution of meiotic recombination intermediates (GO:0000712)",0.012896389750214,0.0723434466125018,"TOP2A,EME1"
"300","GO_Biological_Process_2017","positive regulation of epithelial to mesenchymal transition (GO:0010718)",0.0134403490583245,0.0743759856673496,"COL1A1,BMP2,EZH2"
"333","GO_Biological_Process_2017","regulation of mitotic cell cycle (GO:0007346)",0.0134403490583245,0.0743759856673496,"CDK1,BIRC5,FBXO5"
"338","GO_Biological_Process_2017","DNA synthesis involved in DNA repair (GO:0000731)",0.0145435453702142,0.0799406956926539,"RAD51AP1,XRCC2,BRCA2"
"521","GO_Biological_Process_2017","positive regulation of collagen biosynthetic process (GO:0032967)",0.0150946103545826,0.0813321439500205,"BMP4,F2R"
"563","GO_Biological_Process_2017","mitotic spindle assembly checkpoint (GO:0007094)",0.0150946103545826,0.0813321439500205,"CENPF,BUB1B"
"619","GO_Biological_Process_2017","thymus development (GO:0048538)",0.0150946103545826,0.0813321439500205,"SIX1,EPHB3"
"307","GO_Biological_Process_2017","glycosaminoglycan biosynthetic process (GO:0006024)",0.016899579046199,0.0887227526094323,"GPC3,SDC1,GPC2"
"362","GO_Biological_Process_2017","negative regulation of cell death (GO:0060548)",0.016899579046199,0.0887227526094323,"BMP4,SOX11,SOX4"
"450","GO_Biological_Process_2017","endocardial cushion morphogenesis (GO:0003203)",0.0174412248719397,0.0887227526094323,"BMP2,HEY1"
"520","GO_Biological_Process_2017","positive regulation of protein export from nucleus (GO:0046827)",0.0174412248719397,0.0887227526094323,"GTSE1,TP53"
"553","GO_Biological_Process_2017","ureteric bud development (GO:0001657)",0.0174412248719397,0.0887227526094323,"BMP4,SIX1"
"571","GO_Biological_Process_2017","positive regulation of G2/M transition of mitotic cell cycle (GO:0010971)",0.0174412248719397,0.0887227526094323,"CDK4,CDK1"
"575","GO_Biological_Process_2017","regulation of double-strand break repair via homologous recombination (GO:0010569)",0.0174412248719397,0.0887227526094323,"RAD51AP1,CHEK1"
"587","GO_Biological_Process_2017","inner ear morphogenesis (GO:0042472)",0.0174412248719397,0.0887227526094323,"SIX1,EPHB2"
"598","GO_Biological_Process_2017","negative regulation of osteoclast differentiation (GO:0045671)",0.0174412248719397,0.0887227526094323,"MAFB,LRRC17"
"478","GO_Biological_Process_2017","inner ear development (GO:0048839)",0.0199314263531947,0.0977475340315359,"BMP2,SIX1"
"486","GO_Biological_Process_2017","positive regulation of pri-miRNA transcription from RNA polymerase II promoter (GO:1902895)",0.0199314263531947,0.0977475340315359,"NGFR,TP53"
"487","GO_Biological_Process_2017","negative regulation of phosphorylation (GO:0042326)",0.0199314263531947,0.0977475340315359,"BMP4,CDKN2C"
"513","GO_Biological_Process_2017","regulation of mitotic spindle organization (GO:0060236)",0.0199314263531947,0.0977475340315359,"TPX2,TACC3"
"605","GO_Biological_Process_2017","negative regulation of catalytic activity (GO:0043086)",0.0199314263531947,0.0977475340315359,"NES,TIMP4"
"609","GO_Biological_Process_2017","centriole replication (GO:0007099)",0.0199314263531947,0.0977475340315359,"PLK4,WDR62"
"297","GO_Biological_Process_2017","cellular response to retinoic acid (GO:0071300)",0.0208104028066324,0.101450713682333,"RET,PTK7,WNT5A"
"205","GO_Biological_Process_2017","positive regulation of apoptotic process (GO:0043065)",0.0213057337676993,0.103250863643466,"TOP2A,BMP4,NGFR,BMP2,SFRP2,BMF,TP53,SOX4"
"203","GO_Biological_Process_2017","negative regulation of apoptotic process (GO:0043066)",0.0216898790595772,0.10449418205761,"BMP4,NGFR,MYC,WNT5A,CDK1,BIRC5,SOX8,TP53,DHRS2,MAD2L1"
"586","GO_Biological_Process_2017","face morphogenesis (GO:0060325)",0.0225605162634942,0.108052998946209,"CRISPLD1,STRA6"
"212","GO_Biological_Process_2017","proteasome-mediated ubiquitin-dependent protein catabolic process (GO:0043161)",0.0231501878324996,0.110232580434983,"CDC20,UBE2C,CDK1,BUB1B,TP53,GTSE1,MAD2L1"
"370","GO_Biological_Process_2017","positive regulation of endothelial cell migration (GO:0010595)",0.02366988827382,0.112055713851206,"BMP4,WNT5A,ATOH8"
"225","GO_Biological_Process_2017","cell cycle arrest (GO:0007050)",0.0240921622843614,0.113399315579839,"CDKN2C,MYC,KIF20B,TP53,PRR11"
"444","GO_Biological_Process_2017","folic acid metabolic process (GO:0046655)",0.0253239023618429,0.117176700759036,"SHMT2,MTHFD2"
"482","GO_Biological_Process_2017","negative regulation of Notch signaling pathway (GO:0045746)",0.0253239023618429,0.117176700759036,"MMP14,HEY1"
"503","GO_Biological_Process_2017","skin development (GO:0043588)",0.0253239023618429,0.117176700759036,"COL3A1,COL5A2"
"286","GO_Biological_Process_2017","mitotic nuclear envelope disassembly (GO:0007077)",0.0267312347360676,0.122306599155527,"CCNB2,CCNB1,CDK1"
"299","GO_Biological_Process_2017","regulation of blood pressure (GO:0008217)",0.0267312347360676,0.122306599155527,"ACE,COL1A2,NPPA"
"449","GO_Biological_Process_2017","positive regulation of mitotic cell cycle (GO:0045931)",0.0282170965970592,0.126821642366605,"CCNB1,EIF4EBP1"
"474","GO_Biological_Process_2017","negative regulation of fibroblast proliferation (GO:0048147)",0.0282170965970592,0.126821642366605,"MYC,TP53"
"536","GO_Biological_Process_2017","negative regulation of mitotic cell cycle (GO:0045930)",0.0282170965970592,0.126821642366605,"GAS1,MAD2L1"
"376","GO_Biological_Process_2017","regulation of circadian rhythm (GO:0042752)",0.028337436572758,0.126821642366605,"TOP2A,TIMELESS,EZH2"
"242","GO_Biological_Process_2017","heart development (GO:0007507)",0.0291068502369118,0.12955712143495,"BMP2,COL3A1,SOX4,STRA6"
"285","GO_Biological_Process_2017","Notch signaling pathway (GO:0007219)",0.029993833096014,0.132783509760192,"BMP2,HEY1,MYC"
"516","GO_Biological_Process_2017","positive regulation of activated T cell proliferation (GO:0042104)",0.0312357130572564,0.137537897816629,"IGFBP2,IGF2"
"283","GO_Biological_Process_2017","positive regulation of pathway-restricted SMAD protein phosphorylation (GO:0010862)",0.0317002662353433,0.138836994902386,"BMP4,BMP2,MSTN"
"243","GO_Biological_Process_2017","ephrin receptor signaling pathway (GO:0048013)",0.0327612503881769,0.142720553552749,"MMP2,EPHB2,EPHB1,EPHB3"
"492","GO_Biological_Process_2017","G2 DNA damage checkpoint (GO:0031572)",0.0343754659632357,0.148176350652053,"CHEK1,DTL"
"531","GO_Biological_Process_2017","chondroitin sulfate biosynthetic process (GO:0030206)",0.0343754659632357,0.148176350652053,"CHST9,BCAN"
"392","GO_Biological_Process_2017","positive regulation of neuron projection development (GO:0010976)",0.0371177583908704,0.159159393309544,"RET,PTK7,WNT5A"
"278","GO_Biological_Process_2017","protein homotetramerization (GO:0051289)",0.0390221709602869,0.166453948002474,"TK1,FBP1,TP53"
"417","GO_Biological_Process_2017","odontogenesis (GO:0042476)",0.0410017267600358,0.173094918641595,"BMP4,COL1A2"
"476","GO_Biological_Process_2017","protein tetramerization (GO:0051262)",0.0410017267600358,0.173094918641595,"SHMT2,TP53"
"269","GO_Biological_Process_2017","positive regulation of endothelial cell proliferation (GO:0001938)",0.042977126380331,0.18050393079739,"BMP4,BMP2,WNT5A"
"440","GO_Biological_Process_2017","regulation of ERK1 and ERK2 cascade (GO:0070372)",0.0444801460772306,0.183061505714833,"FAM83D,EPHB1"
"463","GO_Biological_Process_2017","chondrocyte differentiation (GO:0002062)",0.0444801460772306,0.183061505714833,"BMP4,BMP2"
"465","GO_Biological_Process_2017","negative regulation of endothelial cell proliferation (GO:0001937)",0.0444801460772306,0.183061505714833,"ATOH8,SULF1"
"471","GO_Biological_Process_2017","positive regulation of cell cycle (GO:0045787)",0.0444801460772306,0.183061505714833,"CDK4,CHEK1"
"224","GO_Biological_Process_2017","proteolysis (GO:0006508)",0.044998874762087,0.184270392150746,"ACAN,MMP14,ACE,MMP15,MMP2,CTSK"
"363","GO_Biological_Process_2017","positive regulation of MAPK cascade (GO:0043410)",0.0471246650944286,0.190164365331221,"BMP2,F2R,IGF2"
"435","GO_Biological_Process_2017","negative regulation of gene expression, epigenetic (GO:0045814)",0.048063520907891,0.190164365331221,"H2AFY2,EZH2"
"441","GO_Biological_Process_2017","positive regulation of intrinsic apoptotic signaling pathway (GO:2001244)",0.048063520907891,0.190164365331221,"BMF,TP53"
"442","GO_Biological_Process_2017","positive regulation of Rho protein signal transduction (GO:0035025)",0.048063520907891,0.190164365331221,"COL3A1,F2R"
"447","GO_Biological_Process_2017","in utero embryonic development (GO:0001701)",0.048063520907891,0.190164365331221,"BMP2,SOX8"
"451","GO_Biological_Process_2017","positive regulation of release of cytochrome c from mitochondria (GO:0090200)",0.048063520907891,0.190164365331221,"BMF,TP53"
"457","GO_Biological_Process_2017","reciprocal meiotic recombination (GO:0007131)",0.048063520907891,0.190164365331221,"XRCC2,REC8"
"230","GO_Biological_Process_2017","cellular response to DNA damage stimulus (GO:0006974)",0.0492489837327293,0.193071310033638,"TOP2A,MYC,CHEK1,TIMELESS,TP53,DTL"
"277","GO_Biological_Process_2017","Ras protein signal transduction (GO:0007265)",0.0492697238058978,0.193071310033638,"CCNA2,TP53,NTN1"
"248","GO_Biological_Process_2017","platelet activation (GO:0030168)",0.0499508177351011,0.194808189166894,"COL1A1,COL3A1,COL1A2,F2R"
"238","GO_Biological_Process_2017","spermatogenesis (GO:0007283)",0.0506348977029643,0.195613118956263,"ACE,RACGAP1,PTTG1,SOX8,REC8"
"239","GO_Biological_Process_2017","cell migration (GO:0016477)",0.0506348977029643,0.195613118956263,"PTK7,CDK1,EMILIN1,FAM83D,EPHB3"
"249","GO_Biological_Process_2017","central nervous system development (GO:0007417)",0.051569167950931,0.198045057951491,"BCAN,ACAN,DCX,NES"
"439","GO_Biological_Process_2017","negative regulation of extrinsic apoptotic signaling pathway (GO:2001237)",0.051748037120414,0.198045057951491,"BMP4,AR"
"459","GO_Biological_Process_2017","activation of MAPKK activity (GO:0000186)",0.0555299693548755,0.205641878058514,"BMP4,F2R"
"428","GO_Biological_Process_2017","base-excision repair (GO:0006284)",0.0594056792698965,0.205641878058514,"RECQL4,TP53"
"429","GO_Biological_Process_2017","replication fork processing (GO:0031297)",0.0594056792698965,0.205641878058514,"EME1,TONSL"
"272","GO_Biological_Process_2017","positive regulation of cell growth (GO:0030307)",0.0606910498587893,0.205641878058514,"MMP14,SFRP2,EXOSC4"
"409","GO_Biological_Process_2017","outflow tract morphogenesis (GO:0003151)",0.0633716137964628,0.205641878058514,"SFRP2,SOX11"
"413","GO_Biological_Process_2017","cellular response to ionizing radiation (GO:0071479)",0.0633716137964628,0.205641878058514,"RAD51AP1,TP53"
"415","GO_Biological_Process_2017","beta-catenin-TCF complex assembly (GO:1904837)",0.0633716137964628,0.205641878058514,"TCF7L1,MYC"
"245","GO_Biological_Process_2017","negative regulation of cell growth (GO:0030308)",0.0636889647753858,0.205641878058514,"SFRP2,CDKN2C,TP53,FBP1"
"232","GO_Biological_Process_2017","protein deubiquitination (GO:0016579)",0.0637288658202385,0.205641878058514,"CDC20,CCNA2,AR,MYC,CDK1,TP53,CDC25A"
"267","GO_Biological_Process_2017","neuron differentiation (GO:0030182)",0.0655757039545471,0.205641878058514,"FZD2,WNT5A,SOX11"
"399","GO_Biological_Process_2017","cell development (GO:0048468)",0.0674243034113276,0.205641878058514,"BMP2,MSTN"
"408","GO_Biological_Process_2017","negative regulation of cell cycle (GO:0045786)",0.0674243034113276,0.205641878058514,"BMP4,BMP2"
"416","GO_Biological_Process_2017","positive regulation of protein insertion into mitochondrial membrane involved in apoptotic signaling pathway (GO:1900740)",0.0674243034113276,0.205641878058514,"BMF,TP53"
"420","GO_Biological_Process_2017","proteolysis involved in cellular protein catabolic process (GO:0051603)",0.0674243034113276,0.205641878058514,"CTSK,CPVL"
"421","GO_Biological_Process_2017","neurogenesis (GO:0022008)",0.0674243034113276,0.205641878058514,"WDR62,EPHB1"
"423","GO_Biological_Process_2017","keratan sulfate biosynthetic process (GO:0018146)",0.0674243034113276,0.205641878058514,"ACAN,LUM"
"432","GO_Biological_Process_2017","protein transport (GO:0015031)",0.0674243034113276,0.205641878058514,"CENPF,CALCRL"
"811","GO_Biological_Process_2017","L-serine metabolic process (GO:0006563)",0.0713775607180842,0.205641878058514,"SHMT2"
"832","GO_Biological_Process_2017","cellular response to platelet-derived growth factor stimulus (GO:0036120)",0.0713775607180842,0.205641878058514,"HAS2"
"854","GO_Biological_Process_2017","positive regulation of insulin receptor signaling pathway (GO:0046628)",0.0713775607180842,0.205641878058514,"IGF2"
"856","GO_Biological_Process_2017","positive regulation of chromosome segregation (GO:0051984)",0.0713775607180842,0.205641878058514,"CDC6"
"858","GO_Biological_Process_2017","apoptotic chromosome condensation (GO:0030263)",0.0713775607180842,0.205641878058514,"TOP2A"
"859","GO_Biological_Process_2017","regulation of mitotic cell cycle spindle assembly checkpoint (GO:0090266)",0.0713775607180842,0.205641878058514,"CCNB1"
"870","GO_Biological_Process_2017","endocardial cushion development (GO:0003197)",0.0713775607180842,0.205641878058514,"BMP4"
"871","GO_Biological_Process_2017","nuclear-transcribed mRNA catabolic process, exonucleolytic, 3'-5' (GO:0034427)",0.0713775607180842,0.205641878058514,"EXOSC4"
"873","GO_Biological_Process_2017","negative regulation of protein export from nucleus (GO:0046826)",0.0713775607180842,0.205641878058514,"SOX4"
"875","GO_Biological_Process_2017","elastic fiber assembly (GO:0048251)",0.0713775607180842,0.205641878058514,"MFAP4"
"879","GO_Biological_Process_2017","maintenance of DNA methylation (GO:0010216)",0.0713775607180842,0.205641878058514,"HELLS"
"881","GO_Biological_Process_2017","negative regulation of membrane protein ectodomain proteolysis (GO:0051045)",0.0713775607180842,0.205641878058514,"TIMP4"
"890","GO_Biological_Process_2017","oligodendrocyte differentiation (GO:0048709)",0.0713775607180842,0.205641878058514,"SOX8"
"891","GO_Biological_Process_2017","membranous septum morphogenesis (GO:0003149)",0.0713775607180842,0.205641878058514,"BMP4"
"894","GO_Biological_Process_2017","positive regulation of epidermal cell differentiation (GO:0045606)",0.0713775607180842,0.205641878058514,"BMP4"
"897","GO_Biological_Process_2017","regulation of gluconeogenesis (GO:0006111)",0.0713775607180842,0.205641878058514,"FBP1"
"902","GO_Biological_Process_2017","establishment of protein localization to telomere (GO:0070200)",0.0713775607180842,0.205641878058514,"BRCA2"
"903","GO_Biological_Process_2017","polyadenylation-dependent snoRNA 3'-end processing (GO:0071051)",0.0713775607180842,0.205641878058514,"EXOSC4"
"904","GO_Biological_Process_2017","negative regulation of insulin-like growth factor receptor signaling pathway (GO:0043569)",0.0713775607180842,0.205641878058514,"BMP2"
"906","GO_Biological_Process_2017","U4 snRNA 3'-end processing (GO:0034475)",0.0713775607180842,0.205641878058514,"EXOSC4"
"907","GO_Biological_Process_2017","positive regulation of cardiac muscle contraction (GO:0060452)",0.0713775607180842,0.205641878058514,"NPPA"
"910","GO_Biological_Process_2017","DNA protection (GO:0042262)",0.0713775607180842,0.205641878058514,"NUDT1"
"912","GO_Biological_Process_2017","mesenchymal to epithelial transition involved in metanephros morphogenesis (GO:0003337)",0.0713775607180842,0.205641878058514,"BMP4"
"916","GO_Biological_Process_2017","atrioventricular canal development (GO:0036302)",0.0713775607180842,0.205641878058514,"HAS2"
"918","GO_Biological_Process_2017","chondrocyte development (GO:0002063)",0.0713775607180842,0.205641878058514,"SULF1"
"919","GO_Biological_Process_2017","morphogenesis of an epithelium (GO:0002009)",0.0713775607180842,0.205641878058514,"TIMELESS"
"921","GO_Biological_Process_2017","regulation of Ras protein signal transduction (GO:0046578)",0.0713775607180842,0.205641878058514,"FOXM1"
"923","GO_Biological_Process_2017","non-canonical Wnt signaling pathway (GO:0035567)",0.0713775607180842,0.205641878058514,"WNT5A"
"925","GO_Biological_Process_2017","positive regulation of mitotic metaphase/anaphase transition (GO:0045842)",0.0713775607180842,0.205641878058514,"ESPL1"
"928","GO_Biological_Process_2017","positive regulation of cholesterol storage (GO:0010886)",0.0713775607180842,0.205641878058514,"LPL"
"929","GO_Biological_Process_2017","regulation of insulin-like growth factor receptor signaling pathway (GO:0043567)",0.0713775607180842,0.205641878058514,"IGFBP2"
"931","GO_Biological_Process_2017","positive regulation of cell cycle G1/S phase transition (GO:1902808)",0.0713775607180842,0.205641878058514,"FAM83D"
"933","GO_Biological_Process_2017","membrane repolarization during atrial cardiac muscle cell action potential (GO:0098914)",0.0713775607180842,0.205641878058514,"KCNN2"
"934","GO_Biological_Process_2017","regulation of cell division (GO:0051302)",0.0713775607180842,0.205641878058514,"KIF18B"
"935","GO_Biological_Process_2017","type B pancreatic cell development (GO:0003323)",0.0713775607180842,0.205641878058514,"BMP4"
"937","GO_Biological_Process_2017","lens morphogenesis in camera-type eye (GO:0002089)",0.0713775607180842,0.205641878058514,"SOX11"
"938","GO_Biological_Process_2017","positive regulation of myotube differentiation (GO:0010831)",0.0713775607180842,0.205641878058514,"MMP14"
"939","GO_Biological_Process_2017","peripheral nervous system neuron development (GO:0048935)",0.0713775607180842,0.205641878058514,"ETV1"
"940","GO_Biological_Process_2017","fructose metabolic process (GO:0006000)",0.0713775607180842,0.205641878058514,"FBP1"
"941","GO_Biological_Process_2017","diaphragm development (GO:0060539)",0.0713775607180842,0.205641878058514,"STRA6"
"944","GO_Biological_Process_2017","meiotic DNA recombinase assembly (GO:0000707)",0.0713775607180842,0.205641878058514,"XRCC2"
"945","GO_Biological_Process_2017","free ubiquitin chain polymerization (GO:0010994)",0.0713775607180842,0.205641878058514,"UBE2C"
"946","GO_Biological_Process_2017","regulation of fibroblast growth factor receptor signaling pathway (GO:0040036)",0.0713775607180842,0.205641878058514,"SULF1"
"949","GO_Biological_Process_2017","de novo centriole assembly involved in multi-ciliated epithelial cell differentiation (GO:0098535)",0.0713775607180842,0.205641878058514,"PLK4"
"950","GO_Biological_Process_2017","presynapse assembly (GO:0099054)",0.0713775607180842,0.205641878058514,"WNT5A"
"953","GO_Biological_Process_2017","substrate-dependent cell migration, cell extension (GO:0006930)",0.0713775607180842,0.205641878058514,"NTN1"
"957","GO_Biological_Process_2017","steroid hormone mediated signaling pathway (GO:0043401)",0.0713775607180842,0.205641878058514,"BMP4"
"959","GO_Biological_Process_2017","commissural neuron axon guidance (GO:0071679)",0.0713775607180842,0.205641878058514,"EPHB2"
"962","GO_Biological_Process_2017","STAT protein import into nucleus (GO:0007262)",0.0713775607180842,0.205641878058514,"F2R"
"963","GO_Biological_Process_2017","negative regulation of glycolytic process (GO:0045820)",0.0713775607180842,0.205641878058514,"FBP1"
"964","GO_Biological_Process_2017","regulation of histone H3-K9 acetylation (GO:2000615)",0.0713775607180842,0.205641878058514,"CHEK1"
"445","GO_Biological_Process_2017","cellular response to transforming growth factor beta stimulus (GO:0071560)",0.0715603604965526,0.205641878058514,"WNT5A,SOX6"
"488","GO_Biological_Process_2017","response to cytokine (GO:0034097)",0.0715603604965526,0.205641878058514,"COL3A1,TIMP4"
"494","GO_Biological_Process_2017","telomere maintenance via recombination (GO:0000722)",0.0715603604965526,0.205641878058514,"FEN1,PRIM1"
"261","GO_Biological_Process_2017","regulation of transcription, DNA-templated (GO:0006355)",0.0749433609619856,0.206649798376113,"HES6,BMP2,TCF7L1,MAFB,IGF2,SIX1,TCF3,SOX6,TP53,SOX4,EZH2"
"427","GO_Biological_Process_2017","positive regulation of cysteine-type endopeptidase activity involved in apoptotic process (GO:0043280)",0.0757764776760142,0.206649798376113,"MYC,F2R"
"431","GO_Biological_Process_2017","embryo development (GO:0009790)",0.0757764776760142,0.206649798376113,"BMP2,MDFI"
"304","GO_Biological_Process_2017","protein sumoylation (GO:0016925)",0.0785416368395652,0.206649798376113,"TOP2A,BIRC5,CDCA8"
"268","GO_Biological_Process_2017","regulation of apoptotic process (GO:0042981)",0.0790159721108633,0.206649798376113,"TP53I3,MSTN,BIRC5,GAS1,TP53"
"462","GO_Biological_Process_2017","positive regulation of epithelial cell proliferation (GO:0050679)",0.0800694261947234,0.206649798376113,"BMP4,MYC"
"468","GO_Biological_Process_2017","exonucleolytic nuclear-transcribed mRNA catabolic process involved in deadenylation-dependent decay (GO:0043928)",0.0800694261947234,0.206649798376113,"LSM7,EXOSC4"
"484","GO_Biological_Process_2017","positive regulation of fat cell differentiation (GO:0045600)",0.0800694261947234,0.206649798376113,"BMP2,SFRP2"
"301","GO_Biological_Process_2017","axonogenesis (GO:0007409)",0.081259683708572,0.206649798376113,"LUM,LRRN1,LRRC55"
"430","GO_Biological_Process_2017","centrosome cycle (GO:0007098)",0.0844360543451895,0.206649798376113,"XRCC2,CDK1"
"452","GO_Biological_Process_2017","positive regulation of telomerase activity (GO:0051973)",0.0844360543451895,0.206649798376113,"MYC,NEK2"
"460","GO_Biological_Process_2017","nucleotide-excision repair (GO:0006289)",0.0844360543451895,0.206649798376113,"BRCA2,TP53"
"768","GO_Biological_Process_2017","cellular response to magnesium ion (GO:0071286)",0.0850317241181318,0.206649798376113,"FBP1"
"799","GO_Biological_Process_2017","cochlea development (GO:0090102)",0.0850317241181318,0.206649798376113,"MCM2"
"803","GO_Biological_Process_2017","platelet dense granule organization (GO:0060155)",0.0850317241181318,0.206649798376113,"F2R"
"809","GO_Biological_Process_2017","Golgi disassembly (GO:0090166)",0.0850317241181318,0.206649798376113,"CDK1"
"812","GO_Biological_Process_2017","regulation of atrial cardiac muscle cell membrane repolarization (GO:0060372)",0.0850317241181318,0.206649798376113,"NPPA"
"813","GO_Biological_Process_2017","mesenchymal cell differentiation (GO:0048762)",0.0850317241181318,0.206649798376113,"BMP2"
"818","GO_Biological_Process_2017","positive regulation of type I interferon-mediated signaling pathway (GO:0060340)",0.0850317241181318,0.206649798376113,"WNT5A"
"823","GO_Biological_Process_2017","aortic valve morphogenesis (GO:0003180)",0.0850317241181318,0.206649798376113,"BMP4"
"829","GO_Biological_Process_2017","neuromuscular process (GO:0050905)",0.0850317241181318,0.206649798376113,"STRA6"
"833","GO_Biological_Process_2017","heart trabecula formation (GO:0060347)",0.0850317241181318,0.206649798376113,"HEY1"
"835","GO_Biological_Process_2017","response to type I interferon (GO:0034340)",0.0850317241181318,0.206649798376113,"SHMT2"
"842","GO_Biological_Process_2017","positive regulation of chromatin binding (GO:0035563)",0.0850317241181318,0.206649798376113,"CDT1"
"847","GO_Biological_Process_2017","tetrahydrofolate interconversion (GO:0035999)",0.0850317241181318,0.206649798376113,"TYMS"
"850","GO_Biological_Process_2017","hematopoietic stem cell differentiation (GO:0060218)",0.0850317241181318,0.206649798376113,"ACE"
"851","GO_Biological_Process_2017","positive regulation of neuron migration (GO:2001224)",0.0850317241181318,0.206649798376113,"KIF20B"
"855","GO_Biological_Process_2017","negative regulation of erythrocyte differentiation (GO:0045647)",0.0850317241181318,0.206649798376113,"MAFB"
"861","GO_Biological_Process_2017","Wnt signaling pathway involved in midbrain dopaminergic neuron differentiation (GO:1904953)",0.0850317241181318,0.206649798376113,"WNT5A"
"862","GO_Biological_Process_2017","regulation of G2/M transition of mitotic cell cycle (GO:0010389)",0.0850317241181318,0.206649798376113,"CENPF"
"863","GO_Biological_Process_2017","post-embryonic development (GO:0009791)",0.0850317241181318,0.206649798376113,"BMP4"
"865","GO_Biological_Process_2017","negative regulation of cell division (GO:0051782)",0.0850317241181318,0.206649798376113,"MYC"
"882","GO_Biological_Process_2017","oxygen transport (GO:0015671)",0.0850317241181318,0.206649798376113,"MYC"
"887","GO_Biological_Process_2017","glycine metabolic process (GO:0006544)",0.0850317241181318,0.206649798376113,"SHMT2"
"895","GO_Biological_Process_2017","response to growth factor (GO:0070848)",0.0850317241181318,0.206649798376113,"MYC"
"911","GO_Biological_Process_2017","extracellular matrix assembly (GO:0085029)",0.0850317241181318,0.206649798376113,"HAS2"
"914","GO_Biological_Process_2017","mitral valve morphogenesis (GO:0003183)",0.0850317241181318,0.206649798376113,"SOX4"
"917","GO_Biological_Process_2017","protein localization to microtubule (GO:0035372)",0.0850317241181318,0.206649798376113,"KIF20B"
"922","GO_Biological_Process_2017","retinal ganglion cell axon guidance (GO:0031290)",0.0850317241181318,0.206649798376113,"EPHB1"
"930","GO_Biological_Process_2017","organelle organization (GO:0006996)",0.0850317241181318,0.206649798376113,"KIF4A"
"942","GO_Biological_Process_2017","blood vessel endothelial cell proliferation involved in sprouting angiogenesis (GO:0002043)",0.0850317241181318,0.206649798376113,"BMP4"
"943","GO_Biological_Process_2017","ectoderm development (GO:0007398)",0.0850317241181318,0.206649798376113,"VAX2"
"947","GO_Biological_Process_2017","glycoprotein catabolic process (GO:0006516)",0.0850317241181318,0.206649798376113,"NEU4"
"948","GO_Biological_Process_2017","fructose 6-phosphate metabolic process (GO:0006002)",0.0850317241181318,0.206649798376113,"FBP1"
"951","GO_Biological_Process_2017","positive regulation of astrocyte differentiation (GO:0048711)",0.0850317241181318,0.206649798376113,"BMP2"
"952","GO_Biological_Process_2017","regulation of blood vessel diameter (GO:0097746)",0.0850317241181318,0.206649798376113,"ACE"
"954","GO_Biological_Process_2017","protein insertion into mitochondrial membrane involved in apoptotic signaling pathway (GO:0001844)",0.0850317241181318,0.206649798376113,"BMF"
"955","GO_Biological_Process_2017","positive regulation of neural precursor cell proliferation (GO:2000179)",0.0850317241181318,0.206649798376113,"NES"
"956","GO_Biological_Process_2017","establishment of epithelial cell polarity (GO:0090162)",0.0850317241181318,0.206649798376113,"FERMT1"
"958","GO_Biological_Process_2017","formation of translation preinitiation complex (GO:0001731)",0.0850317241181318,0.206649798376113,"TICRR"
"960","GO_Biological_Process_2017","regulation of cell cycle arrest (GO:0071156)",0.0850317241181318,0.206649798376113,"FOXM1"
"961","GO_Biological_Process_2017","neuroblast proliferation (GO:0007405)",0.0850317241181318,0.206649798376113,"RACGAP1"
"543","GO_Biological_Process_2017","DNA damage response, detection of DNA damage (GO:0042769)",0.0888732859262451,0.210600170447842,"DTL,SOX4"
"317","GO_Biological_Process_2017","regulation of gene expression (GO:0010468)",0.0925285100122869,0.210600170447842,"CDK4,MYC,CDK1"
"446","GO_Biological_Process_2017","negative regulation of Wnt signaling pathway (GO:0030178)",0.0933781186841683,0.210600170447842,"SFRP2,MDFI"
"500","GO_Biological_Process_2017","Wnt signaling pathway, calcium modulating pathway (GO:0007223)",0.0933781186841683,0.210600170447842,"FZD2,WNT5A"
"327","GO_Biological_Process_2017","BMP signaling pathway (GO:0030509)",0.0954418242113565,0.210600170447842,"BMP4,TMEM100,BMP2"
"292","GO_Biological_Process_2017","positive regulation of gene expression (GO:0010628)",0.0966979468185591,0.210600170447842,"AR,BMP2,MYCN,MYC,SOX11,TP53"
"477","GO_Biological_Process_2017","wound healing (GO:0042060)",0.0979476228555235,0.210600170447842,"COL3A1,WNT5A"
"748","GO_Biological_Process_2017","negative regulation of double-strand break repair via homologous recombination (GO:2000042)",0.0984857939945343,0.210600170447842,"PARPBP"
"763","GO_Biological_Process_2017","positive regulation of B cell differentiation (GO:0045579)",0.0984857939945343,0.210600170447842,"MMP14"
"766","GO_Biological_Process_2017","ER overload response (GO:0006983)",0.0984857939945343,0.210600170447842,"TP53"
"775","GO_Biological_Process_2017","negative regulation of ubiquitin protein ligase activity (GO:1904667)",0.0984857939945343,0.210600170447842,"MAD2L1"
"777","GO_Biological_Process_2017","nuclear mRNA surveillance (GO:0071028)",0.0984857939945343,0.210600170447842,"EXOSC4"
"779","GO_Biological_Process_2017","cardiac septum morphogenesis (GO:0060411)",0.0984857939945343,0.210600170447842,"HEY1"
"780","GO_Biological_Process_2017","establishment of protein localization to chromatin (GO:0071169)",0.0984857939945343,0.210600170447842,"H2AFY2"
"781","GO_Biological_Process_2017","metanephric mesenchyme development (GO:0072075)",0.0984857939945343,0.210600170447842,"SIX1"
"783","GO_Biological_Process_2017","cardiac ventricle morphogenesis (GO:0003208)",0.0984857939945343,0.210600170447842,"HEY1"
"788","GO_Biological_Process_2017","positive regulation of protein kinase C signaling (GO:0090037)",0.0984857939945343,0.210600170447842,"WNT5A"
"805","GO_Biological_Process_2017","very-low-density lipoprotein particle remodeling (GO:0034372)",0.0984857939945343,0.210600170447842,"LPL"
"807","GO_Biological_Process_2017","positive regulation of vascular smooth muscle cell proliferation (GO:1904707)",0.0984857939945343,0.210600170447842,"MMP2"
"814","GO_Biological_Process_2017","pharyngeal arch artery morphogenesis (GO:0061626)",0.0984857939945343,0.210600170447842,"BMP4"
"819","GO_Biological_Process_2017","chromatin assembly (GO:0031497)",0.0984857939945343,0.210600170447842,"TP53"
"825","GO_Biological_Process_2017","dorsal aorta morphogenesis (GO:0035912)",0.0984857939945343,0.210600170447842,"HEY1"
"827","GO_Biological_Process_2017","positive regulation of DNA biosynthetic process (GO:2000573)",0.0984857939945343,0.210600170447842,"MYC"
"830","GO_Biological_Process_2017","positive regulation of urine volume (GO:0035810)",0.0984857939945343,0.210600170447842,"HAS2"
"831","GO_Biological_Process_2017","negative regulation of immune response (GO:0050777)",0.0984857939945343,0.210600170447842,"COL3A1"
"860","GO_Biological_Process_2017","head development (GO:0060322)",0.0984857939945343,0.210600170447842,"STRA6"
"866","GO_Biological_Process_2017","cellular response to hydroxyurea (GO:0072711)",0.0984857939945343,0.210600170447842,"TIMELESS"
"874","GO_Biological_Process_2017","response to muscle stretch (GO:0035994)",0.0984857939945343,0.210600170447842,"NPPA"
"876","GO_Biological_Process_2017","regulation of cysteine-type endopeptidase activity involved in apoptotic process (GO:0043281)",0.0984857939945343,0.210600170447842,"NGFR"
"880","GO_Biological_Process_2017","positive regulation of transcription from RNA polymerase II promoter involved in cellular response to chemical stimulus (GO:1901522)",0.0984857939945343,0.210600170447842,"BMP2"
"883","GO_Biological_Process_2017","riboflavin metabolic process (GO:0006771)",0.0984857939945343,0.210600170447842,"ACP5"
"884","GO_Biological_Process_2017","tube formation (GO:0035148)",0.0984857939945343,0.210600170447842,"ATOH8"
"888","GO_Biological_Process_2017","positive regulation of histone deacetylation (GO:0031065)",0.0984857939945343,0.210600170447842,"TP53"
"889","GO_Biological_Process_2017","keratinocyte proliferation (GO:0043616)",0.0984857939945343,0.210600170447842,"FERMT1"
"893","GO_Biological_Process_2017","cornea development in camera-type eye (GO:0061303)",0.0984857939945343,0.210600170447842,"SOX11"
"896","GO_Biological_Process_2017","generation of neurons (GO:0048699)",0.0984857939945343,0.210600170447842,"SIX1"
"898","GO_Biological_Process_2017","thyroid gland development (GO:0030878)",0.0984857939945343,0.210600170447842,"SIX1"
"899","GO_Biological_Process_2017","cellular response to fluid shear stress (GO:0071498)",0.0984857939945343,0.210600170447842,"HAS2"
"905","GO_Biological_Process_2017","strand invasion (GO:0042148)",0.0984857939945343,0.210600170447842,"XRCC2"
"908","GO_Biological_Process_2017","embryonic eye morphogenesis (GO:0048048)",0.0984857939945343,0.210600170447842,"FBN2"
"915","GO_Biological_Process_2017","positive regulation of sequestering of triglyceride (GO:0010890)",0.0984857939945343,0.210600170447842,"LPL"
"924","GO_Biological_Process_2017","fructose 1,6-bisphosphate metabolic process (GO:0030388)",0.0984857939945343,0.210600170447842,"FBP1"
"926","GO_Biological_Process_2017","mannose metabolic process (GO:0006013)",0.0984857939945343,0.210600170447842,"MAN2B1"
"927","GO_Biological_Process_2017","hyaluronan biosynthetic process (GO:0030213)",0.0984857939945343,0.210600170447842,"HAS2"
"932","GO_Biological_Process_2017","cell cycle phase transition (GO:0044770)",0.0984857939945343,0.210600170447842,"TIMELESS"
"936","GO_Biological_Process_2017","positive regulation of chemokine secretion (GO:0090197)",0.0984857939945343,0.210600170447842,"LPL"
"504","GO_Biological_Process_2017","response to ionizing radiation (GO:0010212)",0.102578939646257,0.218781644714284,"XRCC2,TICRR"
"456","GO_Biological_Process_2017","positive regulation of inflammatory response (GO:0050729)",0.107269279833533,0.221591441523969,"WNT5A,LPL"
"480","GO_Biological_Process_2017","cell growth (GO:0016049)",0.107269279833533,0.221591441523969,"AR,TYMS"
"508","GO_Biological_Process_2017","positive regulation of protein binding (GO:0032092)",0.107269279833533,0.221591441523969,"BMP4,BMP2"
"502","GO_Biological_Process_2017","negative regulation of cell migration (GO:0030336)",0.107460693120165,0.221591441523969,"SFRP2,SULF1,FAM60A"
"316","GO_Biological_Process_2017","regulation of signal transduction by p53 class mediator (GO:1901796)",0.11036665603786,0.221591441523969,"TPX2,CHEK1,TP53,AURKA"
"716","GO_Biological_Process_2017","telomeric D-loop disassembly (GO:0061820)",0.111742692734309,0.221591441523969,"RECQL4"
"722","GO_Biological_Process_2017","arachidonic acid secretion (GO:0050482)",0.111742692734309,0.221591441523969,"ACE"
"728","GO_Biological_Process_2017","neutrophil mediated immunity (GO:0002446)",0.111742692734309,0.221591441523969,"ACE"
"736","GO_Biological_Process_2017","atrioventricular valve morphogenesis (GO:0003181)",0.111742692734309,0.221591441523969,"BMP2"
"743","GO_Biological_Process_2017","histone phosphorylation (GO:0016572)",0.111742692734309,0.221591441523969,"CCNA2"
"744","GO_Biological_Process_2017","regulation of cell-cell adhesion (GO:0022407)",0.111742692734309,0.221591441523969,"EPHB3"
"745","GO_Biological_Process_2017","positive regulation of macrophage activation (GO:0043032)",0.111742692734309,0.221591441523969,"WNT5A"
"762","GO_Biological_Process_2017","DNA topological change (GO:0006265)",0.111742692734309,0.221591441523969,"TOP2A"
"772","GO_Biological_Process_2017","positive regulation of synapse maturation (GO:0090129)",0.111742692734309,0.221591441523969,"CDC20"
"773","GO_Biological_Process_2017","mitotic sister chromatid cohesion (GO:0007064)",0.111742692734309,0.221591441523969,"CDCA5"
"778","GO_Biological_Process_2017","negative regulation of protein processing (GO:0010955)",0.111742692734309,0.221591441523969,"GAS1"
"784","GO_Biological_Process_2017","ventricular septum development (GO:0003281)",0.111742692734309,0.221591441523969,"STRA6"
"785","GO_Biological_Process_2017","positive regulation of vasculogenesis (GO:2001214)",0.111742692734309,0.221591441523969,"TMEM100"
"786","GO_Biological_Process_2017","regulation of gene expression by genetic imprinting (GO:0006349)",0.111742692734309,0.221591441523969,"IGF2"
"789","GO_Biological_Process_2017","negative regulation of telomerase activity (GO:0051974)",0.111742692734309,0.221591441523969,"TP53"
"801","GO_Biological_Process_2017","positive regulation of execution phase of apoptosis (GO:1900119)",0.111742692734309,0.221591441523969,"TP53"
"802","GO_Biological_Process_2017","DNA damage induced protein phosphorylation (GO:0006975)",0.111742692734309,0.221591441523969,"CHEK1"
"846","GO_Biological_Process_2017","endochondral ossification (GO:0001958)",0.111742692734309,0.221591441523969,"BMP4"
"872","GO_Biological_Process_2017","negative regulation of retinoic acid receptor signaling pathway (GO:0048387)",0.111742692734309,0.221591441523969,"EZH2"
"877","GO_Biological_Process_2017","cellular response to UV-B (GO:0071493)",0.111742692734309,0.221591441523969,"MFAP4"
"878","GO_Biological_Process_2017","positive regulation of T cell chemotaxis (GO:0010820)",0.111742692734309,0.221591441523969,"WNT5A"
"900","GO_Biological_Process_2017","glomerular basement membrane development (GO:0032836)",0.111742692734309,0.221591441523969,"SULF1"
"901","GO_Biological_Process_2017","adipose tissue development (GO:0060612)",0.111742692734309,0.221591441523969,"SOX8"
"913","GO_Biological_Process_2017","chromatin-mediated maintenance of transcription (GO:0048096)",0.111742692734309,0.221591441523969,"CHEK1"
"470","GO_Biological_Process_2017","male gonad development (GO:0008584)",0.112015922342035,0.221596715937503,"WNT5A,SOX8"
"455","GO_Biological_Process_2017","Rho protein signal transduction (GO:0007266)",0.116816212850312,0.229981919049051,"NGFR,COL1A2"
"458","GO_Biological_Process_2017","chromatin organization (GO:0006325)",0.116816212850312,0.229981919049051,"TCF7L1,EZH2"
"652","GO_Biological_Process_2017","intracellular receptor signaling pathway (GO:0030522)",0.124805300201222,0.231256879784617,"AR"
"663","GO_Biological_Process_2017","membrane protein proteolysis (GO:0033619)",0.124805300201222,0.231256879784617,"RET"
"677","GO_Biological_Process_2017","energy reserve metabolic process (GO:0006112)",0.124805300201222,0.231256879784617,"MYC"
"703","GO_Biological_Process_2017","adrenal gland development (GO:0030325)",0.124805300201222,0.231256879784617,"STRA6"
"706","GO_Biological_Process_2017","positive regulation of response to DNA damage stimulus (GO:2001022)",0.124805300201222,0.231256879784617,"MYC"
"707","GO_Biological_Process_2017","Notch signaling involved in heart development (GO:0061314)",0.124805300201222,0.231256879784617,"HEY1"
"719","GO_Biological_Process_2017","rRNA catabolic process (GO:0016075)",0.124805300201222,0.231256879784617,"EXOSC4"
"721","GO_Biological_Process_2017","negative regulation of peptidyl-tyrosine phosphorylation (GO:0050732)",0.124805300201222,0.231256879784617,"SFRP2"
"723","GO_Biological_Process_2017","genitalia development (GO:0048806)",0.124805300201222,0.231256879784617,"WNT5A"
"725","GO_Biological_Process_2017","chylomicron remodeling (GO:0034371)",0.124805300201222,0.231256879784617,"LPL"
"746","GO_Biological_Process_2017","positive regulation of blood coagulation (GO:0030194)",0.124805300201222,0.231256879784617,"F2R"
"747","GO_Biological_Process_2017","nucleic acid phosphodiester bond hydrolysis (GO:0090305)",0.124805300201222,0.231256879784617,"FEN1"
"765","GO_Biological_Process_2017","neurotrophin TRK receptor signaling pathway (GO:0048011)",0.124805300201222,0.231256879784617,"NGFR"
"774","GO_Biological_Process_2017","forebrain development (GO:0030900)",0.124805300201222,0.231256879784617,"VAX2"
"794","GO_Biological_Process_2017","cell cycle checkpoint (GO:0000075)",0.124805300201222,0.231256879784617,"TICRR"
"796","GO_Biological_Process_2017","anoikis (GO:0043276)",0.124805300201222,0.231256879784617,"BMF"
"834","GO_Biological_Process_2017","mitotic DNA replication checkpoint (GO:0033314)",0.124805300201222,0.231256879784617,"TICRR"
"839","GO_Biological_Process_2017","mitotic G1 DNA damage checkpoint (GO:0031571)",0.124805300201222,0.231256879784617,"TP53"
"843","GO_Biological_Process_2017","embryonic digestive tract morphogenesis (GO:0048557)",0.124805300201222,0.231256879784617,"SOX11"
"844","GO_Biological_Process_2017","pattern specification process (GO:0007389)",0.124805300201222,0.231256879784617,"SIX1"
"845","GO_Biological_Process_2017","cardiac muscle tissue morphogenesis (GO:0055008)",0.124805300201222,0.231256879784617,"BMP2"
"857","GO_Biological_Process_2017","attachment of spindle microtubules to kinetochore (GO:0008608)",0.124805300201222,0.231256879784617,"NDC80"
"867","GO_Biological_Process_2017","positive regulation of protein homooligomerization (GO:0032464)",0.124805300201222,0.231256879784617,"BMF"
"869","GO_Biological_Process_2017","regulation of protein catabolic process (GO:0042176)",0.124805300201222,0.231256879784617,"FAM83D"
"885","GO_Biological_Process_2017","tyrosine phosphorylation of STAT protein (GO:0007260)",0.124805300201222,0.231256879784617,"F2R"
"886","GO_Biological_Process_2017","protein deglycosylation (GO:0006517)",0.124805300201222,0.231256879784617,"MAN2B1"
"379","GO_Biological_Process_2017","activation of MAPK activity (GO:0000187)",0.126514764347184,0.233895241535764,"BMP2,WNT5A,CDK1"
"469","GO_Biological_Process_2017","negative regulation of protein binding (GO:0032091)",0.131513401811119,0.237884000151092,"NES,AURKA"
"636","GO_Biological_Process_2017","cellular response to steroid hormone stimulus (GO:0071383)",0.137676454299899,0.237884000151092,"AR"
"653","GO_Biological_Process_2017","macrophage differentiation (GO:0030225)",0.137676454299899,0.237884000151092,"BMP4"
"659","GO_Biological_Process_2017","cardiac left ventricle morphogenesis (GO:0003214)",0.137676454299899,0.237884000151092,"SFRP2"
"662","GO_Biological_Process_2017","regulation of mitochondrial membrane permeability (GO:0046902)",0.137676454299899,0.237884000151092,"TP53"
"666","GO_Biological_Process_2017","positive regulation of transcription from RNA polymerase III promoter (GO:0045945)",0.137676454299899,0.237884000151092,"AR"
"669","GO_Biological_Process_2017","DNA ligation (GO:0006266)",0.137676454299899,0.237884000151092,"TOP2A"
"680","GO_Biological_Process_2017","heart contraction (GO:0060047)",0.137676454299899,0.237884000151092,"ACE"
"699","GO_Biological_Process_2017","positive regulation of heart rate (GO:0010460)",0.137676454299899,0.237884000151092,"NPPA"
"701","GO_Biological_Process_2017","receptor guanylyl cyclase signaling pathway (GO:0007168)",0.137676454299899,0.237884000151092,"NPPA"
"705","GO_Biological_Process_2017","amyloid-beta metabolic process (GO:0050435)",0.137676454299899,0.237884000151092,"ACE"
"714","GO_Biological_Process_2017","glomerular filtration (GO:0003094)",0.137676454299899,0.237884000151092,"SULF1"
"715","GO_Biological_Process_2017","somite development (GO:0061053)",0.137676454299899,0.237884000151092,"SOX11"
"734","GO_Biological_Process_2017","renal system development (GO:0072001)",0.137676454299899,0.237884000151092,"BMP4"
"761","GO_Biological_Process_2017","DNA replication-dependent nucleosome assembly (GO:0006335)",0.137676454299899,0.237884000151092,"ASF1B"
"800","GO_Biological_Process_2017","branching morphogenesis of an epithelial tube (GO:0048754)",0.137676454299899,0.237884000151092,"BMP4"
"810","GO_Biological_Process_2017","positive regulation of mesenchymal cell proliferation (GO:0002053)",0.137676454299899,0.237884000151092,"MYC"
"815","GO_Biological_Process_2017","cardiac muscle cell differentiation (GO:0055007)",0.137676454299899,0.237884000151092,"BMP2"
"817","GO_Biological_Process_2017","mesonephros development (GO:0001823)",0.137676454299899,0.237884000151092,"BMP4"
"822","GO_Biological_Process_2017","inhibition of cysteine-type endopeptidase activity involved in apoptotic process (GO:1990001)",0.137676454299899,0.237884000151092,"BIRC5"
"824","GO_Biological_Process_2017","response to X-ray (GO:0010165)",0.137676454299899,0.237884000151092,"TP53"
"836","GO_Biological_Process_2017","embryonic cranial skeleton morphogenesis (GO:0048701)",0.137676454299899,0.237884000151092,"SIX1"
"837","GO_Biological_Process_2017","neuron cell-cell adhesion (GO:0007158)",0.137676454299899,0.237884000151092,"RET"
"838","GO_Biological_Process_2017","myeloid dendritic cell differentiation (GO:0043011)",0.137676454299899,0.237884000151092,"DHRS2"
"840","GO_Biological_Process_2017","neural crest cell migration (GO:0001755)",0.137676454299899,0.237884000151092,"SOX8"
"848","GO_Biological_Process_2017","sex differentiation (GO:0007548)",0.137676454299899,0.237884000151092,"AR"
"849","GO_Biological_Process_2017","methylation-dependent chromatin silencing (GO:0006346)",0.137676454299899,0.237884000151092,"HELLS"
"852","GO_Biological_Process_2017","sulfate transport (GO:0008272)",0.137676454299899,0.237884000151092,"RACGAP1"
"853","GO_Biological_Process_2017","regulation of vasoconstriction (GO:0019229)",0.137676454299899,0.237884000151092,"ACE"
"864","GO_Biological_Process_2017","I-kappaB phosphorylation (GO:0007252)",0.137676454299899,0.237884000151092,"PRDX4"
"868","GO_Biological_Process_2017","mitotic G2 DNA damage checkpoint (GO:0007095)",0.137676454299899,0.237884000151092,"FANCI"
"467","GO_Biological_Process_2017","microtubule cytoskeleton organization (GO:0000226)",0.141533986584467,0.244034389500376,"GAS2L3,CDK1"
"642","GO_Biological_Process_2017","protein kinase C signaling (GO:0070528)",0.150358951675901,0.249784952175584,"PLVAP"
"648","GO_Biological_Process_2017","lens development in camera-type eye (GO:0002088)",0.150358951675901,0.249784952175584,"WNT5A"
"649","GO_Biological_Process_2017","peptide metabolic process (GO:0006518)",0.150358951675901,0.249784952175584,"CPXM1"
"650","GO_Biological_Process_2017","embryonic digestive tract development (GO:0048566)",0.150358951675901,0.249784952175584,"STRA6"
"660","GO_Biological_Process_2017","regulation of telomere maintenance (GO:0032204)",0.150358951675901,0.249784952175584,"MYC"
"678","GO_Biological_Process_2017","positive regulation of smooth muscle contraction (GO:0045987)",0.150358951675901,0.249784952175584,"F2R"
"684","GO_Biological_Process_2017","regulation of smoothened signaling pathway (GO:0008589)",0.150358951675901,0.249784952175584,"GAS1"
"693","GO_Biological_Process_2017","positive regulation of SMAD protein import into nucleus (GO:0060391)",0.150358951675901,0.249784952175584,"BMP4"
"704","GO_Biological_Process_2017","protein O-linked fucosylation (GO:0036066)",0.150358951675901,0.249784952175584,"ADAMTS5"
"782","GO_Biological_Process_2017","positive regulation of transcription from RNA polymerase II promoter in response to endoplasmic reticulum stress (GO:1990440)",0.150358951675901,0.249784952175584,"TP53"
"791","GO_Biological_Process_2017","neural crest cell development (GO:0014032)",0.150358951675901,0.249784952175584,"SOX11"
"793","GO_Biological_Process_2017","regulation of axonogenesis (GO:0050770)",0.150358951675901,0.249784952175584,"EPHB3"
"797","GO_Biological_Process_2017","cell aging (GO:0007569)",0.150358951675901,0.249784952175584,"TP53"
"798","GO_Biological_Process_2017","exit from mitosis (GO:0010458)",0.150358951675901,0.249784952175584,"UBE2C"
"806","GO_Biological_Process_2017","monocyte differentiation (GO:0030224)",0.150358951675901,0.249784952175584,"BMP4"
"820","GO_Biological_Process_2017","positive regulation of chondrocyte differentiation (GO:0032332)",0.150358951675901,0.249784952175584,"SOX6"
"821","GO_Biological_Process_2017","proteoglycan biosynthetic process (GO:0030166)",0.150358951675901,0.249784952175584,"CHST9"
"841","GO_Biological_Process_2017","regulation of lipoprotein lipase activity (GO:0051004)",0.150358951675901,0.249784952175584,"LPL"
"965","GO_Cellular_Component_2017","chromosome, centromeric region (GO:0000775)",5.36712502975641e-11,8.69474254820538e-09,"HELLS,CENPE,CENPF,CDCA5,NUF2,HJURP,BIRC5,CDCA8,KIF2C,NDC80"
"967","GO_Cellular_Component_2017","kinetochore (GO:0000776)",1.26699360959742e-07,6.37550060750372e-06,"CDT1,CENPE,CENPF,CENPH,BUB1B,KIF2C,NEK2,BUB1,NDC80,MAD2L1"
"969","GO_Cellular_Component_2017","kinesin complex (GO:0005871)",1.51644709442559e-07,6.37550060750372e-06,"CENPE,KIF18B,KIF26A,KIF4A,KIF23,KIF2C,KIF11,KIF20B"
"968","GO_Cellular_Component_2017","condensed chromosome kinetochore (GO:0000777)",1.57419768086512e-07,6.37550060750372e-06,"HJURP,BUB1B,BIRC5,BUB1,NDC80"
"970","GO_Cellular_Component_2017","spindle midzone (GO:0051233)",3.12527831954934e-07,1.01259017553399e-05,"RACGAP1,CDCA8,BUB1B,CDC6,KIF20B,AURKA"
"973","GO_Cellular_Component_2017","spindle (GO:0005819)",1.14734281354023e-06,3.09782559655861e-05,"CDC20,TPX2,CENPF,PRC1,KIF23,KIF11,FBXO5,AURKA"
"966","GO_Cellular_Component_2017","centrosome (GO:0005813)",2.24173670323654e-06,5.18801922749027e-05,"PLK4,GEN1,XRCC2,CKAP2,KIF23,WDR62,BRCA2,NDC80,KIF15,AURKA,CCNB2,CCNB1,ESPL1,CHEK1,CDK1,POC1A,NEK2,KIF2C,KIF20B,DTL"
"971","GO_Cellular_Component_2017","microtubule cytoskeleton (GO:0015630)",3.54655531990612e-06,7.18177452280989e-05,"TPX2,CCNB2,CENPE,GAS2L3,SHMT2,PRC1,CKAP2,TACC3,KIF2C,AURKA,MCM2"
"975","GO_Cellular_Component_2017","lysosomal lumen (GO:0043202)",3.0095257956854e-05,0.00049837850150588,"BCAN,ACAN,NEU4,LUM,GPC3,GPC2,SDC1,MAN2B1"
"1103","GO_Cellular_Component_2017","chromosome passenger complex (GO:0032133)",3.07641050312272e-05,0.00049837850150588,"BIRC5,CDCA8,AURKA"
"978","GO_Cellular_Component_2017","spindle pole (GO:0000922)",3.40133072928222e-05,0.000500923252857927,"TPX2,CENPF,CCNB1,POC1A,CDC6,KIF11,WDR62"
"974","GO_Cellular_Component_2017","nuclear chromatin (GO:0000790)",4.24905506782587e-05,0.000573622434156492,"RAD51AP1,AR,H2AFY2,EME1,CDCA5,TCF12,TIMELESS,TCF3,TP53,ASF1B,EZH2"
"980","GO_Cellular_Component_2017","mitotic spindle (GO:0072686)",5.47850117447376e-05,0.000682705530972884,"TPX2,ESPL1,RACGAP1,CDK1,KIF23,MAD2L1"
"982","GO_Cellular_Component_2017","spindle microtubule (GO:0005876)",6.99388458090055e-05,0.000748141686639768,"PRC1,KIF4A,CDK1,KIF11,AURKA"
"984","GO_Cellular_Component_2017","mitotic spindle pole (GO:0097431)",7.24277800750749e-05,0.000748141686639768,"ASPM,KIF20B,FAM83D,AURKA"
"977","GO_Cellular_Component_2017","proteinaceous extracellular matrix (GO:0005578)",7.38905369520759e-05,0.000748141686639768,"BCAN,ACAN,POSTN,LUM,COL6A3,LRRN1,LRRC55,TIMP4"
"979","GO_Cellular_Component_2017","Golgi lumen (GO:0005796)",9.93059968003325e-05,0.000946327734214934,"BCAN,ACAN,MMP14,LUM,WNT5A,GPC3,GPC2,SDC1"
"1089","GO_Cellular_Component_2017","condensed chromosome outer kinetochore (GO:0000940)",0.000166711054047712,0.00150039948642941,"CENPE,CENPF,BUB1B"
"976","GO_Cellular_Component_2017","endoplasmic reticulum lumen (GO:0005788)",0.00051150202808786,0.00436122781843333,"COL1A1,BMP4,ADAMTS5,COL3A1,COL15A1,COL1A2,WNT5A,COL5A2,COL20A1,TNC,GPC3,COL6A3"
"983","GO_Cellular_Component_2017","chromatin (GO:0000785)",0.000616368668394133,0.00499258621399248,"CENPF,MYCN,PARPBP,CDK4,CHEK1,MCM2"
"972","GO_Cellular_Component_2017","nucleolus (GO:0005730)",0.000775723688774496,0.00598415417054611,"PLK4,TOP2A,HJURP,CDCA8,SIX1,CDC6,PKMYT1,MKI67,ETV4,WEE1,EXOSC4,MYCN,CENPH,CDK4,FANCD2,MYC,KIF20B,PHLDA1,DTL,TP53,MCM2"
"981","GO_Cellular_Component_2017","nuclear chromosome, telomeric region (GO:0000784)",0.000821790455492938,0.00605136608135709,"FEN1,H2AFY2,CDK1,MCM4,MCM5,BRCA2,MCM2"
"990","GO_Cellular_Component_2017","cyclin-dependent protein kinase holoenzyme complex (GO:0000307)",0.0018351205321307,0.012925631574138,"CCNA2,CDK4,CDK1"
"988","GO_Cellular_Component_2017","anaphase-promoting complex (GO:0005680)",0.00343679968699826,0.0231983978872382,"CDC20,UBE2C,BUB1B"
"1100","GO_Cellular_Component_2017","mitotic spindle midzone (GO:1990023)",0.00430730485941536,0.026837822585588,"CENPE,KIF20B"
"1104","GO_Cellular_Component_2017","replication fork protection complex (GO:0031298)",0.00430730485941536,0.026837822585588,"GINS2,GINS4"
"1087","GO_Cellular_Component_2017","microfibril (GO:0001527)",0.00724183305938784,0.043450998356327,"FBN2,MFAP4"
"986","GO_Cellular_Component_2017","cytoplasmic microtubule (GO:0005881)",0.0134403490583245,0.0777620195517345,"CKAP2,KIF2C,GTSE1"
"985","GO_Cellular_Component_2017","transcription factor complex (GO:0005667)",0.0167347806929951,0.0911444654598138,"HES6,TCF7L1,SIX1,TCF3,RCOR2"
"1062","GO_Cellular_Component_2017","microtubule plus-end (GO:0035371)",0.0174412248719397,0.0911444654598138,"KIF18B,KIF2C"
"1065","GO_Cellular_Component_2017","replication fork (GO:0005657)",0.0174412248719397,0.0911444654598138,"XRCC2,TP53"
"1047","GO_Cellular_Component_2017","U2-type prespliceosome (GO:0071004)",0.0253239023618429,0.124317338867229,"LSM7,SNRPB"
"1050","GO_Cellular_Component_2017","condensed chromosome (GO:0000793)",0.0253239023618429,0.124317338867229,"FANCD2,MKI67"
"989","GO_Cellular_Component_2017","intermediate filament cytoskeleton (GO:0045111)",0.0267312347360676,0.127366471389498,"MMP14,EXOSC4,NES"
"1054","GO_Cellular_Component_2017","ESC/E(Z) complex (GO:0035098)",0.0282170965970592,0.127518464577411,"H2AFY2,EZH2"
"991","GO_Cellular_Component_2017","chromosome (GO:0005694)",0.028337436572758,0.127518464577411,"RECQL4,CENPE,CDCA5"
"1018","GO_Cellular_Component_2017","U5 snRNP (GO:0005682)",0.0376321676780122,0.164767869292918,"WDR62,SNRPB"
"1000","GO_Cellular_Component_2017","nuclear chromosome (GO:0000228)",0.051748037120414,0.220610052987028,"TOP2A,BIRC5"
"995","GO_Cellular_Component_2017","U12-type spliceosomal complex (GO:0005689)",0.0594056792698965,0.222938046162337,"LSM7,SNRPB"
"1111","GO_Cellular_Component_2017","microtubule minus-end (GO:0036449)",0.0713775607180842,0.222938046162337,"ASPM"
"1114","GO_Cellular_Component_2017","endolysosome lumen (GO:0036021)",0.0713775607180842,0.222938046162337,"CTSK"
"1115","GO_Cellular_Component_2017","cohesin complex (GO:0008278)",0.0713775607180842,0.222938046162337,"CDCA5"
"1116","GO_Cellular_Component_2017","Holliday junction resolvase complex (GO:0048476)",0.0713775607180842,0.222938046162337,"EME1"
"1119","GO_Cellular_Component_2017","condensin complex (GO:0000796)",0.0713775607180842,0.222938046162337,"NCAPG"
"1120","GO_Cellular_Component_2017","Rad51B-Rad51C-Rad51D-XRCC2 complex (GO:0033063)",0.0713775607180842,0.222938046162337,"XRCC2"
"1121","GO_Cellular_Component_2017","U6 snRNP (GO:0005688)",0.0713775607180842,0.222938046162337,"LSM7"
"1122","GO_Cellular_Component_2017","Cul4B-RING E3 ubiquitin ligase complex (GO:0031465)",0.0713775607180842,0.222938046162337,"DTL"
"1123","GO_Cellular_Component_2017","macropinosome (GO:0044354)",0.0713775607180842,0.222938046162337,"MMP14"
"1124","GO_Cellular_Component_2017","deuterosome (GO:0098536)",0.0713775607180842,0.222938046162337,"PLK4"
"1125","GO_Cellular_Component_2017","BRISC complex (GO:0070552)",0.0713775607180842,0.222938046162337,"SHMT2"
"1126","GO_Cellular_Component_2017","plasma membrane protein complex (GO:0098797)",0.0713775607180842,0.222938046162337,"RET"
"1051","GO_Cellular_Component_2017","chromosome, telomeric region (GO:0000781)",0.0715603604965526,0.222938046162337,"RECQL4,CHEK1"
"1045","GO_Cellular_Component_2017","RNA polymerase II transcription factor complex (GO:0090575)",0.0800694261947234,0.225821955854711,"TCF12,TCF3"
"987","GO_Cellular_Component_2017","nuclear body (GO:0016604)",0.0820049118974384,0.225821955854711,"CDT1,KIF18B,FANCD2,TONSL,CDCA8,MKI67,TP53"
"992","GO_Cellular_Component_2017","nuclear envelope (GO:0005635)",0.0833474645570567,0.225821955854711,"CENPF,NRM,DHRS2,LMNB1"
"1108","GO_Cellular_Component_2017","condensed chromosome, centromeric region (GO:0000779)",0.0850317241181318,0.225821955854711,"CENPE"
"1109","GO_Cellular_Component_2017","condensed nuclear chromosome, centromeric region (GO:0000780)",0.0850317241181318,0.225821955854711,"AURKA"
"1110","GO_Cellular_Component_2017","spliceosomal tri-snRNP complex (GO:0097526)",0.0850317241181318,0.225821955854711,"LSM7"
"1113","GO_Cellular_Component_2017","postsynapse (GO:0098794)",0.0850317241181318,0.225821955854711,"EPHB2"
"1117","GO_Cellular_Component_2017","meiotic cohesin complex (GO:0030893)",0.0850317241181318,0.225821955854711,"REC8"
"1118","GO_Cellular_Component_2017","alpha DNA polymerase:primase complex (GO:0005658)",0.0850317241181318,0.225821955854711,"PRIM1"
"1106","GO_Cellular_Component_2017","U7 snRNP (GO:0005683)",0.0984857939945343,0.249292166048665,"SNRPB"
"1107","GO_Cellular_Component_2017","ciliary transition fiber (GO:0097539)",0.0984857939945343,0.249292166048665,"CENPF"
"1112","GO_Cellular_Component_2017","lateral element (GO:0000800)",0.0984857939945343,0.249292166048665,"BRCA2"
"1","KEGG_2016","Cell cycle_Homo sapiens_hsa04110",1.54705939901764e-21,2.24323612857558e-19,"BUB1B,PKMYT1,CDC20,CCNB2,CCNB1,PTTG1,MYC,CHEK1,E2F2,BUB1,CDKN2C,CDKN2A,CDC6,CDC25A,CCNA2,WEE1,DBF4,ESPL1,CDK4,CDK1,MCM4,MCM5,TP53,MAD2L1,MCM2"
"2","KEGG_2016","Oocyte meiosis_Homo sapiens_hsa04114",3.32880546599337e-08,2.41338396284519e-06,"PKMYT1,REC8,AURKA,CDC20,AR,CCNB2,CCNB1,PTTG1,ESPL1,CDK1,FBXO5,BUB1,MAD2L1"
"3","KEGG_2016","p53 signaling pathway_Homo sapiens_hsa04115",6.39780571826051e-08,3.09227276382592e-06,"CCNB2,CCNB1,TP53I3,RRM2,CDK4,CDKN2A,CHEK1,CDK1,TP53,GTSE1"
"4","KEGG_2016","HTLV-I infection_Homo sapiens_hsa05166",1.49299937862518e-06,5.41212274751626e-05,"FZD2,CDKN2C,CDKN2A,WNT5A,BUB1B,CDC20,CCNB2,PTTG1,CDK4,MYC,CHEK1,E2F2,MYBL2,TCF3,TP53,MAD2L1"
"5","KEGG_2016","DNA replication_Homo sapiens_hsa03030",1.28866208559894e-05,0.000373712004823694,"FEN1,RNASEH2A,PRIM1,MCM4,MCM5,MCM2"
"7","KEGG_2016","Bladder cancer_Homo sapiens_hsa05219",2.79692320163885e-05,0.000675923107062723,"CDKN2A,CDK4,MMP2,MYC,E2F2,TP53"
"6","KEGG_2016","Pathways in cancer_Homo sapiens_hsa05200",8.83763594126313e-05,0.00179992119200603,"RET,TCF7L1,FZD2,CDKN2A,MMP2,F2R,WNT5A,BRCA2,BMP4,AR,BMP2,CDK4,MYC,BIRC5,E2F2,MET,TP53"
"8","KEGG_2016","Progesterone-mediated oocyte maturation_Homo sapiens_hsa04914",9.93059968003325e-05,0.00179992119200603,"CCNA2,CCNB2,CCNB1,CDK1,PKMYT1,BUB1,CDC25A,MAD2L1"
"9","KEGG_2016","Basal cell carcinoma_Homo sapiens_hsa05217",0.00015179302063987,0.00244555422142013,"BMP4,BMP2,TCF7L1,FZD2,WNT5A,TP53"
"10","KEGG_2016","Transcriptional misregulation in cancer_Homo sapiens_hsa05202",0.000343470360745328,0.00480160726507654,"NGFR,MYCN,CDKN2C,MYC,SIX1,ETV1,TCF3,TP53,ETV4,MET"
"12","KEGG_2016","Protein digestion and absorption_Homo sapiens_hsa04974",0.000364259861488565,0.00480160726507654,"COL1A1,COL3A1,COL15A1,COL1A2,ELN,COL5A2,COL6A3"
"17","KEGG_2016","Thyroid cancer_Homo sapiens_hsa05216",0.000813160144192421,0.00906986314676162,"RET,TCF7L1,MYC,TP53"
"22","KEGG_2016","Homologous recombination_Homo sapiens_hsa03440",0.000813160144192421,0.00906986314676162,"EME1,XRCC2,RAD54L,BRCA2"
"11","KEGG_2016","Proteoglycans in cancer_Homo sapiens_hsa05205",0.000877083435884773,0.00908407844309229,"FZD2,LUM,MYC,MMP2,WNT5A,IGF2,GPC3,SDC1,TP53,MET"
"16","KEGG_2016","Fanconi anemia pathway_Homo sapiens_hsa03460",0.00106928191357131,0.0103363918311893,"FANCI,EME1,FANCD2,FANCA,BRCA2"
"13","KEGG_2016","MicroRNAs in cancer_Homo sapiens_hsa05206",0.00156326803236965,0.0141671165433499,"CDKN2A,MYC,CDCA5,TNC,E2F2,KIF23,BMF,TP53,MET,SOX4,CDC25A,EZH2"
"14","KEGG_2016","Pancreatic cancer_Homo sapiens_hsa05212",0.00285273628571569,0.0239889361363445,"CDK4,CDKN2A,E2F2,BRCA2,TP53"
"46","KEGG_2016","One carbon pool by folate_Homo sapiens_hsa00670",0.00297793689968414,0.0239889361363445,"SHMT2,MTHFD2,TYMS"
"18","KEGG_2016","Melanoma_Homo sapiens_hsa05218",0.00391676252162012,0.0298910824018378,"CDK4,CDKN2A,E2F2,TP53,MET"
"19","KEGG_2016","Chronic myeloid leukemia_Homo sapiens_hsa05220",0.00441276613685128,0.0319925544921718,"CDK4,CDKN2A,MYC,E2F2,TP53"
"15","KEGG_2016","PI3K-Akt signaling pathway_Homo sapiens_hsa04151",0.00479637152620408,0.0331178033952187,"COL1A1,NGFR,COL1A2,CREB3L4,CDK4,MYC,F2R,TNC,EIF4EBP1,COL6A3,TP53,MET"
"21","KEGG_2016","Signaling pathways regulating pluripotency of stem cells_Homo sapiens_hsa04550",0.00509011229360184,0.0335484673896485,"BMP4,BMP2,FZD2,MYC,WNT5A,ID3,TCF3"
"20","KEGG_2016","Hepatitis B_Homo sapiens_hsa05161",0.00591045377063652,0.0372615563800998,"CCNA2,CREB3L4,CDK4,MYC,E2F2,BIRC5,TP53"
"31","KEGG_2016","Hedgehog signaling pathway_Homo sapiens_hsa04340",0.00619611984324146,0.0374348907195838,"BMP4,BMP2,WNT5A,GAS1"
"26","KEGG_2016","ECM-receptor interaction_Homo sapiens_hsa04512",0.00720713791380077,0.0418013999000445,"COL1A1,COL1A2,TNC,COL6A3,SDC1"
"24","KEGG_2016","Hippo signaling pathway_Homo sapiens_hsa04390",0.00757849455535869,0.0422646811741158,"BMP4,BMP2,TCF7L1,FZD2,MYC,WNT5A,BIRC5"
"28","KEGG_2016","Non-small cell lung cancer_Homo sapiens_hsa05223",0.00922862790359474,0.0495611498526384,"CDK4,CDKN2A,E2F2,TP53"
"25","KEGG_2016","Prostate cancer_Homo sapiens_hsa05215",0.0100958481198623,0.0522820706207155,"AR,TCF7L1,CREB3L4,E2F2,TP53"
"23","KEGG_2016","Viral carcinogenesis_Homo sapiens_hsa05203",0.0111272524830798,0.0556362624153992,"CDC20,CCNA2,CREB3L4,CDKN2A,CDK4,CHEK1,CDK1,TP53"
"32","KEGG_2016","Colorectal cancer_Homo sapiens_hsa05210",0.013092987827722,0.0632827745006562,"TCF7L1,MYC,BIRC5,TP53"
"30","KEGG_2016","Glioma_Homo sapiens_hsa05214",0.0153594006015771,0.0718423576525378,"CDK4,CDKN2A,E2F2,TP53"
"27","KEGG_2016","AGE-RAGE signaling pathway in diabetic complications_Homo sapiens_hsa04933",0.0167347806929951,0.0746938463679339,"COL1A1,COL3A1,COL1A2,CDK4,MMP2"
"34","KEGG_2016","Central carbon metabolism in cancer_Homo sapiens_hsa05230",0.0169992891733918,0.0746938463679339,"RET,MYC,TP53,MET"
"29","KEGG_2016","Wnt signaling pathway_Homo sapiens_hsa04310",0.0186406911288342,0.0794970651082634,"TCF7L1,SFRP2,FZD2,MYC,WNT5A,TP53"
"33","KEGG_2016","Pyrimidine metabolism_Homo sapiens_hsa00240",0.0194681806895944,0.0806538914283196,"RRM1,RRM2,PRIM1,TK1,TYMS"
"143","KEGG_2016","Other glycan degradation_Homo sapiens_hsa00511",0.0282170965970592,0.113652194627044,"NEU4,MAN2B1"
"35","KEGG_2016","TGF-beta signaling pathway_Homo sapiens_hsa04350",0.0353398843375679,0.138494141322901,"BMP4,BMP2,MYC,ID3"
"37","KEGG_2016","Small cell lung cancer_Homo sapiens_hsa05222",0.0380328934634058,0.145125514531417,"CDK4,MYC,E2F2,TP53"
"36","KEGG_2016","Axon guidance_Homo sapiens_hsa04360",0.0396836089940219,0.147541623182902,"EPHB2,NTN1,MET,EPHB1,EPHB3"
"45","KEGG_2016","Endometrial cancer_Homo sapiens_hsa05213",0.040975400735439,0.148535827665966,"TCF7L1,MYC,TP53"
"43","KEGG_2016","Acute myeloid leukemia_Homo sapiens_hsa05221",0.0514617716977953,0.181998948687325,"TCF7L1,MYC,EIF4EBP1"
"38","KEGG_2016","Melanogenesis_Homo sapiens_hsa04916",0.0600857526188642,0.207438907850841,"TCF7L1,FZD2,CREB3L4,WNT5A"
