"","database","category","pval","qval","genes"
"208","GO_Biological_Process_2017","positive regulation of transcription from RNA polymerase II promoter (GO:0045944)",7.66902368518386e-06,0.00394918296406496,"ACVRL1,CSF3,EPAS1,TXK,FHOD1,GATA5,TCF21,HIF3A,MEOX2,FGF2,FSTL3,HYAL2,NKX2-1,HOXA5,MYOCD,SPAG8,FOXF1,SLC11A1,HGF,TBX5,KLF2,NR4A1,TOX2,RGCC,PGR,ENG,TLR2"
"211","GO_Biological_Process_2017","transmembrane receptor protein tyrosine kinase signaling pathway (GO:0007169)",1.07615241260933e-05,0.00394918296406496,"FGR,ZAP70,SHC2,NTRK3,FLT4,TXK,TEK,PAG1"
"214","GO_Biological_Process_2017","sprouting angiogenesis (GO:0002040)",1.44658716632416e-05,0.00394918296406496,"RAMP2,FLT4,TEK,THBS1,ENG"
"213","GO_Biological_Process_2017","negative regulation of blood vessel endothelial cell migration (GO:0043537)",4.13151970337323e-05,0.00820985756443119,"ACVRL1,RGCC,THBS1,FGF2"
"212","GO_Biological_Process_2017","extracellular matrix organization (GO:0030198)",5.01212305520829e-05,0.00820985756443119,"LAMC3,ELN,ITGA2B,ITGA8,ITGAX,ITGA7,ICAM5,FGF2,THBS1,FBLN5"
"216","GO_Biological_Process_2017","positive regulation of stress fiber assembly (GO:0051496)",9.80363202903666e-05,0.013381957719635,"ARHGEF10,RGCC,MYOC,FHOD1,RAPGEF3"
"215","GO_Biological_Process_2017","calcium ion transport (GO:0006816)",0.000188835773023578,0.0220937854437586,"RAMP2,RAMP3,TRPC3,TRPC4,CAMK2A,CDH23"
"217","GO_Biological_Process_2017","positive regulation of protein kinase B signaling (GO:0051897)",0.000275056557850084,0.0264708938929707,"CSF3,F10,MYOC,TEK,THBS1,PIK3R5"
"210","GO_Biological_Process_2017","neutrophil degranulation (GO:0043312)",0.000290888943878799,0.0264708938929707,"ARHGAP9,FCN1,ARG1,SLC11A1,RETN,TCIRG1,CFP,MMP8,MPO,FGR,MMP25,PTPRB,CRISPLD2,ALOX5,P2RX1,ITGAX,CTSG,TLR2"
"239","GO_Biological_Process_2017","negative regulation of interleukin-12 production (GO:0032695)",0.000353009915342433,0.0289115120665452,"IRAK3,MEFV,THBS1"
"209","GO_Biological_Process_2017","signal transduction (GO:0007165)",0.000458538265223624,0.0302649616075678,"ACVRL1,LTK,CSF3R,EPAS1,ADCY4,RASGRP2,FGF2,ADRA1A,PRAM1,WISP2,IL1RL1,FGF7,MICAL1,RPS6KA2,PAG1,TNFSF14,TIE1,NR4A1,TG,P2RX1,PGR,TEK,RAPGEF3,IL18R1,TLR2,F2RL3"
"229","GO_Biological_Process_2017","manganese ion transport (GO:0006828)",0.000480099033938578,0.0302649616075678,"TRPC3,TRPC4,SLC11A1"
"222","GO_Biological_Process_2017","negative regulation of angiogenesis (GO:0016525)",0.000623514583898004,0.0302649616075678,"RGCC,STAB1,TEK,THBS1,HOXA5"
"226","GO_Biological_Process_2017","cell-matrix adhesion (GO:0007160)",0.000627422458801734,0.0302649616075678,"PARVG,ITGA8,ITGA7,SORBS1,LYVE1,FBLN5"
"219","GO_Biological_Process_2017","negative regulation of Rho protein signal transduction (GO:0035024)",0.000633161096150663,0.0302649616075678,"MYOC,ARAP3,ADRA1A"
"225","GO_Biological_Process_2017","positive regulation of cardiac muscle cell proliferation (GO:0060045)",0.000633161096150663,0.0302649616075678,"TGFBR3,FGF2,TBX2"
"247","GO_Biological_Process_2017","positive regulation of interleukin-8 secretion (GO:2000484)",0.000633161096150663,0.0302649616075678,"FCN1,HYAL2,FFAR2"
"218","GO_Biological_Process_2017","regulation of small GTPase mediated signal transduction (GO:0051056)",0.000665163991375116,0.0302649616075678,"ARHGAP9,STARD8,ARHGEF17,RHOJ,ARHGAP29,ARAP3,ARHGAP6,RHOBTB2"
"230","GO_Biological_Process_2017","positive regulation of phosphatidylinositol 3-kinase signaling (GO:0014068)",0.000910145820063619,0.0352403104239885,"FGR,CSF3,MYOC,HGF,TEK"
"227","GO_Biological_Process_2017","positive regulation of angiogenesis (GO:0045766)",0.000964996072927143,0.0352403104239885,"RAMP2,HSPB6,TEK,THBS1,FGF2,RAPGEF3"
"231","GO_Biological_Process_2017","endocardial cushion morphogenesis (GO:0003203)",0.00102492607254451,0.0352403104239885,"ACVRL1,TBX2,ENG"
"238","GO_Biological_Process_2017","negative regulation of focal adhesion assembly (GO:0051895)",0.00102492607254451,0.0352403104239885,"ACVRL1,THBS1,ARHGAP6"
"251","GO_Biological_Process_2017","regulation of cardiac muscle contraction by regulation of the release of sequestered calcium ion (GO:0010881)",0.00102492607254451,0.0352403104239885,"HRC,CASQ2,ATP1A2"
"228","GO_Biological_Process_2017","negative regulation of cell migration (GO:0030336)",0.00103268308934765,0.0352403104239885,"ACVRL1,NKX2-1,ARAP3,TBX5,RECK,ENG"
"253","GO_Biological_Process_2017","positive regulation of actin cytoskeleton reorganization (GO:2000251)",0.00126723609688818,0.0415146545340567,"CSF3,NTRK3,TEK"
"234","GO_Biological_Process_2017","regulation of insulin secretion (GO:0050796)",0.00150992133418315,0.0467964324317112,"ABCC8,GIPR,KCNA5,RAPGEF3,RAPGEF4"
"245","GO_Biological_Process_2017","hyaluronan catabolic process (GO:0030214)",0.00154273953071575,0.0467964324317112,"HYAL2,FGF2,LYVE1"
"221","GO_Biological_Process_2017","blood coagulation (GO:0007596)",0.00168802193192062,0.0493746415086782,"DOCK6,NFE2,F10,MICAL1,P2RX1,GATA5,C4BPB,F2RL3"
"637","GO_Biological_Process_2017","morphogenesis of a branching structure (GO:0001763)",0.00210551232099005,0.0538989581788066,"FOXF1,TCF21"
"235","GO_Biological_Process_2017","animal organ morphogenesis (GO:0009887)",0.00219828272273742,0.0538989581788066,"ELN,FHL1,ITGAX,FGF2,TBX3"
"246","GO_Biological_Process_2017","cellular response to fibroblast growth factor stimulus (GO:0044344)",0.00219949027328828,0.0538989581788066,"NR4A1,ZFP36,HYAL2"
"249","GO_Biological_Process_2017","outflow tract septum morphogenesis (GO:0003148)",0.00219949027328828,0.0538989581788066,"SMAD6,TBX2,ENG"
"220","GO_Biological_Process_2017","MAPK cascade (GO:0000165)",0.00220977593228993,0.0538989581788066,"KL,ZFP36,FGF7,SHC2,ACTN2,HGF,CAMK2A,TEK,FGF2,MAP3K12"
"233","GO_Biological_Process_2017","platelet degranulation (GO:0002576)",0.00223756358739856,0.0538989581788066,"ITIH4,MMRN1,ACTN2,HGF,ITGA2B,TIMP3,THBS1"
"223","GO_Biological_Process_2017","apoptotic process (GO:0006915)",0.00250636319054914,0.0556836415615425,"TNFSF14,PDE1B,ZBTB16,DAPK2,CAPN3,CFLAR,SEPT4,ADRA1A,TLR2"
"243","GO_Biological_Process_2017","blood circulation (GO:0008015)",0.00254084901132679,0.0556836415615425,"ACVRL1,NFE2,ELN,MEOX2"
"255","GO_Biological_Process_2017","cellular response to vascular endothelial growth factor stimulus (GO:0035924)",0.00300661626239733,0.0556836415615425,"NR4A1,RAMP2,FLT4"
"261","GO_Biological_Process_2017","protein localization to cell surface (GO:0034394)",0.00300661626239733,0.0556836415615425,"FCN1,FGF7,FBLN5"
"241","GO_Biological_Process_2017","response to hypoxia (GO:0001666)",0.0030910291219812,0.0556836415615425,"MYOCD,EPAS1,WTIP,CBFA2T3,THBS1"
"512","GO_Biological_Process_2017","heart trabecula formation (GO:0060347)",0.00312753053947614,0.0556836415615425,"TGFBR3,TEK"
"525","GO_Biological_Process_2017","cellular response to granulocyte macrophage colony-stimulating factor stimulus (GO:0097011)",0.00312753053947614,0.0556836415615425,"ZFP36,PDE1B"
"551","GO_Biological_Process_2017","negative regulation of erythrocyte differentiation (GO:0045647)",0.00312753053947614,0.0556836415615425,"ZFP36,HOXA5"
"557","GO_Biological_Process_2017","definitive hemopoiesis (GO:0060216)",0.00312753053947614,0.0556836415615425,"TGFBR3,TEK"
"558","GO_Biological_Process_2017","positive regulation of potassium ion transmembrane transporter activity (GO:1901018)",0.00312753053947614,0.0556836415615425,"ACTN2,ATP1B2"
"646","GO_Biological_Process_2017","negative regulation of potassium ion transmembrane transporter activity (GO:1901017)",0.00312753053947614,0.0556836415615425,"ACTN2,CASQ2"
"668","GO_Biological_Process_2017","vasculature development (GO:0001944)",0.00312753053947614,0.0556836415615425,"FLT4,TCF21"
"224","GO_Biological_Process_2017","inflammatory response (GO:0006954)",0.00396811889514134,0.0634137064691022,"AOC3,MMP25,IL18RAP,SLC11A1,C5AR2,AOX1,CDO1,MEFV,THBS1"
"265","GO_Biological_Process_2017","positive regulation of ATPase activity (GO:0032781)",0.00397419496188899,0.0634137064691022,"MYBPC3,RGN,ATP1B2"
"270","GO_Biological_Process_2017","vasculogenesis (GO:0001570)",0.00397419496188899,0.0634137064691022,"RAMP2,RASIP1,ENG"
"459","GO_Biological_Process_2017","dorsal aorta morphogenesis (GO:0035912)",0.00433597992951126,0.0634137064691022,"ACVRL1,ENG"
"465","GO_Biological_Process_2017","positive regulation of protein kinase C signaling (GO:0090037)",0.00433597992951126,0.0634137064691022,"FLT4,ADRA1A"
"484","GO_Biological_Process_2017","positive regulation of DNA biosynthetic process (GO:2000573)",0.00433597992951126,0.0634137064691022,"RGCC,HGF"
"500","GO_Biological_Process_2017","positive regulation of potassium ion transport (GO:0043268)",0.00433597992951126,0.0634137064691022,"ACTN2,FHL1"
"542","GO_Biological_Process_2017","sodium ion export from cell (GO:0036376)",0.00433597992951126,0.0634137064691022,"ATP1A2,ATP1B2"
"652","GO_Biological_Process_2017","thyroid gland development (GO:0030878)",0.00433597992951126,0.0634137064691022,"TG,NKX2-1"
"695","GO_Biological_Process_2017","myelination in peripheral nervous system (GO:0022011)",0.00433597992951126,0.0634137064691022,"ARHGEF10,MYOC"
"244","GO_Biological_Process_2017","BMP signaling pathway (GO:0030509)",0.00474398832312734,0.0681636216954613,"TGFBR3,ACVRL1,SMAD6,CHRDL1,ENG"
"256","GO_Biological_Process_2017","peptidyl-tyrosine phosphorylation (GO:0018108)",0.00502583959825993,0.0697655483431493,"FGR,ZAP70,FLT4,TEK"
"268","GO_Biological_Process_2017","activation of phospholipase C activity (GO:0007202)",0.0051110291826483,0.0697655483431493,"TXK,ADRA1A,PLCB2"
"277","GO_Biological_Process_2017","positive regulation of phosphatidylinositol 3-kinase activity (GO:0043552)",0.0051110291826483,0.0697655483431493,"FGR,TEK,FGF2"
"240","GO_Biological_Process_2017","positive regulation of cell migration (GO:0030335)",0.00558918175888933,0.0719807937873954,"FGR,F10,MYOC,PODXL,HGF,NTRK3,THBS1"
"442","GO_Biological_Process_2017","pantothenate metabolic process (GO:0015939)",0.0057251759056497,0.0719807937873954,"VNN2,VNN3"
"458","GO_Biological_Process_2017","cellular potassium ion homeostasis (GO:0030007)",0.0057251759056497,0.0719807937873954,"ATP1A2,ATP1B2"
"463","GO_Biological_Process_2017","regulation of striated muscle contraction (GO:0006942)",0.0057251759056497,0.0719807937873954,"MYBPC3,ATP1A2"
"521","GO_Biological_Process_2017","response to starvation (GO:0042594)",0.0057251759056497,0.0719807937873954,"ZFP36,PDK4"
"242","GO_Biological_Process_2017","protein autophosphorylation (GO:0046777)",0.00580065004880109,0.0719807937873954,"FGR,TXK,DAPK2,FLT4,CAMK2A,TEK,MAP3K12"
"250","GO_Biological_Process_2017","heart development (GO:0007507)",0.00625497144104423,0.076460024033063,"RAMP2,FOXF1,NTRK3,TEK,TBX5"
"232","GO_Biological_Process_2017","protein phosphorylation (GO:0006468)",0.00640567563045952,0.0771507109021521,"ACVRL1,FGR,ZAP70,LTK,DMPK,TXK,DAPK2,CAMK2A,CTSG,IRAK3,MAP3K12"
"288","GO_Biological_Process_2017","response to calcium ion (GO:0051592)",0.00714997375193053,0.0806776982022546,"TRPC3,CAPN3,THBS1"
"486","GO_Biological_Process_2017","membrane repolarization (GO:0086009)",0.00728956003292654,0.0806776982022546,"ATP1A2,ATP1B2"
"612","GO_Biological_Process_2017","embryonic digestive tract morphogenesis (GO:0048557)",0.00728956003292654,0.0806776982022546,"FOXF1,TCF21"
"628","GO_Biological_Process_2017","cellular response to fatty acid (GO:0071398)",0.00728956003292654,0.0806776982022546,"PDK4,FFAR2"
"642","GO_Biological_Process_2017","embryonic forelimb morphogenesis (GO:0035115)",0.00728956003292654,0.0806776982022546,"TBX5,TBX3"
"661","GO_Biological_Process_2017","positive regulation of gene silencing by miRNA (GO:2000637)",0.00728956003292654,0.0806776982022546,"ZFP36,WTIP"
"257","GO_Biological_Process_2017","positive regulation of endothelial cell proliferation (GO:0001938)",0.00770303520984183,0.0830103399586902,"NR4A1,FLT4,TEK,FGF2"
"260","GO_Biological_Process_2017","regulation of cardiac conduction (GO:1903779)",0.00770303520984183,0.0830103399586902,"DMPK,CASQ2,ATP1A2,ATP1B2"
"292","GO_Biological_Process_2017","sarcomere organization (GO:0045214)",0.00792178735664479,0.0842590109752219,"MYBPC3,ACTN2,CAPN3"
"236","GO_Biological_Process_2017","negative regulation of cell proliferation (GO:0008285)",0.00812764484030092,0.0853402708231597,"ACVRL1,TENM1,MYOCD,RGCC,RPS6KA2,SMAD6,TBX5,ADAMTS8,CBFA2T3,ADRA1A"
"248","GO_Biological_Process_2017","oxidation-reduction process (GO:0055114)",0.00846826810395037,0.0877912857865235,"DUOX1,ACADL,MICAL1,COX4I2,CDO1,MPO"
"295","GO_Biological_Process_2017","negative regulation of MAP kinase activity (GO:0043407)",0.00874081894114614,0.0879810512285538,"DUSP1,HYAL2,IRAK3"
"461","GO_Biological_Process_2017","cellular sodium ion homeostasis (GO:0006883)",0.00902369756190296,0.0879810512285538,"ATP1A2,ATP1B2"
"574","GO_Biological_Process_2017","temperature homeostasis (GO:0001659)",0.00902369756190296,0.0879810512285538,"ACADL,ADRB1"
"629","GO_Biological_Process_2017","complement activation, lectin pathway (GO:0001867)",0.00902369756190296,0.0879810512285538,"FCN1,MASP2"
"647","GO_Biological_Process_2017","negative regulation of cell-matrix adhesion (GO:0001953)",0.00902369756190296,0.0879810512285538,"MYOC,THBS1"
"262","GO_Biological_Process_2017","Ras protein signal transduction (GO:0007265)",0.00933631987960311,0.0882930683351799,"SHC2,RASSF1,RASGRP2,FGF2"
"266","GO_Biological_Process_2017","muscle organ development (GO:0007517)",0.00933631987960311,0.0882930683351799,"SGCA,FHL1,ITGA7,CAPN3"
"237","GO_Biological_Process_2017","positive regulation of cell proliferation (GO:0008284)",0.00937911714915831,0.0882930683351799,"VIPR1,CSF3,FGF7,HGF,NTRK3,FLT4,TCIRG1,FGF2,THBS1,TBX3,TBX2"
"308","GO_Biological_Process_2017","positive regulation of cAMP biosynthetic process (GO:0030819)",0.00960765725231105,0.0894167192004858,"AKAP12,RAMP2,ADRB1"
"263","GO_Biological_Process_2017","positive regulation of peptidyl-serine phosphorylation (GO:0033138)",0.00992699146787104,0.0913506293504088,"TENM1,CSF3,NTRK3,RAPGEF3"
"294","GO_Biological_Process_2017","regulation of cytosolic calcium ion concentration (GO:0051480)",0.0105228323883862,0.0922200333563871,"TRPC4,HRC,CDH23"
"378","GO_Biological_Process_2017","lymphangiogenesis (GO:0001946)",0.0109222750129054,0.0922200333563871,"ACVRL1,FLT4"
"443","GO_Biological_Process_2017","positive regulation of smooth muscle contraction (GO:0045987)",0.0109222750129054,0.0922200333563871,"MYOCD,ADRA1A"
"445","GO_Biological_Process_2017","positive regulation of endothelial cell apoptotic process (GO:2000353)",0.0109222750129054,0.0922200333563871,"RGCC,THBS1"
"473","GO_Biological_Process_2017","protein O-linked fucosylation (GO:0036066)",0.0109222750129054,0.0922200333563871,"CFP,THBS1"
"592","GO_Biological_Process_2017","cell aging (GO:0007569)",0.0109222750129054,0.0922200333563871,"TBX3,TBX2"
"593","GO_Biological_Process_2017","vacuolar acidification (GO:0007035)",0.0109222750129054,0.0922200333563871,"SLC11A1,TCIRG1"
"635","GO_Biological_Process_2017","positive regulation of chondrocyte differentiation (GO:0032332)",0.0109222750129054,0.0922200333563871,"ACVRL1,ZBTB16"
"259","GO_Biological_Process_2017","complement activation (GO:0006956)",0.01119933059422,0.0935944056802671,"FCN1,RGCC,C7,MASP2,CFP"
"317","GO_Biological_Process_2017","activation of adenylate cyclase activity (GO:0007190)",0.0125000324497733,0.102375265763643,"GIPR,ADCY4,ADRB1"
"318","GO_Biological_Process_2017","cardiac muscle contraction (GO:0060048)",0.0125000324497733,0.102375265763643,"MYBPC3,CASQ2,ATP1A2"
"543","GO_Biological_Process_2017","regulation of release of sequestered calcium ion into cytosol by sarcoplasmic reticulum (GO:0010880)",0.0129800977957864,0.105254456383654,"HRC,CASQ2"
"300","GO_Biological_Process_2017","sodium ion transport (GO:0006814)",0.0135628424100868,0.108901646410403,"SLC5A9,SCN7A,ATP1A2"
"269","GO_Biological_Process_2017","potassium ion transport (GO:0006813)",0.0139805916234599,0.111166063491395,"ABCC8,ATP1A2,KCNA5,KCNK17"
"381","GO_Biological_Process_2017","cell communication by electrical coupling involved in cardiac conduction (GO:0086064)",0.0151920878838856,0.118498285494308,"ATP1A2,ATP1B2"
"563","GO_Biological_Process_2017","positive regulation of chemokine production (GO:0032722)",0.0151920878838856,0.118498285494308,"FFAR2,TLR2"
"382","GO_Biological_Process_2017","positive regulation of focal adhesion assembly (GO:0051894)",0.0175532815181875,0.131891170306382,"MYOC,TEK"
"529","GO_Biological_Process_2017","cell migration involved in sprouting angiogenesis (GO:0002042)",0.0175532815181875,0.131891170306382,"NR4A1,FGF2"
"555","GO_Biological_Process_2017","cAMP biosynthetic process (GO:0006171)",0.0175532815181875,0.131891170306382,"RAMP2,ADCY4"
"575","GO_Biological_Process_2017","mitotic cell cycle arrest (GO:0071850)",0.0175532815181875,0.131891170306382,"RGCC,DUSP1"
"534","GO_Biological_Process_2017","embryonic digit morphogenesis (GO:0042733)",0.0200588269676779,0.148001615193948,"TBX3,TBX2"
"537","GO_Biological_Process_2017","negative regulation of stress fiber assembly (GO:0051497)",0.0200588269676779,0.148001615193948,"MYOC,ARHGAP6"
"337","GO_Biological_Process_2017","positive regulation of MAP kinase activity (GO:0043406)",0.0224117226629271,0.163849047245926,"TENM1,FGF2,PIK3R5"
"408","GO_Biological_Process_2017","aging (GO:0007568)",0.0227039823153852,0.163849047245926,"KL,ADRA1A"
"271","GO_Biological_Process_2017","C-terminal protein lipidation (GO:0006501)",0.0228068270891765,0.163849047245926,"VNN2,XPNPEP2,VNN3,RECK"
"252","GO_Biological_Process_2017","cell-cell signaling (GO:0007267)",0.0236334531267034,0.167151275978217,"STAB1,SEMA3B,ADRB1,PGR,TEK,TBX5,ADRA1A,TSPAN32,WISP2"
"320","GO_Biological_Process_2017","positive regulation of endothelial cell migration (GO:0010595)",0.0238787537111738,0.167151275978217,"FLT4,TEK,THBS1"
"322","GO_Biological_Process_2017","kidney development (GO:0001822)",0.0238787537111738,0.167151275978217,"HYAL2,ITGA8,TCF21"
"254","GO_Biological_Process_2017","intracellular signal transduction (GO:0035556)",0.0253509893094639,0.171077776981507,"TGFBR3,ZAP70,DAPK2,RPS6KA2,CAMK2A,ADRA1A,PAG1,MAP3K12"
"298","GO_Biological_Process_2017","fat cell differentiation (GO:0045444)",0.0253965994012461,0.171077776981507,"NR4A1,FFAR2,SMAD6"
"383","GO_Biological_Process_2017","heterotypic cell-cell adhesion (GO:0034113)",0.0254841132988325,0.171077776981507,"ITGAX,ITGA7"
"506","GO_Biological_Process_2017","negative regulation of endothelial cell migration (GO:0010596)",0.0254841132988325,0.171077776981507,"ACVRL1,THBS1"
"532","GO_Biological_Process_2017","regulation of transforming growth factor beta receptor signaling pathway (GO:0017015)",0.0254841132988325,0.171077776981507,"LTBP4,ENG"
"273","GO_Biological_Process_2017","extracellular matrix disassembly (GO:0022617)",0.0259871596716941,0.173036453423719,"ELN,MMP19,CTSG,MMP8"
"332","GO_Biological_Process_2017","peptidyl-tyrosine autophosphorylation (GO:0038083)",0.0269651947159652,0.178100761873996,"FGR,ZAP70,TXK"
"258","GO_Biological_Process_2017","multicellular organism development (GO:0007275)",0.0272499548232098,0.178541704001671,"RS1,NFE2,CSF3,HLX,LTBP4,MEOX2,TBX4"
"441","GO_Biological_Process_2017","cellular senescence (GO:0090398)",0.0283946911788521,0.180081972678374,"TBX3,TBX2"
"482","GO_Biological_Process_2017","branching involved in ureteric bud morphogenesis (GO:0001658)",0.0283946911788521,0.180081972678374,"TCF21,FGF2"
"492","GO_Biological_Process_2017","adenylate cyclase-activating adrenergic receptor signaling pathway (GO:0071880)",0.0283946911788521,0.180081972678374,"ADRB1,ADRA1A"
"522","GO_Biological_Process_2017","focal adhesion assembly (GO:0048041)",0.0283946911788521,0.180081972678374,"ACTN2,SORBS1"
"309","GO_Biological_Process_2017","regulation of cell growth (GO:0001558)",0.0285844401076784,0.180081972678374,"LTBP4,WFDC1,RASGRP2"
"274","GO_Biological_Process_2017","regulation of phosphatidylinositol 3-kinase signaling (GO:0014066)",0.0294209654085684,0.183937180684103,"KL,FGF7,HGF,FGF2"
"362","GO_Biological_Process_2017","positive regulation of blood vessel endothelial cell migration (GO:0043536)",0.0314312906491601,0.187899467457388,"THBS1,FGF2"
"393","GO_Biological_Process_2017","positive regulation of cytokine secretion (GO:0050715)",0.0314312906491601,0.187899467457388,"FGR,RGCC"
"462","GO_Biological_Process_2017","heart morphogenesis (GO:0003007)",0.0314312906491601,0.187899467457388,"MYBPC3,TGFBR3"
"474","GO_Biological_Process_2017","positive regulation of extrinsic apoptotic signaling pathway (GO:2001238)",0.0314312906491601,0.187899467457388,"HYAL2,G0S2"
"499","GO_Biological_Process_2017","ventricular cardiac muscle tissue morphogenesis (GO:0055010)",0.0314312906491601,0.187899467457388,"MYBPC3,TGFBR3"
"505","GO_Biological_Process_2017","positive regulation of release of sequestered calcium ion into cytosol (GO:0051281)",0.0314312906491601,0.187899467457388,"CAPN3,F2RL3"
"267","GO_Biological_Process_2017","positive regulation of NF-kappaB transcription factor activity (GO:0051092)",0.0326671602485699,0.193872494518687,"CAMK2A,CAPN3,IRAK3,CFLAR,TLR2"
"306","GO_Biological_Process_2017","generation of precursor metabolites and energy (GO:0006091)",0.033744592188566,0.198104002869924,"GIPR,COX4I2,RUNX1T1"
"433","GO_Biological_Process_2017","regulation of heart rate (GO:0002027)",0.0345895878026852,0.198104002869924,"HRC,CASQ2"
"464","GO_Biological_Process_2017","reactive oxygen species metabolic process (GO:0072593)",0.0345895878026852,0.198104002869924,"PDK4,AOX1"
"470","GO_Biological_Process_2017","cartilage development (GO:0051216)",0.0345895878026852,0.198104002869924,"ZBTB16,HYAL2"
"511","GO_Biological_Process_2017","response to interferon-gamma (GO:0034341)",0.0345895878026852,0.198104002869924,"SLC11A1,MEFV"
"279","GO_Biological_Process_2017","muscle contraction (GO:0006936)",0.0370596021338848,0.208132404616841,"VIPR1,SGCA,HRC,SORBS1"
"412","GO_Biological_Process_2017","response to hormone (GO:0009725)",0.0378653581048954,0.208132404616841,"NKX2-1,ADRA1A"
"454","GO_Biological_Process_2017","negative regulation of epithelial to mesenchymal transition (GO:0010719)",0.0378653581048954,0.208132404616841,"NKX2-1,TBX5"
"472","GO_Biological_Process_2017","positive regulation of BMP signaling pathway (GO:0030513)",0.0378653581048954,0.208132404616841,"ACVRL1,ENG"
"477","GO_Biological_Process_2017","lung development (GO:0030324)",0.0378653581048954,0.208132404616841,"FOXF1,NKX2-1"
"491","GO_Biological_Process_2017","striated muscle contraction (GO:0006941)",0.0378653581048954,0.208132404616841,"MYBPC3,CASQ2"
"485","GO_Biological_Process_2017","potassium ion import (GO:0010107)",0.0412544744153483,0.225249430307802,"ATP1A2,ATP1B2"
"428","GO_Biological_Process_2017","negative regulation of endothelial cell apoptotic process (GO:2000352)",0.0447529050779919,0.24012504380792,"RAMP2,TEK"
"438","GO_Biological_Process_2017","negative regulation of endothelial cell proliferation (GO:0001937)",0.0447529050779919,0.24012504380792,"RGCC,THBS1"
"346","GO_Biological_Process_2017","phospholipase C-activating G-protein coupled receptor signaling pathway (GO:0007200)",0.0454051091262413,0.24012504380792,"C5AR2,ADRA1A,F2RL3"
"272","GO_Biological_Process_2017","proteolysis (GO:0006508)",0.0456144526324564,0.24012504380792,"MMP25,HGF,CAPN3,MMP19,CTSG,MMP8"
"280","GO_Biological_Process_2017","cytokine-mediated signaling pathway (GO:0019221)",0.0488576806163039,0.24012504380792,"DUOX1,CSF3,IRAK3,LRRC4B"
"349","GO_Biological_Process_2017","angiogenesis (GO:0001525)",0.0488576806163039,0.24012504380792,"ACVRL1,RAMP2,TEK,RASIP1"
"302","GO_Biological_Process_2017","integrin-mediated signaling pathway (GO:0007229)",0.0496799985007532,0.24012504380792,"FGR,TXK,ITGA2B"
"264","GO_Biological_Process_2017","negative regulation of apoptotic process (GO:0043066)",0.0509777462368583,0.24012504380792,"LTK,FLT4,CAPN3,TEK,CFLAR,SMAD6,MPO,THBS1,TBX3"
"301","GO_Biological_Process_2017","positive regulation of peptidyl-tyrosine phosphorylation (GO:0050731)",0.0518884988896985,0.24012504380792,"CSF3,FGF7,HGF"
"404","GO_Biological_Process_2017","negative regulation of extrinsic apoptotic signaling pathway (GO:2001237)",0.0520620487071283,0.24012504380792,"CFLAR,THBS1"
"430","GO_Biological_Process_2017","phagocytosis (GO:0006909)",0.0520620487071283,0.24012504380792,"SLC11A1,CEACAM4"
"434","GO_Biological_Process_2017","positive regulation of establishment of protein localization to plasma membrane (GO:0090004)",0.0520620487071283,0.24012504380792,"RAMP3,SORBS1"
"282","GO_Biological_Process_2017","phosphatidylinositol-mediated signaling (GO:0048015)",0.0554468149910245,0.24012504380792,"KL,FGF7,HGF,FGF2"
"390","GO_Biological_Process_2017","endodermal cell differentiation (GO:0035987)",0.055865158711016,0.24012504380792,"ITGA7,MMP8"
"399","GO_Biological_Process_2017","phosphatidylinositol 3-kinase signaling (GO:0014065)",0.055865158711016,0.24012504380792,"LTK,PIK3R5"
"414","GO_Biological_Process_2017","regulation of heart contraction (GO:0008016)",0.055865158711016,0.24012504380792,"DMPK,TBX2"
"307","GO_Biological_Process_2017","regulation of membrane potential (GO:0042391)",0.0564454374563398,0.24012504380792,"ACTN2,KCNA5,SLC26A10"
"371","GO_Biological_Process_2017","positive regulation of interferon-gamma production (GO:0032729)",0.0597623735056871,0.24012504380792,"SLC11A1,TXK"
"406","GO_Biological_Process_2017","negative regulation of BMP signaling pathway (GO:0030514)",0.0597623735056871,0.24012504380792,"SMAD6,FSTL3"
"411","GO_Biological_Process_2017","negative regulation of tumor necrosis factor production (GO:0032720)",0.0597623735056871,0.24012504380792,"C5AR2,IRAK3"
"357","GO_Biological_Process_2017","peptidyl-threonine phosphorylation (GO:0018107)",0.061185853136376,0.24012504380792,"DAPK2,CAMK2A,MAP3K12"
"373","GO_Biological_Process_2017","outflow tract morphogenesis (GO:0003151)",0.0637501109011459,0.24012504380792,"TGFBR3,TBX2"
"287","GO_Biological_Process_2017","negative regulation of cell growth (GO:0030308)",0.0643221759787501,0.24012504380792,"ACVRL1,HYAL2,FHL1,WFDC1"
"361","GO_Biological_Process_2017","MyD88-dependent toll-like receptor signaling pathway (GO:0002755)",0.0678248732706185,0.24012504380792,"IRAK3,TLR2"
"372","GO_Biological_Process_2017","negative regulation of cell cycle (GO:0045786)",0.0678248732706185,0.24012504380792,"NR4A1,RPS6KA2"
"389","GO_Biological_Process_2017","nuclear-transcribed mRNA poly(A) tail shortening (GO:0000289)",0.0678248732706185,0.24012504380792,"ZFP36,SAMD4A"
"410","GO_Biological_Process_2017","protein transport (GO:0015031)",0.0678248732706185,0.24012504380792,"RAMP2,RAMP3"
"304","GO_Biological_Process_2017","insulin receptor signaling pathway (GO:0008286)",0.0712010599409041,0.24012504380792,"PDK4,SORBS1,TCIRG1"
"363","GO_Biological_Process_2017","cellular calcium ion homeostasis (GO:0006874)",0.0712010599409041,0.24012504380792,"SLC24A4,DMPK,RGN"
"856","GO_Biological_Process_2017","drug catabolic process (GO:0042737)",0.0716131799315979,0.24012504380792,"CYP3A5"
"883","GO_Biological_Process_2017","regulation of mitotic cell cycle spindle assembly checkpoint (GO:0090266)",0.0716131799315979,0.24012504380792,"DUSP1"
"888","GO_Biological_Process_2017","embryonic morphogenesis (GO:0048598)",0.0716131799315979,0.24012504380792,"FGF2"
"892","GO_Biological_Process_2017","axon ensheathment (GO:0008366)",0.0716131799315979,0.24012504380792,"PRX"
"894","GO_Biological_Process_2017","endocardial cushion development (GO:0003197)",0.0716131799315979,0.24012504380792,"FOXF1"
"900","GO_Biological_Process_2017","elastic fiber assembly (GO:0048251)",0.0716131799315979,0.24012504380792,"FBLN5"
"904","GO_Biological_Process_2017","response to ATP (GO:0033198)",0.0716131799315979,0.24012504380792,"TRPC3"
"907","GO_Biological_Process_2017","cardiac muscle cell proliferation (GO:0060038)",0.0716131799315979,0.24012504380792,"TGFBR3"
"909","GO_Biological_Process_2017","arginine catabolic process (GO:0006527)",0.0716131799315979,0.24012504380792,"ARG1"
"911","GO_Biological_Process_2017","lipoxin metabolic process (GO:2001300)",0.0716131799315979,0.24012504380792,"ALOX5"
"912","GO_Biological_Process_2017","negative regulation of membrane protein ectodomain proteolysis (GO:0051045)",0.0716131799315979,0.24012504380792,"TIMP3"
"913","GO_Biological_Process_2017","blood coagulation, extrinsic pathway (GO:0007598)",0.0716131799315979,0.24012504380792,"F10"
"920","GO_Biological_Process_2017","regulation of platelet activation (GO:0010543)",0.0716131799315979,0.24012504380792,"TXK"
"922","GO_Biological_Process_2017","atrial cardiac muscle tissue morphogenesis (GO:0055009)",0.0716131799315979,0.24012504380792,"ENG"
"926","GO_Biological_Process_2017","oligodendrocyte differentiation (GO:0048709)",0.0716131799315979,0.24012504380792,"MYRF"
"929","GO_Biological_Process_2017","regulation of membrane depolarization (GO:0003254)",0.0716131799315979,0.24012504380792,"FHL1"
"942","GO_Biological_Process_2017","complement activation, alternative pathway (GO:0006957)",0.0716131799315979,0.24012504380792,"CFP"
"949","GO_Biological_Process_2017","regulation of cell communication by electrical coupling involved in cardiac conduction (GO:1901844)",0.0716131799315979,0.24012504380792,"HRC"
"951","GO_Biological_Process_2017","regulation of keratinocyte proliferation (GO:0010837)",0.0716131799315979,0.24012504380792,"ZFP36"
"953","GO_Biological_Process_2017","cellular response to macrophage colony-stimulating factor stimulus (GO:0036006)",0.0716131799315979,0.24012504380792,"PDE1B"
"955","GO_Biological_Process_2017","atrioventricular canal development (GO:0036302)",0.0716131799315979,0.24012504380792,"TBX2"
"956","GO_Biological_Process_2017","positive regulation of cardiac muscle contraction (GO:0060452)",0.0716131799315979,0.24012504380792,"ADRA1A"
"962","GO_Biological_Process_2017","iron ion transport (GO:0006826)",0.0716131799315979,0.24012504380792,"SLC11A1"
"964","GO_Biological_Process_2017","lipid hydroxylation (GO:0002933)",0.0716131799315979,0.24012504380792,"CYP3A5"
"973","GO_Biological_Process_2017","membrane repolarization during atrial cardiac muscle cell action potential (GO:0098914)",0.0716131799315979,0.24012504380792,"KCNA5"
"974","GO_Biological_Process_2017","mRNA transport (GO:0051028)",0.0716131799315979,0.24012504380792,"ZFP36"
"980","GO_Biological_Process_2017","negative regulation of cytokine production (GO:0001818)",0.0716131799315979,0.24012504380792,"SLC11A1"
"981","GO_Biological_Process_2017","negative regulation of plasminogen activation (GO:0010757)",0.0716131799315979,0.24012504380792,"THBS1"
"984","GO_Biological_Process_2017","positive regulation of Wnt signaling pathway, planar cell polarity pathway (GO:2000096)",0.0716131799315979,0.24012504380792,"NKD1"
"985","GO_Biological_Process_2017","negative regulation of macrophage cytokine production (GO:0010936)",0.0716131799315979,0.24012504380792,"IRAK3"
"988","GO_Biological_Process_2017","diaphragm development (GO:0060539)",0.0716131799315979,0.24012504380792,"TCF21"
"991","GO_Biological_Process_2017","regulation of neuronal synaptic plasticity (GO:0048168)",0.0716131799315979,0.24012504380792,"CAMK2A"
"992","GO_Biological_Process_2017","negative regulation of organ growth (GO:0046621)",0.0716131799315979,0.24012504380792,"SLC6A4"
"993","GO_Biological_Process_2017","multicellular organismal iron ion homeostasis (GO:0060586)",0.0716131799315979,0.24012504380792,"SLC11A1"
"994","GO_Biological_Process_2017","positive regulation of sprouting angiogenesis (GO:1903672)",0.0716131799315979,0.24012504380792,"FGF2"
"997","GO_Biological_Process_2017","retina vasculature development in camera-type eye (GO:0061298)",0.0716131799315979,0.24012504380792,"ACVRL1"
"1000","GO_Biological_Process_2017","ventricular compact myocardium morphogenesis (GO:0003223)",0.0716131799315979,0.24012504380792,"TGFBR3"
"1001","GO_Biological_Process_2017","cobalamin transport (GO:0015889)",0.0716131799315979,0.24012504380792,"CUBN"
"1004","GO_Biological_Process_2017","positive regulation of mitochondrial depolarization (GO:0051901)",0.0716131799315979,0.24012504380792,"MYOC"
"1006","GO_Biological_Process_2017","anterior/posterior axis specification, embryo (GO:0008595)",0.0716131799315979,0.24012504380792,"TBX3"
"1010","GO_Biological_Process_2017","amine metabolic process (GO:0009308)",0.0716131799315979,0.24012504380792,"AOC3"
"1012","GO_Biological_Process_2017","negative regulation of cytokine-mediated signaling pathway (GO:0001960)",0.0716131799315979,0.24012504380792,"IRAK3"
"1014","GO_Biological_Process_2017","regulation of cell communication by electrical coupling (GO:0010649)",0.0716131799315979,0.24012504380792,"CASQ2"
"1015","GO_Biological_Process_2017","cellular response to hepatocyte growth factor stimulus (GO:0035729)",0.0716131799315979,0.24012504380792,"HGF"
"1016","GO_Biological_Process_2017","positive regulation of epithelial to mesenchymal transition involved in endocardial cushion formation (GO:1905007)",0.0716131799315979,0.24012504380792,"ENG"
"1017","GO_Biological_Process_2017","regulation of endothelial cell proliferation (GO:0001936)",0.0716131799315979,0.24012504380792,"ACVRL1"
"1018","GO_Biological_Process_2017","negative regulation of NLRP3 inflammasome complex assembly (GO:1900226)",0.0716131799315979,0.24012504380792,"MEFV"
"1019","GO_Biological_Process_2017","metanephric mesenchymal cell differentiation (GO:0072162)",0.0716131799315979,0.24012504380792,"TCF21"
"1021","GO_Biological_Process_2017","positive regulation of cellular metabolic process (GO:0031325)",0.0716131799315979,0.24012504380792,"ACACB"
"1023","GO_Biological_Process_2017","glomerulus development (GO:0032835)",0.0716131799315979,0.24012504380792,"TCF21"
"1024","GO_Biological_Process_2017","negative regulation of glycolytic process (GO:0045820)",0.0716131799315979,0.24012504380792,"CBFA2T3"
"1025","GO_Biological_Process_2017","regulation of histone H3-K9 acetylation (GO:2000615)",0.0716131799315979,0.24012504380792,"RAPGEF3"
"1026","GO_Biological_Process_2017","mucosal immune response (GO:0002385)",0.0716131799315979,0.24012504380792,"FFAR2"
"446","GO_Biological_Process_2017","cellular response to transforming growth factor beta stimulus (GO:0071560)",0.0719832458432178,0.24012504380792,"ACVRL1,HYAL2"
"510","GO_Biological_Process_2017","substrate adhesion-dependent cell spreading (GO:0034446)",0.0719832458432178,0.24012504380792,"ITGA8,TEK"
"448","GO_Biological_Process_2017","negative regulation of autophagy (GO:0010507)",0.0762218950461565,0.24012504380792,"HGF,RASIP1"
"451","GO_Biological_Process_2017","positive regulation of Wnt signaling pathway (GO:0030177)",0.0762218950461565,0.24012504380792,"RSPO4,TLR2"
"314","GO_Biological_Process_2017","regulation of complement activation (GO:0030449)",0.077914951340321,0.24012504380792,"C7,C5AR2,C4BPB,CFP"
"483","GO_Biological_Process_2017","positive regulation of fat cell differentiation (GO:0045600)",0.0805375668618948,0.24012504380792,"ZFP36,ZBTB16"
"299","GO_Biological_Process_2017","positive regulation of transcription, DNA-templated (GO:0045893)",0.0838187880882617,0.24012504380792,"ACVRL1,NFE2,MYOCD,MYRF,FOXF1,ZBTB16,NKX2-1,CAPN3,TBX5,FGF2,KLF2"
"402","GO_Biological_Process_2017","adaptive immune response (GO:0002250)",0.0849270852089569,0.24012504380792,"ZAP70,TXK"
"435","GO_Biological_Process_2017","negative regulation of cell adhesion (GO:0007162)",0.0849270852089569,0.24012504380792,"ACVRL1,PODXL"
"468","GO_Biological_Process_2017","epithelial to mesenchymal transition (GO:0001837)",0.0849270852089569,0.24012504380792,"TGFBR3,HGF"
"754","GO_Biological_Process_2017","negative regulation of vascular smooth muscle cell proliferation (GO:1904706)",0.0853103098083021,0.24012504380792,"CNN1"
"786","GO_Biological_Process_2017","muscle cell differentiation (GO:0042692)",0.0853103098083021,0.24012504380792,"SYNE1"
"811","GO_Biological_Process_2017","positive regulation of myelination (GO:0031643)",0.0853103098083021,0.24012504380792,"MYRF"
"813","GO_Biological_Process_2017","platelet dense granule organization (GO:0060155)",0.0853103098083021,0.24012504380792,"F2RL3"
"820","GO_Biological_Process_2017","heart trabecula morphogenesis (GO:0061384)",0.0853103098083021,0.24012504380792,"TGFBR3"
"821","GO_Biological_Process_2017","monoamine transport (GO:0015844)",0.0853103098083021,0.24012504380792,"SLC6A4"
"823","GO_Biological_Process_2017","regulation of atrial cardiac muscle cell membrane repolarization (GO:0060372)",0.0853103098083021,0.24012504380792,"KCNA5"
"824","GO_Biological_Process_2017","molybdopterin cofactor biosynthetic process (GO:0032324)",0.0853103098083021,0.24012504380792,"MOCS1"
"844","GO_Biological_Process_2017","enteric nervous system development (GO:0048484)",0.0853103098083021,0.24012504380792,"EDNRB"
"847","GO_Biological_Process_2017","smooth muscle cell differentiation (GO:0051145)",0.0853103098083021,0.24012504380792,"MYOCD"
"849","GO_Biological_Process_2017","tissue regeneration (GO:0042246)",0.0853103098083021,0.24012504380792,"TXK"
"867","GO_Biological_Process_2017","growth hormone secretion (GO:0030252)",0.0853103098083021,0.24012504380792,"LTBP4"
"870","GO_Biological_Process_2017","wound healing, spreading of epidermal cells (GO:0035313)",0.0853103098083021,0.24012504380792,"ACVRL1"
"872","GO_Biological_Process_2017","neuron remodeling (GO:0016322)",0.0853103098083021,0.24012504380792,"SCARF1"
"879","GO_Biological_Process_2017","regulation of cholesterol metabolic process (GO:0090181)",0.0853103098083021,0.24012504380792,"ACADL"
"880","GO_Biological_Process_2017","positive regulation of dendritic cell antigen processing and presentation (GO:0002606)",0.0853103098083021,0.24012504380792,"SLC11A1"
"882","GO_Biological_Process_2017","equilibrioception (GO:0050957)",0.0853103098083021,0.24012504380792,"CDH23"
"895","GO_Biological_Process_2017","positive regulation of protein kinase A signaling (GO:0010739)",0.0853103098083021,0.24012504380792,"AKAP12"
"901","GO_Biological_Process_2017","endothelial tube morphogenesis (GO:0061154)",0.0853103098083021,0.24012504380792,"ACVRL1"
"905","GO_Biological_Process_2017","lymphatic endothelial cell differentiation (GO:0060836)",0.0853103098083021,0.24012504380792,"ACVRL1"
"932","GO_Biological_Process_2017","hemostasis (GO:0007599)",0.0853103098083021,0.24012504380792,"NFE2"
"938","GO_Biological_Process_2017","positive regulation of transcription from RNA polymerase II promoter in response to stress (GO:0036003)",0.0853103098083021,0.24012504380792,"KLF2"
"939","GO_Biological_Process_2017","positive regulation of fibroblast migration (GO:0010763)",0.0853103098083021,0.24012504380792,"THBS1"
"960","GO_Biological_Process_2017","mitral valve morphogenesis (GO:0003183)",0.0853103098083021,0.24012504380792,"SMAD6"
"963","GO_Biological_Process_2017","negative regulation of interleukin-6 secretion (GO:1900165)",0.0853103098083021,0.24012504380792,"C5AR2"
"966","GO_Biological_Process_2017","male genitalia development (GO:0030539)",0.0853103098083021,0.24012504380792,"TBX3"
"967","GO_Biological_Process_2017","aorta morphogenesis (GO:0035909)",0.0853103098083021,0.24012504380792,"TBX2"
"977","GO_Biological_Process_2017","glucose transmembrane transport (GO:1904659)",0.0853103098083021,0.24012504380792,"SLC5A9"
"978","GO_Biological_Process_2017","nuclear-transcribed mRNA catabolic process, deadenylation-dependent decay (GO:0000288)",0.0853103098083021,0.24012504380792,"ZFP36"
"983","GO_Biological_Process_2017","neurotransmitter transport (GO:0006836)",0.0853103098083021,0.24012504380792,"SLC6A16"
"989","GO_Biological_Process_2017","myofibril assembly (GO:0030239)",0.0853103098083021,0.24012504380792,"CAPN3"
"990","GO_Biological_Process_2017","blood vessel endothelial cell proliferation involved in sprouting angiogenesis (GO:0002043)",0.0853103098083021,0.24012504380792,"ACVRL1"
"1002","GO_Biological_Process_2017","tissue homeostasis (GO:0001894)",0.0853103098083021,0.24012504380792,"CUBN"
"1007","GO_Biological_Process_2017","regulation of potassium ion transmembrane transporter activity (GO:1901016)",0.0853103098083021,0.24012504380792,"FHL1"
"1009","GO_Biological_Process_2017","positive regulation of keratinocyte migration (GO:0051549)",0.0853103098083021,0.24012504380792,"FGF7"
"1011","GO_Biological_Process_2017","T cell proliferation (GO:0042098)",0.0853103098083021,0.24012504380792,"TNFSF14"
"1013","GO_Biological_Process_2017","positive regulation of cardiac muscle cell differentiation (GO:2000727)",0.0853103098083021,0.24012504380792,"MYOCD"
"1020","GO_Biological_Process_2017","T cell migration (GO:0072678)",0.0853103098083021,0.24012504380792,"ZAP70"
"1022","GO_Biological_Process_2017","regulation of keratinocyte differentiation (GO:0045616)",0.0853103098083021,0.24012504380792,"ZFP36"
"334","GO_Biological_Process_2017","positive regulation of protein phosphorylation (GO:0001934)",0.0862759595289485,0.24012504380792,"NTRK3,FLT4,TEK,ENG"
"480","GO_Biological_Process_2017","positive regulation of actin filament polymerization (GO:0030838)",0.089387350389444,0.24012504380792,"TENM1,CSF3"
"504","GO_Biological_Process_2017","receptor internalization (GO:0031623)",0.089387350389444,0.24012504380792,"RAMP2,RAMP3"
"455","GO_Biological_Process_2017","heart looping (GO:0001947)",0.0939153374920696,0.24012504380792,"TBX2,ENG"
"460","GO_Biological_Process_2017","T cell activation (GO:0042110)",0.0939153374920696,0.24012504380792,"ZAP70,TNFSF14"
"519","GO_Biological_Process_2017","Wnt signaling pathway, calcium modulating pathway (GO:0007223)",0.0939153374920696,0.24012504380792,"CAMK2A,PLCB2"
"345","GO_Biological_Process_2017","phosphatidylinositol biosynthetic process (GO:0006661)",0.0961774697729075,0.24012504380792,"PITPNM2,FGF2,PIK3R5"
"326","GO_Biological_Process_2017","positive regulation of gene expression (GO:0010628)",0.0978768781805442,0.24012504380792,"RAMP2,RGCC,SLC11A1,NTRK3,NKX2-1,TLR2"
"444","GO_Biological_Process_2017","negative regulation of ERK1 and ERK2 cascade (GO:0070373)",0.0985080949469444,0.24012504380792,"TIMP3,DUSP26"
"496","GO_Biological_Process_2017","wound healing (GO:0042060)",0.0985080949469444,0.24012504380792,"SLC11A1,FGF2"
"726","GO_Biological_Process_2017","activation of MAPKKK activity (GO:0000185)",0.0988060314569828,0.24012504380792,"GADD45B"
"763","GO_Biological_Process_2017","neuron death (GO:0070997)",0.0988060314569828,0.24012504380792,"MEOX2"
"768","GO_Biological_Process_2017","defense response to protozoan (GO:0042832)",0.0988060314569828,0.24012504380792,"SLC11A1"
"777","GO_Biological_Process_2017","positive regulation of macrophage chemotaxis (GO:0010759)",0.0988060314569828,0.24012504380792,"THBS1"
"779","GO_Biological_Process_2017","actin filament depolymerization (GO:0030042)",0.0988060314569828,0.24012504380792,"MICAL1"
"785","GO_Biological_Process_2017","negative regulation of activin receptor signaling pathway (GO:0032926)",0.0988060314569828,0.24012504380792,"FSTL3"
"789","GO_Biological_Process_2017","pancreas development (GO:0031016)",0.0988060314569828,0.24012504380792,"FOXF1"
"791","GO_Biological_Process_2017","positive regulation of ossification (GO:0045778)",0.0988060314569828,0.24012504380792,"ZBTB16"
"798","GO_Biological_Process_2017","cardiac ventricle morphogenesis (GO:0003208)",0.0988060314569828,0.24012504380792,"ENG"
"812","GO_Biological_Process_2017","positive regulation of T cell differentiation (GO:0045582)",0.0988060314569828,0.24012504380792,"ZAP70"
"817","GO_Biological_Process_2017","positive regulation of positive chemotaxis (GO:0050927)",0.0988060314569828,0.24012504380792,"NTRK3"
"827","GO_Biological_Process_2017","regulation of vascular permeability (GO:0043114)",0.0988060314569828,0.24012504380792,"TEK"
"829","GO_Biological_Process_2017","positive regulation of receptor biosynthetic process (GO:0010870)",0.0988060314569828,0.24012504380792,"HOXA5"
"833","GO_Biological_Process_2017","fusion of virus membrane with host plasma membrane (GO:0019064)",0.0988060314569828,0.24012504380792,"HYAL2"
"841","GO_Biological_Process_2017","negative regulation of protein kinase activity by regulation of protein phosphorylation (GO:0044387)",0.0988060314569828,0.24012504380792,"DUSP26"
"842","GO_Biological_Process_2017","negative regulation of DNA biosynthetic process (GO:2000279)",0.0988060314569828,0.24012504380792,"ACVRL1"
"845","GO_Biological_Process_2017","positive regulation of calcium ion transport into cytosol (GO:0010524)",0.0988060314569828,0.24012504380792,"TRPC3"
"864","GO_Biological_Process_2017","positive regulation of T-helper 1 type immune response (GO:0002827)",0.0988060314569828,0.24012504380792,"SLC11A1"
"868","GO_Biological_Process_2017","positive regulation of urine volume (GO:0035810)",0.0988060314569828,0.24012504380792,"HYAL2"
"875","GO_Biological_Process_2017","glucocorticoid biosynthetic process (GO:0006704)",0.0988060314569828,0.24012504380792,"HSD11B1"
"884","GO_Biological_Process_2017","vasoconstriction (GO:0042310)",0.0988060314569828,0.24012504380792,"EDNRB"
"921","GO_Biological_Process_2017","positive regulation of circadian rhythm (GO:0042753)",0.0988060314569828,0.24012504380792,"NKX2-1"
"923","GO_Biological_Process_2017","positive regulation of calcineurin-NFAT signaling cascade (GO:0070886)",0.0988060314569828,0.24012504380792,"LMCD1"
"924","GO_Biological_Process_2017","cAMP catabolic process (GO:0006198)",0.0988060314569828,0.24012504380792,"PDE1B"
"930","GO_Biological_Process_2017","negative regulation of keratinocyte proliferation (GO:0010839)",0.0988060314569828,0.24012504380792,"KLF9"
"934","GO_Biological_Process_2017","cellular response to caffeine (GO:0071313)",0.0988060314569828,0.24012504380792,"CASQ2"
"940","GO_Biological_Process_2017","adherens junction assembly (GO:0034333)",0.0988060314569828,0.24012504380792,"RAMP2"
"943","GO_Biological_Process_2017","positive regulation of cell-cell adhesion (GO:0022409)",0.0988060314569828,0.24012504380792,"FSTL3"
"945","GO_Biological_Process_2017","cytokine production (GO:0001816)",0.0988060314569828,0.24012504380792,"TXK"
"947","GO_Biological_Process_2017","positive regulation of cyclin-dependent protein serine/threonine kinase activity involved in G1/S transition of mitotic cell cycle (GO:0031659)",0.0988060314569828,0.24012504380792,"RGCC"
"948","GO_Biological_Process_2017","spleen development (GO:0048536)",0.0988060314569828,0.24012504380792,"TCF21"
"959","GO_Biological_Process_2017","cellular response to laminar fluid shear stress (GO:0071499)",0.0988060314569828,0.24012504380792,"KLF2"
"961","GO_Biological_Process_2017","cellular response to fluid shear stress (GO:0071498)",0.0988060314569828,0.24012504380792,"KLF2"
"968","GO_Biological_Process_2017","sex determination (GO:0007530)",0.0988060314569828,0.24012504380792,"TCF21"
"969","GO_Biological_Process_2017","positive regulation of keratinocyte proliferation (GO:0010838)",0.0988060314569828,0.24012504380792,"FGF7"
"970","GO_Biological_Process_2017","embryonic heart tube development (GO:0035050)",0.0988060314569828,0.24012504380792,"TBX2"
"979","GO_Biological_Process_2017","cartilage condensation (GO:0001502)",0.0988060314569828,0.24012504380792,"MGP"
"982","GO_Biological_Process_2017","positive regulation of tumor necrosis factor biosynthetic process (GO:0042535)",0.0988060314569828,0.24012504380792,"THBS1"
"986","GO_Biological_Process_2017","limb morphogenesis (GO:0035108)",0.0988060314569828,0.24012504380792,"TBX4"
"987","GO_Biological_Process_2017","macrophage activation (GO:0042116)",0.0988060314569828,0.24012504380792,"SLC11A1"
"995","GO_Biological_Process_2017","regulation of phagocytosis (GO:0050764)",0.0988060314569828,0.24012504380792,"FGR"
"996","GO_Biological_Process_2017","negative regulation of wound healing (GO:0061045)",0.0988060314569828,0.24012504380792,"FGF2"
"998","GO_Biological_Process_2017","negative regulation of protein sumoylation (GO:0033234)",0.0988060314569828,0.24012504380792,"CAPN3"
"999","GO_Biological_Process_2017","glomerular visceral epithelial cell development (GO:0072015)",0.0988060314569828,0.24012504380792,"PODXL"
"1005","GO_Biological_Process_2017","regulation of mitotic metaphase/anaphase transition (GO:0030071)",0.0988060314569828,0.24012504380792,"HECW2"
"1008","GO_Biological_Process_2017","regulation of T cell activation (GO:0050863)",0.0988060314569828,0.24012504380792,"PAG1"
"352","GO_Biological_Process_2017","defense response to bacterium (GO:0042742)",0.099595200056014,0.241326830904957,"SLC11A1,STAB1,CFP,MPO"
"339","GO_Biological_Process_2017","ion transmembrane transport (GO:0034220)",0.101622270296002,0.244833599637136,"CASQ2,ATP1A2,ATP1B2,TCIRG1,ANO2"
"548","GO_Biological_Process_2017","fibroblast growth factor receptor signaling pathway (GO:0008543)",0.105196579110566,0.244833599637136,"KL,FGF7,FGF2"
"475","GO_Biological_Process_2017","positive regulation of translation (GO:0045727)",0.107876472055857,0.244833599637136,"SAMD4A,THBS1"
"481","GO_Biological_Process_2017","positive regulation of inflammatory response (GO:0050729)",0.107876472055857,0.244833599637136,"HYAL2,TLR2"
"528","GO_Biological_Process_2017","muscle filament sliding (GO:0030049)",0.107876472055857,0.244833599637136,"MYBPC3,ACTN2"
"533","GO_Biological_Process_2017","somatic stem cell population maintenance (GO:0035019)",0.107876472055857,0.244833599637136,"EPAS1,FGF2"
"736","GO_Biological_Process_2017","oligodendrocyte development (GO:0014003)",0.11210329653715,0.244833599637136,"MYRF"
"748","GO_Biological_Process_2017","positive regulation of phospholipase C activity (GO:0010863)",0.11210329653715,0.244833599637136,"FGF2"
"752","GO_Biological_Process_2017","atrial cardiac muscle cell action potential (GO:0086014)",0.11210329653715,0.244833599637136,"KCNA5"
"755","GO_Biological_Process_2017","negative regulation of axon extension (GO:0030517)",0.11210329653715,0.244833599637136,"SEMA3G"
"765","GO_Biological_Process_2017","regulation of calcium-mediated signaling (GO:0050848)",0.11210329653715,0.244833599637136,"RGN"
"767","GO_Biological_Process_2017","histone phosphorylation (GO:0016572)",0.11210329653715,0.244833599637136,"MAP3K12"
"771","GO_Biological_Process_2017","cytoskeletal anchoring at nuclear membrane (GO:0090286)",0.11210329653715,0.244833599637136,"SYNE1"
"773","GO_Biological_Process_2017","negative regulation of toll-like receptor signaling pathway (GO:0034122)",0.11210329653715,0.244833599637136,"IRAK3"
"775","GO_Biological_Process_2017","negative regulation of protein autophosphorylation (GO:0031953)",0.11210329653715,0.244833599637136,"ENG"
"776","GO_Biological_Process_2017","positive regulation of macrophage activation (GO:0043032)",0.11210329653715,0.244833599637136,"THBS1"
"784","GO_Biological_Process_2017","fatty acid beta-oxidation using acyl-CoA dehydrogenase (GO:0033539)",0.11210329653715,0.244833599637136,"ACADL"
"797","GO_Biological_Process_2017","negative regulation of T cell activation (GO:0050868)",0.11210329653715,0.244833599637136,"PAG1"
"804","GO_Biological_Process_2017","regulation of neurotransmitter secretion (GO:0046928)",0.11210329653715,0.244833599637136,"CAMK2A"
"814","GO_Biological_Process_2017","ventricular septum development (GO:0003281)",0.11210329653715,0.244833599637136,"TBX5"
"819","GO_Biological_Process_2017","regulation of potassium ion transport (GO:0043266)",0.11210329653715,0.244833599637136,"KCNA5"
"857","GO_Biological_Process_2017","ventricular trabecula myocardium morphogenesis (GO:0003222)",0.11210329653715,0.244833599637136,"ENG"
"865","GO_Biological_Process_2017","mesodermal cell differentiation (GO:0048333)",0.11210329653715,0.244833599637136,"ITGA8"
"906","GO_Biological_Process_2017","regulation of fatty acid biosynthetic process (GO:0042304)",0.11210329653715,0.244833599637136,"PDK4"
"925","GO_Biological_Process_2017","neurotransmitter biosynthetic process (GO:0042136)",0.11210329653715,0.244833599637136,"SLC6A4"
"927","GO_Biological_Process_2017","monocyte activation (GO:0042117)",0.11210329653715,0.244833599637136,"HYAL2"
"933","GO_Biological_Process_2017","cellular response to UV-B (GO:0071493)",0.11210329653715,0.244833599637136,"HYAL2"
"936","GO_Biological_Process_2017","depyrimidination (GO:0045008)",0.11210329653715,0.244833599637136,"NEIL1"
"937","GO_Biological_Process_2017","regulation of pH (GO:0006885)",0.11210329653715,0.244833599637136,"PDK4"
"944","GO_Biological_Process_2017","positive regulation of cAMP-mediated signaling (GO:0043950)",0.11210329653715,0.244833599637136,"ADRB1"
"950","GO_Biological_Process_2017","epithelial to mesenchymal transition involved in endocardial cushion formation (GO:0003198)",0.11210329653715,0.244833599637136,"ENG"
"957","GO_Biological_Process_2017","negative regulation of vascular permeability (GO:0043116)",0.11210329653715,0.244833599637136,"RAMP2"
"958","GO_Biological_Process_2017","negative regulation of hippo signaling (GO:0035331)",0.11210329653715,0.244833599637136,"WTIP"
"971","GO_Biological_Process_2017","endothelial cell chemotaxis (GO:0035767)",0.11210329653715,0.244833599637136,"NR4A1"
"972","GO_Biological_Process_2017","negative regulation of cytokine production involved in inflammatory response (GO:1900016)",0.11210329653715,0.244833599637136,"MEFV"
"976","GO_Biological_Process_2017","negative regulation of protein tyrosine kinase activity (GO:0061099)",0.11210329653715,0.244833599637136,"HYAL2"
"1003","GO_Biological_Process_2017","histidine catabolic process (GO:0006548)",0.11210329653715,0.244833599637136,"HDC"
"559","GO_Biological_Process_2017","cellular response to calcium ion (GO:0071277)",0.11264654172418,0.245365738489637,"CAPN3,RASGRP2"
"1027","GO_Cellular_Component_2017","integral component of plasma membrane (GO:0005887)",4.68646500980555e-06,0.00071702914650025,"ACVRL1,TENM1,RAMP2,SLC24A4,VIPR1,LTK,RAMP3,CSF3R,C5AR2,ITGA2B,KCNA5,ADRB1,ICAM5,TCIRG1,LRRC32,ADRA1A,TSPAN32,SLC6A4,EDNRB,PODXL,STAB1,FFAR2,SLC26A10,PAG1,KL,TRPC3,TRPC4,SLC6A16,TIE1,SLC11A1,LRRN4,LYVE1,TGFBR3,PTPRB,SLC5A9,CEACAM4,TEK,TLR2,F2RL3"
"1028","GO_Cellular_Component_2017","membrane raft (GO:0045121)",0.00032674233693943,0.0152232135070842,"ZAP70,HYAL2,KCNA5,TEK,SORBS1,PAG1,SLC6A4,TLR2"
"1029","GO_Cellular_Component_2017","receptor complex (GO:0043235)",0.00043439843515572,0.0152232135070842,"TGFBR3,VIPR1,PTPRB,RAMP2,RAMP3,NTRK3,FLT4,ENG"
"1030","GO_Cellular_Component_2017","proteinaceous extracellular matrix (GO:0005578)",0.000484502426679496,0.0152232135070842,"MMP25,LAMC3,MGP,OGN,LTBP4,MMP19,TIMP3"
"1031","GO_Cellular_Component_2017","Z disc (GO:0030018)",0.000497490637486411,0.0152232135070842,"MYBPC3,ACTN2,HRC,CASQ2,CAPN3,LDB3"
"1032","GO_Cellular_Component_2017","microvillus (GO:0005902)",0.00106602265389053,0.0271835776742086,"AOC3,HYAL2,TEK,RAPGEF3"
"1055","GO_Cellular_Component_2017","extrinsic component of external side of plasma membrane (GO:0031232)",0.00433597992951126,0.0947721327450319,"FCN1,CUBN"
"1033","GO_Cellular_Component_2017","cytoskeleton (GO:0005856)",0.00720728278484113,0.123922520559751,"FGR,CNN1,TENM1,PARVG,ACTN2,LDB3"
"1042","GO_Cellular_Component_2017","sodium:potassium-exchanging ATPase complex (GO:0005890)",0.00728956003292654,0.123922520559751,"ATP1A2,ATP1B2"
"1034","GO_Cellular_Component_2017","apical plasma membrane (GO:0016324)",0.0110438198411044,0.168970443568897,"CUBN,DUOX1,PODXL,HYAL2,TEK,TCIRG1"
"1036","GO_Cellular_Component_2017","specific granule lumen (GO:0035580)",0.0132427432238456,0.184194519386216,"ARG1,RETN,MMP8,CFP"
"1037","GO_Cellular_Component_2017","platelet alpha granule lumen (GO:0031093)",0.0171904680054557,0.19181253287842,"MMRN1,ACTN2,HGF,THBS1"
"1050","GO_Cellular_Component_2017","platelet dense granule lumen (GO:0031089)",0.0175532815181875,0.19181253287842,"ITIH4,TIMP3"
"1039","GO_Cellular_Component_2017","stress fiber (GO:0001725)",0.0183156190355306,0.19181253287842,"FHOD1,SORBS1,TEK"
"1047","GO_Cellular_Component_2017","basal plasma membrane (GO:0009925)",0.0200588269676779,0.19181253287842,"C5AR2,TEK"
"1051","GO_Cellular_Component_2017","stereocilium (GO:0032420)",0.0200588269676779,0.19181253287842,"DOCK4,CDH23"
"1040","GO_Cellular_Component_2017","secretory granule (GO:0030141)",0.0238787537111738,0.202969406544977,"CTSG,THBS1,MPO"
"1044","GO_Cellular_Component_2017","filopodium (GO:0030175)",0.0238787537111738,0.202969406544977,"ACTN2,PODXL,RAPGEF3"
"1041","GO_Cellular_Component_2017","actin filament (GO:0005884)",0.0269651947159652,0.213337825157756,"ACTN2,TEK,ARHGAP6"
"1038","GO_Cellular_Component_2017","secretory granule lumen (GO:0034774)",0.0278872974062427,0.213337825157756,"FCN1,ARHGAP9,FGR,CRISPLD2,ALOX5"
"1056","GO_Cellular_Component_2017","calcium channel complex (GO:0034704)",0.0314312906491601,0.228999403301024,"TRPC4,CASQ2"
"1054","GO_Cellular_Component_2017","sarcoplasmic reticulum membrane (GO:0033017)",0.0345895878026852,0.240554860627765,"DMPK,CASQ2"
"1035","GO_Cellular_Component_2017","focal adhesion (GO:0005925)",0.0385855850372815,0.244542659890456,"AKAP12,SLC9A3R2,CNN1,ACTN2,FHL1,ITGA8,SORBS1,LIMS2,TNS1,ENG"
"1043","GO_Cellular_Component_2017","P-body (GO:0000932)",0.0398360253317802,0.244542659890456,"ZFP36,SAMD4A,WTIP,SYNE1"
"1046","GO_Cellular_Component_2017","nuclear matrix (GO:0016363)",0.0413223712615423,0.244542659890456,"TENM1,ALOX5,RUNX1T1"
"1045","GO_Cellular_Component_2017","azurophil granule lumen (GO:0035578)",0.0442171204907226,0.244542659890456,"ARG1,CTSG,RETN,MPO"
"1061","GO_Cellular_Component_2017","clathrin-coated pit (GO:0005905)",0.0447529050779919,0.244542659890456,"RAMP2,SGIP1"
"1064","GO_Cellular_Component_2017","sarcoplasmic reticulum (GO:0016529)",0.0447529050779919,0.244542659890456,"CASQ2,THBS1"
"1","KEGG_2016","Rap1 signaling pathway_Homo sapiens_hsa04015",1.04311116573459e-07,2.15924011307061e-05,"DOCK4,HGF,FLT4,ITGA2B,ADCY4,ARAP3,RASGRP2,FGF2,THBS1,PIK3R5,FGF7,TEK,PLCB2,RAPGEF3,RAPGEF4,F2RL3"
"2","KEGG_2016","cAMP signaling pathway_Homo sapiens_hsa04024",8.59053497065745e-06,0.000879263517711855,"GIPR,PDE4C,CAMK2A,ADCY4,ARAP3,ADRB1,ATP1A2,ATP1B2,SSTR1,PIK3R5,FFAR2,RAPGEF3,RAPGEF4"
"3","KEGG_2016","Adrenergic signaling in cardiomyocytes_Homo sapiens_hsa04261",1.27429495320559e-05,0.000879263517711855,"CAMK2A,ADCY4,SCN7A,ATP1A2,ADRB1,ATP1B2,ADRA1A,PLCB2,RAPGEF3,RAPGEF4,PIK3R5"
"4","KEGG_2016","Pathways in cancer_Homo sapiens_hsa05200",9.21096940853247e-05,0.00476667666891555,"CSF3R,EPAS1,LAMC3,ZBTB16,HGF,DAPK2,ITGA2B,ADCY4,RASGRP2,FGF2,PIK3R5,FGF7,RASSF1,EDNRB,PLCB2,F2RL3,RUNX1T1"
"5","KEGG_2016","PI3K-Akt signaling pathway_Homo sapiens_hsa04151",0.000177411073214954,0.00734481843109909,"CSF3,CSF3R,LAMC3,HGF,FLT4,ITGA2B,FGF2,THBS1,PIK3R5,NR4A1,FGF7,ITGA8,ITGA7,TEK,TLR2"
"6","KEGG_2016","Focal adhesion_Homo sapiens_hsa04510",0.000214778365221725,0.00740985360014953,"SHC2,PARVG,ACTN2,LAMC3,HGF,FLT4,ITGA2B,ITGA8,ITGA7,THBS1,PIK3R5"
"7","KEGG_2016","Insulin secretion_Homo sapiens_hsa04911",0.000261443908277239,0.00773126985905551,"ABCC8,CAMK2A,ADCY4,ATP1A2,ATP1B2,PLCB2,RAPGEF4"
"8","KEGG_2016","Dilated cardiomyopathy_Homo sapiens_hsa05414",0.000371766079995385,0.00961944731988059,"MYBPC3,SGCA,ITGA2B,ITGA8,ADCY4,ITGA7,ADRB1"
"10","KEGG_2016","Amoebiasis_Homo sapiens_hsa05146",0.000703045940715487,0.0161700566364562,"ACTN2,LAMC3,ARG1,CTSG,PLCB2,TLR2,PIK3R5"
"9","KEGG_2016","cGMP-PKG signaling pathway_Homo sapiens_hsa04022",0.000858580359821282,0.0177726134483005,"EDNRB,ADCY4,ATP1A2,MRVI1,ADRB1,ATP1B2,ADRA1A,PLCB2,PIK3R5"
"12","KEGG_2016","Complement and coagulation cascades_Homo sapiens_hsa04610",0.0011039570421701,0.0207744643390192,"F10,C7,ITGAX,MASP2,C4BPB,F2RL3"
"14","KEGG_2016","Salivary secretion_Homo sapiens_hsa04970",0.00204226476243054,0.0330071261613725,"ADCY4,ADRB1,ATP1A2,ATP1B2,ADRA1A,PLCB2"
"11","KEGG_2016","Ras signaling pathway_Homo sapiens_hsa04014",0.0020729113048205,0.0330071261613725,"ZAP70,RASSF1,FGF7,SHC2,HGF,FLT4,TEK,RASGRP2,FGF2,PIK3R5"
"13","KEGG_2016","Platelet activation_Homo sapiens_hsa04611",0.00223756358739856,0.0330839758993931,"P2RX1,ITGA2B,ADCY4,RASGRP2,PLCB2,PIK3R5,F2RL3"
"18","KEGG_2016","Aldosterone-regulated sodium reabsorption_Homo sapiens_hsa04960",0.00254084901132679,0.0350637163563097,"SLC9A3R2,ATP1A2,ATP1B2,PIK3R5"
"16","KEGG_2016","Thyroid hormone synthesis_Homo sapiens_hsa04918",0.00397347528143165,0.0514068364535219,"TG,ADCY4,ATP1A2,ATP1B2,PLCB2"
"20","KEGG_2016","Carbohydrate digestion and absorption_Homo sapiens_hsa04973",0.00429575921620217,0.0516845043624926,"ATP1A2,ATP1B2,PLCB2,PIK3R5"
"17","KEGG_2016","Gastric acid secretion_Homo sapiens_hsa04971",0.00474398832312734,0.0516845043624926,"CAMK2A,ADCY4,ATP1A2,ATP1B2,PLCB2"
"19","KEGG_2016","Arrhythmogenic right ventricular cardiomyopathy (ARVC)_Homo sapiens_hsa05412",0.00474398832312734,0.0516845043624926,"SGCA,ACTN2,ITGA2B,ITGA8,ITGA7"
"22","KEGG_2016","Endocrine and other factor-regulated calcium reabsorption_Homo sapiens_hsa04961",0.00502583959825993,0.0520174398419902,"KL,ATP1A2,ATP1B2,PLCB2"
"15","KEGG_2016","Calcium signaling pathway_Homo sapiens_hsa04020",0.00536679784519646,0.0529012930455079,"EDNRB,PDE1B,P2RX1,CAMK2A,ADCY4,ADRB1,ADRA1A,PLCB2"
"27","KEGG_2016","Malaria_Homo sapiens_hsa05144",0.00583474496439006,0.0548996458013064,"CSF3,HGF,THBS1,TLR2"
"26","KEGG_2016","ECM-receptor interaction_Homo sapiens_hsa04512",0.00730828582696739,0.0657745724427065,"LAMC3,ITGA2B,ITGA8,ITGA7,THBS1"
"24","KEGG_2016","Hypertrophic cardiomyopathy (HCM)_Homo sapiens_hsa05410",0.00768526265899898,0.0662853904338662,"MYBPC3,SGCA,ITGA2B,ITGA8,ITGA7"
"21","KEGG_2016","Neurotrophin signaling pathway_Homo sapiens_hsa04722",0.00880675034494084,0.0701152815924136,"SHC2,NTRK3,RPS6KA2,CAMK2A,IRAK3,PIK3R5"
"23","KEGG_2016","Vascular smooth muscle contraction_Homo sapiens_hsa04270",0.00880675034494084,0.0701152815924136,"RAMP2,RAMP3,ADCY4,MRVI1,ADRA1A,PLCB2"
"29","KEGG_2016","Protein digestion and absorption_Homo sapiens_hsa04974",0.0107095922347304,0.0821068737995995,"CTRL,XPNPEP2,ELN,ATP1A2,ATP1B2"
"30","KEGG_2016","Pancreatic secretion_Homo sapiens_hsa04972",0.0138778458882594,0.102596932102489,"CTRL,ADCY4,ATP1A2,ATP1B2,PLCB2"
"25","KEGG_2016","Regulation of actin cytoskeleton_Homo sapiens_hsa04810",0.0143838376632011,0.102670841251125,"FGF7,ACTN2,ITGA2B,ITGA8,ITGAX,ITGA7,FGF2,PIK3R5"
"33","KEGG_2016","Long-term potentiation_Homo sapiens_hsa04720",0.0163487104607795,0.112806102179379,"RPS6KA2,CAMK2A,PLCB2,RAPGEF3"
"37","KEGG_2016","Drug metabolism - cytochrome P450_Homo sapiens_hsa00982",0.0189539832981321,0.126563694926237,"AOX1,FMO2,CYP3A5,FMO5"
"28","KEGG_2016","Phospholipase D signaling pathway_Homo sapiens_hsa04072",0.0201182971971967,0.130140234994366,"SHC2,ADCY4,PLCB2,RAPGEF3,RAPGEF4,PIK3R5"
"35","KEGG_2016","Melanoma_Homo sapiens_hsa05218",0.0208255887814417,0.130633238719952,"FGF7,HGF,FGF2,PIK3R5"
"31","KEGG_2016","Neuroactive ligand-receptor interaction_Homo sapiens_hsa04080",0.0222371115696523,0.132549331177883,"VIPR1,EDNRB,GIPR,P2RX1,ADRB1,CTSG,SSTR1,ADRA1A,F2RL3"
"53","KEGG_2016","Bladder cancer_Homo sapiens_hsa05219",0.0224117226629271,0.132549331177883,"RASSF1,DAPK2,THBS1"
"34","KEGG_2016","Serotonergic synapse_Homo sapiens_hsa04726",0.0252459204315066,0.145164042481163,"DUSP1,ALOX5,PLCB2,RAPGEF3,SLC6A4"
"38","KEGG_2016","Leukocyte transendothelial migration_Homo sapiens_hsa04670",0.0306979887548375,0.16906297471116,"ACTN2,TXK,RAPGEF3,RAPGEF4,PIK3R5"
"32","KEGG_2016","Proteoglycans in cancer_Homo sapiens_hsa05205",0.0313532782833783,0.16906297471116,"HGF,CAMK2A,TIMP3,FGF2,THBS1,TLR2,PIK3R5"
"39","KEGG_2016","Aldosterone synthesis and secretion_Homo sapiens_hsa04925",0.0318524445107983,0.16906297471116,"NR4A1,CAMK2A,ADCY4,PLCB2"
"36","KEGG_2016","MAPK signaling pathway_Homo sapiens_hsa04010",0.0359926283358207,0.186261851637872,"NR4A1,FGF7,GADD45B,DUSP1,RPS6KA2,RASGRP2,FGF2,MAP3K12"
"60","KEGG_2016","Mineral absorption_Homo sapiens_hsa04978",0.0393539807660712,0.198689610209189,"SLC11A1,ATP1A2,ATP1B2"
"40","KEGG_2016","Gap junction_Homo sapiens_hsa04540",0.0412675287414419,0.203389963082821,"TUBB1,ADCY4,ADRB1,PLCB2"
"178","KEGG_2016","Proximal tubule bicarbonate reclamation_Homo sapiens_hsa04964",0.0447529050779919,0.215438403514984,"ATP1A2,ATP1B2"
"186","KEGG_2016","Histidine metabolism_Homo sapiens_hsa00340",0.04835671197574,0.223559993253389,"HDC,ASPA"
"45","KEGG_2016","NF-kappa B signaling pathway_Homo sapiens_hsa04064",0.0488576806163039,0.223559993253389,"ZAP70,GADD45B,TNFSF14,CFLAR"
"55","KEGG_2016","Regulation of lipolysis in adipocytes_Homo sapiens_hsa04923",0.0496799985007532,0.223559993253389,"ADCY4,ADRB1,PIK3R5"
"57","KEGG_2016","Acute myeloid leukemia_Homo sapiens_hsa05221",0.0518884988896985,0.228530197237608,"ZBTB16,PIK3R5,RUNX1T1"
"41","KEGG_2016","Insulin signaling pathway_Homo sapiens_hsa04910",0.0552870526676136,0.235825739601855,"SHC2,PYGM,SORBS1,ACACB,PIK3R5"
"42","KEGG_2016","Inflammatory mediator regulation of TRP channels_Homo sapiens_hsa04750",0.0571653972029664,0.235825739601855,"CAMK2A,ADCY4,PLCB2,PIK3R5"
"44","KEGG_2016","Progesterone-mediated oocyte maturation_Homo sapiens_hsa04914",0.0571653972029664,0.235825739601855,"RPS6KA2,ADCY4,PGR,PIK3R5"
"46","KEGG_2016","Estrogen signaling pathway_Homo sapiens_hsa04915",0.0589123283932838,0.235825739601855,"SHC2,ADCY4,PLCB2,PIK3R5"
"43","KEGG_2016","Chemokine signaling pathway_Homo sapiens_hsa04062",0.0592412485956351,0.235825739601855,"FGR,SHC2,ADCY4,RASGRP2,PLCB2,PIK3R5"
"47","KEGG_2016","Melanogenesis_Homo sapiens_hsa04916",0.0606875086333114,0.237024797869726,"EDNRB,CAMK2A,ADCY4,PLCB2"
"48","KEGG_2016","Glucagon signaling pathway_Homo sapiens_hsa04922",0.0624908298462441,0.239548181077269,"CAMK2A,PYGM,ACACB,PLCB2"
