"","database","category","pval","qval","genes"
"190","GO_Biological_Process_2017","DNA replication (GO:0006260)",5.29566510594495e-07,0.000293422017408517,"RNASEH2A,ORC6,CDC45,ORC1,POLE2,MCM4,MCM10,CLSPN,CDC6,BRCA1,MCM2"
"192","GO_Biological_Process_2017","G1/S transition of mitotic cell cycle (GO:0000082)",6.74533373352912e-07,0.000293422017408517,"ORC6,CDC45,ORC1,CCNE1,POLE2,MCM4,MCM10,CDC6,MCM2,CDKN3"
"196","GO_Biological_Process_2017","DNA replication initiation (GO:0006270)",1.11735998669083e-06,0.000324034396140341,"ORC6,CDC45,ORC1,POLE2,MCM10,MCM2"
"194","GO_Biological_Process_2017","mitotic cytokinesis (GO:0000281)",4.57205787329144e-06,0.000994422587440889,"ANLN,SPAST,KIF4A,STMN1,KIF20A,CENPA"
"195","GO_Biological_Process_2017","DNA damage response, signal transduction by p53 class mediator resulting in transcription of p21 class mediator (GO:0006978)",2.17600189080156e-05,0.00378624328999471,"BRCA1,FOXM1,TP63,TP73"
"197","GO_Biological_Process_2017","CENP-A containing nucleosome assembly (GO:0034080)",6.28868232888835e-05,0.00694493990369959,"CENPI,CENPL,CENPM,OIP5,CENPA"
"205","GO_Biological_Process_2017","bundle of His cell-Purkinje myocyte adhesion involved in cell communication (GO:0086073)",6.33554865505402e-05,0.00694493990369959,"DSP,PKP2,DSG2"
"201","GO_Biological_Process_2017","epidermis development (GO:0008544)",7.44031768796914e-05,0.00694493990369959,"DSP,COL17A1,COL7A1,LAMC2,GRHL2,FOXN1,PTHLH"
"203","GO_Biological_Process_2017","chromosome segregation (GO:0007059)",7.54499559285452e-05,0.00694493990369959,"CENPF,SPAG5,NEK2,OIP5,BRCA1,NDC80"
"193","GO_Biological_Process_2017","DNA repair (GO:0006281)",8.43251424855392e-05,0.00694493990369959,"RAD51AP1,POLQ,RAD51,MSH2,UBE2T,POLE2,NUDT1,RAD54L,UNG"
"199","GO_Biological_Process_2017","mitotic spindle organization (GO:0007052)",8.78095849893051e-05,0.00694493990369959,"STMN1,TTK,WDR62,NDC80,AURKA"
"202","GO_Biological_Process_2017","sister chromatid cohesion (GO:0007062)",0.00010142229734636,0.00733798156091768,"CDC20,CENPF,CENPI,CENPL,BIRC5,CENPM,CENPA,NDC80"
"214","GO_Biological_Process_2017","regulation of attachment of spindle microtubules to kinetochore (GO:0051988)",0.000109648000335552,0.00733798156091768,"SPAG5,NEK2,ECT2"
"200","GO_Biological_Process_2017","skeletal system development (GO:0001501)",0.000154509621144661,0.0091007936388421,"COL1A1,DLX5,DLX6,HOXA13,PITX1,FGFR3,BMP7,PTHLH"
"212","GO_Biological_Process_2017","spindle organization (GO:0007051)",0.00015691023515245,0.0091007936388421,"ASPM,SPAG5,TTK,AURKA"
"234","GO_Biological_Process_2017","protein K6-linked ubiquitination (GO:0085020)",0.000173501244547672,0.00943413017227966,"UBE2S,UBE2T,BRCA1"
"191","GO_Biological_Process_2017","positive regulation of transcription, DNA-templated (GO:0045893)",0.000223993383493949,0.0114631908023374,"DLX5,WNT5A,PAX6,BRCA1,FOXM1,FOXP3,BMP7,ARNTL2,COL1A1,SIX4,ZIC2,CDH1,CCNE1,HAS3,SPP1,IRF6,TP63,TP73"
"204","GO_Biological_Process_2017","extracellular matrix organization (GO:0030198)",0.000284181138901132,0.0123795173615098,"COL1A1,CDH1,LAMA1,COL7A1,COL11A1,SPP1,ITGB8,COL9A3,LAMC2"
"209","GO_Biological_Process_2017","activation of protein kinase activity (GO:0032147)",0.00028587838293081,0.0123795173615098,"TPX2,KIF14,CLSPN,ECT2"
"213","GO_Biological_Process_2017","regulation of transcription involved in G1/S transition of mitotic cell cycle (GO:0000083)",0.00028587838293081,0.0123795173615098,"CDC45,ORC1,CCNE1,CDC6"
"206","GO_Biological_Process_2017","mitotic cell cycle (GO:0000278)",0.000298815936312306,0.0123795173615098,"TPX2,CENPF,PPP2R2C,NEK2,CDC6,NDC80,AURKA"
"226","GO_Biological_Process_2017","response to X-ray (GO:0010165)",0.000363638637298698,0.0143802552022667,"MSH2,TP63,TP73"
"208","GO_Biological_Process_2017","regulation of ventricular cardiac muscle cell action potential (GO:0098911)",0.000494498582980226,0.0172085506877119,"DSP,PKP2,DSG2"
"231","GO_Biological_Process_2017","metaphase plate congression (GO:0051310)",0.000494498582980226,0.0172085506877119,"CENPF,FAM83D,NDC80"
"239","GO_Biological_Process_2017","bone morphogenesis (GO:0060349)",0.000494498582980226,0.0172085506877119,"FGFR3,FGFR2,LTF"
"210","GO_Biological_Process_2017","sensory perception of sound (GO:0007605)",0.000567604458237871,0.0189929184102672,"COL1A1,COL11A1,SLC52A3,BIRC5,HOXA1,ATP6V0A4"
"217","GO_Biological_Process_2017","positive regulation of cytokinesis (GO:0032467)",0.00140602286522226,0.0453051812127172,"SPAST,KIF14,CDC6,ECT2"
"605","GO_Biological_Process_2017","cellular response to indole-3-methanol (GO:0071681)",0.00214797828079374,0.0622913701430184,"CDH1,BRCA1"
"667","GO_Biological_Process_2017","protein K29-linked ubiquitination (GO:0035519)",0.00214797828079374,0.0622913701430184,"UBE2S,UBE2T"
"763","GO_Biological_Process_2017","protein K27-linked ubiquitination (GO:0044314)",0.00214797828079374,0.0622913701430184,"UBE2S,UBE2T"
"207","GO_Biological_Process_2017","regulation of apoptotic process (GO:0042981)",0.00230258432417122,0.0646209149041601,"TP53AIP1,PERP,TNFRSF9,BIRC5,BRCA1,BMP7,TP63,TP73"
"218","GO_Biological_Process_2017","male gonad development (GO:0008584)",0.00263530502714023,0.0716473554253749,"TFAP2C,MSH2,SIX4,WNT5A"
"386","GO_Biological_Process_2017","cochlea development (GO:0090102)",0.00319028967790146,0.0730408426256388,"HOXA1,MCM2"
"387","GO_Biological_Process_2017","mesenchymal cell differentiation (GO:0048762)",0.00319028967790146,0.0730408426256388,"BMP7,FGFR2"
"434","GO_Biological_Process_2017","cellular response to iron ion (GO:0071281)",0.00319028967790146,0.0730408426256388,"TF,TFR2"
"510","GO_Biological_Process_2017","regulation of G2/M transition of mitotic cell cycle (GO:0010389)",0.00319028967790146,0.0730408426256388,"CENPF,KIF14"
"574","GO_Biological_Process_2017","proline transport (GO:0015824)",0.00319028967790146,0.0730408426256388,"SLC6A15,SLC1A4"
"629","GO_Biological_Process_2017","positive regulation of phospholipase activity (GO:0010518)",0.00319028967790146,0.0730408426256388,"FGFR3,FGFR2"
"238","GO_Biological_Process_2017","protein localization to nucleus (GO:0034504)",0.00356985063198004,0.0796351294826316,"COL1A1,SIX4,BMP7"
"449","GO_Biological_Process_2017","protein hexamerization (GO:0034214)",0.00442254634916824,0.0900821075810564,"PANX2,SPAST"
"627","GO_Biological_Process_2017","response to vitamin D (GO:0033280)",0.00442254634916824,0.0900821075810564,"CYP24A1,SPP1"
"651","GO_Biological_Process_2017","hyaluronan biosynthetic process (GO:0030213)",0.00442254634916824,0.0900821075810564,"ABCC5,HAS3"
"222","GO_Biological_Process_2017","homophilic cell adhesion via plasma membrane adhesion molecules (GO:0007156)",0.00445233405285681,0.0900821075810564,"CADM4,CDH1,FAT2,DSG2"
"219","GO_Biological_Process_2017","visual perception (GO:0007601)",0.00494955650612731,0.0961318012081336,"COL1A1,ZIC2,COL11A1,POU6F2,PAX6"
"198","GO_Biological_Process_2017","positive regulation of transcription from RNA polymerase II promoter (GO:0045944)",0.00519408142084046,0.0961318012081336,"TFAP2C,WNT5A,PAX6,BRCA1,FOXM1,FOXP3,BARX2,GRHL2,ARNTL2,KLF5,GAL,TFR2,EPCAM,POU2AF1,MYBL2,OTX1,VGLL1,TP63,FGFR2,TP73"
"233","GO_Biological_Process_2017","anterograde axonal transport (GO:0008089)",0.00525670682798205,0.0961318012081336,"SPAST,KIF4A,AP3B2"
"221","GO_Biological_Process_2017","cornification (GO:0070268)",0.0056000623566282,0.0961318012081336,"DSP,PERP,PKP2,PKP1,KRT23,DSG2"
"345","GO_Biological_Process_2017","DNA replication checkpoint (GO:0000076)",0.00583889471752528,0.0961318012081336,"CDC45,CDC6"
"373","GO_Biological_Process_2017","kinetochore assembly (GO:0051382)",0.00583889471752528,0.0961318012081336,"CENPF,CENPA"
"403","GO_Biological_Process_2017","negative regulation of microtubule polymerization (GO:0031115)",0.00583889471752528,0.0961318012081336,"STMN1,TUBB4A"
"562","GO_Biological_Process_2017","endochondral ossification (GO:0001958)",0.00583889471752528,0.0961318012081336,"DLX5,FGFR3"
"624","GO_Biological_Process_2017","regulation of pH (GO:0006885)",0.00583889471752528,0.0961318012081336,"SLC9A7,ATP6V0A4"
"223","GO_Biological_Process_2017","ion transport (GO:0006811)",0.00585630513107021,0.0961318012081336,"SLC9A2,CHRNB4,SLC15A1,TRPA1,SLC9A7"
"227","GO_Biological_Process_2017","B cell differentiation (GO:0030183)",0.00604460679569762,0.0973853317084617,"TPD52,CD79A,CR2,MSH2"
"242","GO_Biological_Process_2017","strand displacement (GO:0000732)",0.00660639588881825,0.104310368381581,"RAD51AP1,RAD51,BRCA1"
"243","GO_Biological_Process_2017","base-excision repair (GO:0006284)",0.00735134114451503,0.104310368381581,"POLQ,NEIL3,UNG"
"247","GO_Biological_Process_2017","DNA recombination (GO:0006310)",0.00735134114451503,0.104310368381581,"RAD51,HMGB3,RAD54L"
"585","GO_Biological_Process_2017","negative regulation of interleukin-10 production (GO:0032693)",0.00743361245937707,0.104310368381581,"IL23A,FOXP3"
"588","GO_Biological_Process_2017","mitotic G1 DNA damage checkpoint (GO:0031571)",0.00743361245937707,0.104310368381581,"TP63,TP73"
"623","GO_Biological_Process_2017","response to gamma radiation (GO:0010332)",0.00743361245937707,0.104310368381581,"TP63,TP73"
"631","GO_Biological_Process_2017","regulation of protein catabolic process (GO:0042176)",0.00743361245937707,0.104310368381581,"ODC1,FAM83D"
"657","GO_Biological_Process_2017","pharyngeal system development (GO:0060037)",0.00743361245937707,0.104310368381581,"SIX4,BMP7"
"253","GO_Biological_Process_2017","cellular response to ionizing radiation (GO:0071479)",0.00814399899971724,0.112464748091333,"RAD51AP1,RAD51,ECT2"
"211","GO_Biological_Process_2017","negative regulation of transcription, DNA-templated (GO:0045892)",0.00852564590688479,0.114356602077451,"GMNN,WNT5A,BRCA1,FOXM1,FOXP3,BMP7,CENPF,GCLC,SIX4,ZIC2,DEPDC1,BIRC5,TP63"
"245","GO_Biological_Process_2017","mismatch repair (GO:0006298)",0.00898502181903056,0.114356602077451,"RNASEH2A,MSH2,TP73"
"255","GO_Biological_Process_2017","neurogenesis (GO:0022008)",0.00898502181903056,0.114356602077451,"BCL11A,SALL4,WDR62"
"348","GO_Biological_Process_2017","embryonic skeletal system development (GO:0048706)",0.0092011059142777,0.114356602077451,"COL1A1,WNT5A"
"349","GO_Biological_Process_2017","microtubule depolymerization (GO:0007019)",0.0092011059142777,0.114356602077451,"STMN1,KIF14"
"384","GO_Biological_Process_2017","hemidesmosome assembly (GO:0031581)",0.0092011059142777,0.114356602077451,"COL17A1,LAMC2"
"601","GO_Biological_Process_2017","negative regulation of JUN kinase activity (GO:0043508)",0.0092011059142777,0.114356602077451,"SERPINB3,TP73"
"215","GO_Biological_Process_2017","negative regulation of apoptotic process (GO:0043066)",0.0094372125281249,0.115639083091108,"NGFR,GCLC,SIX4,CEACAM5,WNT5A,KIF14,BIRC5,DKK1,PRLR,TP63,LTF"
"228","GO_Biological_Process_2017","collagen catabolic process (GO:0030574)",0.0096643213722144,0.116777216580924,"COL1A1,MMP11,COL7A1,COL11A1"
"216","GO_Biological_Process_2017","positive regulation of cell proliferation (GO:0008284)",0.0100669680744986,0.119976194860462,"SERPINB3,EPCAM,KIF14,BIRC5,LAMC2,TTK,FOXM1,FGFR3,FGFR2,PTHLH,IL12RB2"
"363","GO_Biological_Process_2017","neutral amino acid transport (GO:0015804)",0.0111359075441017,0.122635943840107,"SLC7A5,SLC6A15"
"379","GO_Biological_Process_2017","postreplication repair (GO:0006301)",0.0111359075441017,0.122635943840107,"MSH2,BRCA1"
"582","GO_Biological_Process_2017","glutathione biosynthetic process (GO:0006750)",0.0111359075441017,0.122635943840107,"GCLC,GCLM"
"609","GO_Biological_Process_2017","exit from mitosis (GO:0010458)",0.0111359075441017,0.122635943840107,"SPAST,UBE2S"
"620","GO_Biological_Process_2017","embryo implantation (GO:0007566)",0.0111359075441017,0.122635943840107,"SPP1,PRLR"
"650","GO_Biological_Process_2017","positive regulation of ubiquitin protein ligase activity (GO:1904668)",0.0111359075441017,0.122635943840107,"CDC20,UBE2S"
"225","GO_Biological_Process_2017","G2/M transition of mitotic cell cycle (GO:0000086)",0.0115652296384486,0.125771872318129,"TPX2,NEK2,HMMR,FOXM1,TUBB4A,AURKA"
"271","GO_Biological_Process_2017","negative regulation of neuron projection development (GO:0010977)",0.0118038767125732,0.126782379505416,"RTN4R,NGFR,TRPV4"
"220","GO_Biological_Process_2017","nervous system development (GO:0007399)",0.012070759686726,0.128067816188435,"GDA,DLX5,MDK,DLX6,MPPED2,PAFAH1B3,FGF12,BARX2,RAPGEFL1"
"237","GO_Biological_Process_2017","negative regulation of neuron apoptotic process (GO:0043524)",0.0122530996483071,0.128436104747315,"MSH2,SIX4,KIF14,TP73"
"268","GO_Biological_Process_2017","epithelial to mesenchymal transition (GO:0001837)",0.0128436620973464,0.130823021428584,"WNT5A,FAM83D,BMP7"
"270","GO_Biological_Process_2017","establishment of protein localization to plasma membrane (GO:0090002)",0.0128436620973464,0.130823021428584,"SLC9A3R1,CDH1,PKP2"
"235","GO_Biological_Process_2017","regulation of cell cycle (GO:0051726)",0.0129629848967442,0.130823021428584,"CENPF,MYBL2,FOXM1,PRR11"
"462","GO_Biological_Process_2017","positive regulation of histone H3-K4 methylation (GO:0051571)",0.0132326734318568,0.130823021428584,"DNMT3B,BRCA1"
"555","GO_Biological_Process_2017","establishment of mitotic spindle orientation (GO:0000132)",0.0132326734318568,0.130823021428584,"CENPA,NDC80"
"258","GO_Biological_Process_2017","cognition (GO:0050890)",0.0139341771197434,0.133216858177766,"SLC1A4,HOXA1,TMPRSS11E"
"267","GO_Biological_Process_2017","positive regulation of osteoblast differentiation (GO:0045669)",0.0139341771197434,0.133216858177766,"BMP7,TP63,LTF"
"276","GO_Biological_Process_2017","regulation of heart rate by cardiac conduction (GO:0086091)",0.0139341771197434,0.133216858177766,"DSP,PKP2,DSG2"
"266","GO_Biological_Process_2017","mitotic spindle assembly (GO:0090307)",0.015075729813228,0.13339581513724,"TPX2,BIRC5,MYBL2"
"274","GO_Biological_Process_2017","DNA synthesis involved in DNA repair (GO:0000731)",0.015075729813228,0.13339581513724,"RAD51AP1,RAD51,BRCA1"
"224","GO_Biological_Process_2017","positive regulation of gene expression (GO:0010628)",0.0151992759438391,0.13339581513724,"IL1A,CDH3,DNMT3B,PKP1,ITGB8,PAX6,BRCA1,DKK1"
"241","GO_Biological_Process_2017","carbohydrate metabolic process (GO:0005975)",0.0152480662943111,0.13339581513724,"GPI,GALNT3,HAS3,ME1"
"378","GO_Biological_Process_2017","glutamate metabolic process (GO:0006536)",0.0154861808377716,0.13339581513724,"GCLC,GCLM"
"388","GO_Biological_Process_2017","positive regulation of protein localization to nucleus (GO:1900182)",0.0154861808377716,0.13339581513724,"NGFR,GTSE1"
"392","GO_Biological_Process_2017","leukocyte tethering or rolling (GO:0050901)",0.0154861808377716,0.13339581513724,"PODXL2,ADD2"
"402","GO_Biological_Process_2017","mitotic chromosome condensation (GO:0007076)",0.0154861808377716,0.13339581513724,"NCAPG,NCAPD2"
"546","GO_Biological_Process_2017","mitotic spindle assembly checkpoint (GO:0007094)",0.0154861808377716,0.13339581513724,"CENPF,TTK"
"639","GO_Biological_Process_2017","purine nucleotide catabolic process (GO:0006195)",0.0154861808377716,0.13339581513724,"GDA,NUDT1"
"292","GO_Biological_Process_2017","transferrin transport (GO:0033572)",0.0162685778296997,0.137735990727087,"TF,TFR2,ATP6V0A4"
"230","GO_Biological_Process_2017","protein homooligomerization (GO:0051260)",0.0163066747642413,0.137735990727087,"POLQ,SPAST,RAD51,SYT1,ECT2"
"306","GO_Biological_Process_2017","regulation of intracellular pH (GO:0051453)",0.01751293030281,0.138977262848717,"SLC9A2,SLC9A7,SLC4A11"
"396","GO_Biological_Process_2017","sodium ion import across plasma membrane (GO:0098719)",0.0178913257920187,0.138977262848717,"SLC9A2,SLC9A7"
"398","GO_Biological_Process_2017","nucleobase-containing small molecule catabolic process (GO:0034656)",0.0178913257920187,0.138977262848717,"ENTPD2,NUDT1"
"419","GO_Biological_Process_2017","positive regulation of histone acetylation (GO:0035066)",0.0178913257920187,0.138977262848717,"BRCA1,FOXP3"
"554","GO_Biological_Process_2017","ureteric bud development (GO:0001657)",0.0178913257920187,0.138977262848717,"BMP7,FGFR2"
"583","GO_Biological_Process_2017","regulation of double-strand break repair via homologous recombination (GO:0010569)",0.0178913257920187,0.138977262848717,"RAD51AP1,RAD51"
"587","GO_Biological_Process_2017","negative regulation of axonogenesis (GO:0050771)",0.0178913257920187,0.138977262848717,"RTN4R,NGFR"
"596","GO_Biological_Process_2017","establishment of skin barrier (GO:0061436)",0.0178913257920187,0.138977262848717,"STMN1,TP63"
"637","GO_Biological_Process_2017","cell-cell junction assembly (GO:0007043)",0.0178913257920187,0.138977262848717,"TRPV4,FSCN1"
"246","GO_Biological_Process_2017","double-strand break repair via homologous recombination (GO:0000724)",0.0186677132125296,0.143541984259923,"RAD51AP1,POLQ,RAD51,BRCA1"
"280","GO_Biological_Process_2017","retina homeostasis (GO:0001895)",0.0188089496616451,0.143541984259923,"TF,CDH3,LTF"
"315","GO_Biological_Process_2017","cellular response to calcium ion (GO:0071277)",0.0201567533800164,0.149458109562322,"SYT1,WNT5A,ECT2"
"441","GO_Biological_Process_2017","negative regulation of endopeptidase activity (GO:0010951)",0.0204431207332372,0.149458109562322,"SERPINB3,GAPDH"
"598","GO_Biological_Process_2017","regulation of neuron apoptotic process (GO:0043523)",0.0204431207332372,0.149458109562322,"KIF14,TP63"
"612","GO_Biological_Process_2017","blood vessel development (GO:0001568)",0.0204431207332372,0.149458109562322,"COL1A1,PAX6"
"654","GO_Biological_Process_2017","regulation of synaptic transmission, glutamatergic (GO:0051966)",0.0204431207332372,0.149458109562322,"SYT1,MAPK8IP2"
"281","GO_Biological_Process_2017","cellular response to retinoic acid (GO:0071300)",0.0215564157077251,0.155045038234789,"WNT5A,PTK6,FZD10"
"232","GO_Biological_Process_2017","protein autophosphorylation (GO:0046777)",0.021666051163543,0.155045038234789,"VRK1,PTK6,NEK2,FGFR3,FGFR2,AURKA"
"229","GO_Biological_Process_2017","cellular protein metabolic process (GO:0044267)",0.0217419478903957,0.155045038234789,"TF,IGFBP2,TMEM132A,SPP1,CP,CHGB,LTF"
"389","GO_Biological_Process_2017","iron ion homeostasis (GO:0055072)",0.0231366921946797,0.156038156661793,"TF,TFR2"
"406","GO_Biological_Process_2017","negative regulation of DNA replication (GO:0008156)",0.0231366921946797,0.156038156661793,"GMNN,CDC6"
"465","GO_Biological_Process_2017","positive regulation of dendrite extension (GO:1903861)",0.0231366921946797,0.156038156661793,"SYT1,RASAL1"
"536","GO_Biological_Process_2017","meiotic cell cycle (GO:0051321)",0.0231366921946797,0.156038156661793,"RAD51,RAD54L"
"595","GO_Biological_Process_2017","cardiac muscle cell action potential involved in contraction (GO:0086002)",0.0231366921946797,0.156038156661793,"PKP2,FGF12"
"597","GO_Biological_Process_2017","DNA-dependent DNA replication (GO:0006261)",0.0231366921946797,0.156038156661793,"POLQ,POLE2"
"602","GO_Biological_Process_2017","innate immune response in mucosa (GO:0002227)",0.0231366921946797,0.156038156661793,"NOS2,LTF"
"290","GO_Biological_Process_2017","defense response to Gram-negative bacterium (GO:0050829)",0.0245114069642285,0.162785679838769,"NOS2,IL23A,LTF"
"339","GO_Biological_Process_2017","bicarbonate transport (GO:0015701)",0.0245114069642285,0.162785679838769,"CA12,SLC4A11,CA9"
"542","GO_Biological_Process_2017","mitotic sister chromatid segregation (GO:0000070)",0.0259672785238307,0.167985290427476,"SPAG5,NDC80"
"568","GO_Biological_Process_2017","microtubule bundle formation (GO:0001578)",0.0259672785238307,0.167985290427476,"SPAST,KIF20A"
"594","GO_Biological_Process_2017","bone mineralization (GO:0030282)",0.0259672785238307,0.167985290427476,"FGFR3,FGFR2"
"299","GO_Biological_Process_2017","cytokinesis (GO:0000910)",0.0260666829973669,0.167985290427476,"KIF20A,KLHL13,ECT2"
"257","GO_Biological_Process_2017","extracellular matrix disassembly (GO:0022617)",0.0268392171779542,0.171692051064854,"MMP11,CDH1,SPP1,LAMC2"
"236","GO_Biological_Process_2017","apoptotic process (GO:0006915)",0.0272352945995349,0.172076503895654,"TP53AIP1,IL1A,BIK,TNFRSF9,BRCA1,TP63,MCM2"
"244","GO_Biological_Process_2017","keratinization (GO:0031424)",0.0272948937213796,0.172076503895654,"DSP,CDH3,PKP2,PKP1,KRT23,DSG2"
"340","GO_Biological_Process_2017","fibroblast growth factor receptor signaling pathway (GO:0008543)",0.0279889657826087,0.175182735473882,"GALNT3,ESRP1,FGFR3,FGFR2"
"580","GO_Biological_Process_2017","nuclear envelope organization (GO:0006998)",0.0289302276656986,0.178505660064949,"SPAST,NUP155"
"589","GO_Biological_Process_2017","regulation of sodium ion transmembrane transporter activity (GO:2000649)",0.0289302276656986,0.178505660064949,"FXYD3,FGF12"
"240","GO_Biological_Process_2017","leukocyte migration (GO:0050900)",0.0292586247657724,0.179260588353676,"COL1A1,SLC7A5,EPCAM,CEACAM5,GPC1,SDC1,ADD2"
"296","GO_Biological_Process_2017","interstrand cross-link repair (GO:0036297)",0.0310425414779855,0.18572177070747,"RAD51AP1,RAD51,UBE2T"
"455","GO_Biological_Process_2017","positive regulation of cytokine secretion (GO:0050715)",0.0320209949495639,0.18572177070747,"IL1A,GAPDH"
"514","GO_Biological_Process_2017","intrinsic apoptotic signaling pathway in response to DNA damage by p53 class mediator (GO:0042771)",0.0320209949495639,0.18572177070747,"TP63,TP73"
"516","GO_Biological_Process_2017","intrinsic apoptotic signaling pathway in response to DNA damage (GO:0008630)",0.0320209949495639,0.18572177070747,"BRCA1,TP73"
"534","GO_Biological_Process_2017","positive regulation of activated T cell proliferation (GO:0042104)",0.0320209949495639,0.18572177070747,"IL23A,IGFBP2"
"535","GO_Biological_Process_2017","learning or memory (GO:0007611)",0.0320209949495639,0.18572177070747,"PTPRZ1,DKK1"
"575","GO_Biological_Process_2017","ventricular cardiac muscle tissue morphogenesis (GO:0055010)",0.0320209949495639,0.18572177070747,"PKP2,FGFR2"
"584","GO_Biological_Process_2017","regulation of protein kinase activity (GO:0045859)",0.0320209949495639,0.18572177070747,"SLC9A3R1,ECT2"
"463","GO_Biological_Process_2017","humoral immune response (GO:0006959)",0.0328040001432807,0.189003179633472,"GPI,POU2AF1,LTF"
"511","GO_Biological_Process_2017","G2 DNA damage checkpoint (GO:0031572)",0.0352351409592415,0.201674819964079,"BRCA1,CLSPN"
"356","GO_Biological_Process_2017","cellular iron ion homeostasis (GO:0006879)",0.0364799330071781,0.207434913178072,"TF,TFR2,CP"
"260","GO_Biological_Process_2017","brain development (GO:0007420)",0.0368528370051654,0.208194598665545,"H2AFY2,ZIC2,PHGDH,PAFAH1B3"
"249","GO_Biological_Process_2017","regulation of cell proliferation (GO:0042127)",0.0382095812988053,0.213091895704876,"TFAP2C,TNFRSF9,STYK1,PTK6,BRCA1"
"252","GO_Biological_Process_2017","regulation of signal transduction by p53 class mediator (GO:1901796)",0.0382095812988053,0.213091895704876,"TPX2,BRCA1,TP63,AURKA,TP73"
"452","GO_Biological_Process_2017","response to hormone (GO:0009725)",0.0385683294165984,0.213722589760768,"GCLC,ME1"
"295","GO_Biological_Process_2017","protein homotetramerization (GO:0051289)",0.0403581112923896,0.222225043192272,"CD79A,TRPA1,TP63"
"494","GO_Biological_Process_2017","positive regulation of JUN kinase activity (GO:0043507)",0.0420163251015112,0.225643227397005,"FZD10,DKK1"
"501","GO_Biological_Process_2017","negative regulation of extrinsic apoptotic signaling pathway in absence of ligand (GO:2001240)",0.0420163251015112,0.225643227397005,"IL1A,EYA2"
"502","GO_Biological_Process_2017","positive regulation of cell cycle arrest (GO:0071158)",0.0420163251015112,0.225643227397005,"BRCA1,TP73"
"524","GO_Biological_Process_2017","cell motility (GO:0048870)",0.0420163251015112,0.225643227397005,"FSCN1,PLD1"
"468","GO_Biological_Process_2017","regulation of ERK1 and ERK2 cascade (GO:0070372)",0.0455749918341522,0.237426604165943,"FAM83D,FGFR2"
"493","GO_Biological_Process_2017","cerebral cortex development (GO:0021987)",0.0455749918341522,0.237426604165943,"KIF14,WDR62"
"498","GO_Biological_Process_2017","positive regulation of mitotic nuclear division (GO:0045840)",0.0455749918341522,0.237426604165943,"IL1A,AURKA"
"503","GO_Biological_Process_2017","positive regulation of cell cycle (GO:0045787)",0.0455749918341522,0.237426604165943,"PTK6,FGFR2"
"505","GO_Biological_Process_2017","killing of cells of other organism (GO:0031640)",0.0455749918341522,0.237426604165943,"GAPDH,LTF"
"302","GO_Biological_Process_2017","double-strand break repair (GO:0006302)",0.0465489917677583,0.24105727879732,"POLQ,BRCA1,TRIP13"
"250","GO_Biological_Process_2017","cell surface receptor signaling pathway (GO:0007166)",0.0485830589061402,0.243127614111536,"RTN4R,UPK1B,LAMA1,CD9,PRLR,IL12RB2"
"422","GO_Biological_Process_2017","positive regulation of vascular endothelial growth factor production (GO:0010575)",0.0492402904716944,0.243127614111536,"IL1A,BRCA1"
"453","GO_Biological_Process_2017","cell redox homeostasis (GO:0045454)",0.0492402904716944,0.243127614111536,"GCLC,NOS2"
"467","GO_Biological_Process_2017","negative regulation of gene expression, epigenetic (GO:0045814)",0.0492402904716944,0.243127614111536,"H2AFY2,DNMT3B"
"477","GO_Biological_Process_2017","positive regulation of release of cytochrome c from mitochondria (GO:0090200)",0.0492402904716944,0.243127614111536,"BIK,FAM162A"
"484","GO_Biological_Process_2017","collagen fibril organization (GO:0030199)",0.0492402904716944,0.243127614111536,"COL1A1,COL11A1"
"485","GO_Biological_Process_2017","reciprocal meiotic recombination (GO:0007131)",0.0492402904716944,0.243127614111536,"RAD51,TRIP13"
"506","GO_Biological_Process_2017","cellular response to BMP stimulus (GO:0071773)",0.0492402904716944,0.243127614111536,"DLX5,BMP7"
"254","GO_Biological_Process_2017","cellular response to DNA damage stimulus (GO:0006974)",0.05194644090199,0.243127614111536,"POLQ,RAD51,UBE2T,MCM10,BRCA1,TP73"
"471","GO_Biological_Process_2017","cell fate commitment (GO:0045165)",0.0530082769495919,0.243127614111536,"WNT5A,FGFR2"
"483","GO_Biological_Process_2017","glycosaminoglycan catabolic process (GO:0006027)",0.0530082769495919,0.243127614111536,"GPC1,SDC1"
"488","GO_Biological_Process_2017","proton transport (GO:0015992)",0.0530082769495919,0.243127614111536,"SLC4A11,ATP6V0A4"
"521","GO_Biological_Process_2017","cellular amino acid metabolic process (GO:0006520)",0.0530082769495919,0.243127614111536,"SLC7A4,SLC7A5"
"543","GO_Biological_Process_2017","positive regulation of DNA repair (GO:0045739)",0.0530082769495919,0.243127614111536,"EYA2,BRCA1"
"263","GO_Biological_Process_2017","cell migration (GO:0016477)",0.0530751007231932,0.243127614111536,"DEPDC1B,STYK1,FSCN1,PTK6,FAM83D"
"272","GO_Biological_Process_2017","central nervous system development (GO:0007417)",0.0536904065999781,0.243127614111536,"PTPRZ1,ADAM23,POU6F2,PAX6"
"251","GO_Biological_Process_2017","negative regulation of cell proliferation (GO:0008285)",0.0554281187982304,0.243127614111536,"IL1A,SLC9A3R1,PKP2,CDC6,IRF6,FOXP3,PTHLH,CDKN3"
"457","GO_Biological_Process_2017","endodermal cell differentiation (GO:0035987)",0.056875100371451,0.243127614111536,"COL7A1,COL11A1"
"500","GO_Biological_Process_2017","cellular response to heat (GO:0034605)",0.056875100371451,0.243127614111536,"IL1A,TRPV4"
"311","GO_Biological_Process_2017","retinoid metabolic process (GO:0001523)",0.0578373581921245,0.243127614111536,"GPC1,RBP1,SDC1"
"432","GO_Biological_Process_2017","positive regulation of interferon-gamma production (GO:0032729)",0.0608370011084739,0.243127614111536,"IL23A,IL12RB2"
"444","GO_Biological_Process_2017","actin filament bundle assembly (GO:0051017)",0.0608370011084739,0.243127614111536,"FSCN1,ADD2"
"472","GO_Biological_Process_2017","canonical glycolysis (GO:0061621)",0.0608370011084739,0.243127614111536,"GPI,GAPDH"
"479","GO_Biological_Process_2017","bicellular tight junction assembly (GO:0070830)",0.0608370011084739,0.243127614111536,"ECT2,GRHL2"
"423","GO_Biological_Process_2017","B cell proliferation (GO:0042100)",0.0648903089624353,0.243127614111536,"CD79A,CR2"
"427","GO_Biological_Process_2017","protein K11-linked ubiquitination (GO:0070979)",0.0648903089624353,0.243127614111536,"UBE2S,UBE2T"
"458","GO_Biological_Process_2017","glycosaminoglycan metabolic process (GO:0030203)",0.0648903089624353,0.243127614111536,"GPC1,SDC1"
"309","GO_Biological_Process_2017","microtubule-based movement (GO:0007018)",0.065172380840463,0.243127614111536,"KIF4A,KIF14,KIF20A"
"310","GO_Biological_Process_2017","animal organ morphogenesis (GO:0009887)",0.065172380840463,0.243127614111536,"PAX6,FOXN1,FGFR2"
"431","GO_Biological_Process_2017","negative regulation of cell cycle (GO:0045786)",0.0690314413458471,0.243127614111536,"GMNN,BMP7"
"445","GO_Biological_Process_2017","positive regulation of protein insertion into mitochondrial membrane involved in apoptotic signaling pathway (GO:1900740)",0.0690314413458471,0.243127614111536,"TP63,TP73"
"890","GO_Biological_Process_2017","cell volume homeostasis (GO:0006884)",0.0723197506217802,0.243127614111536,"TRPV4"
"924","GO_Biological_Process_2017","positive regulation of chromosome segregation (GO:0051984)",0.0723197506217802,0.243127614111536,"CDC6"
"925","GO_Biological_Process_2017","negative regulation of ruffle assembly (GO:1900028)",0.0723197506217802,0.243127614111536,"PFN2"
"933","GO_Biological_Process_2017","negative regulation of CREB transcription factor activity (GO:0032792)",0.0723197506217802,0.243127614111536,"FOXP3"
"941","GO_Biological_Process_2017","epithelial cell migration (GO:0010631)",0.0723197506217802,0.243127614111536,"FAT2"
"944","GO_Biological_Process_2017","nuclear-transcribed mRNA catabolic process, exonucleolytic, 3'-5' (GO:0034427)",0.0723197506217802,0.243127614111536,"EXOSC5"
"954","GO_Biological_Process_2017","maintenance of animal organ identity (GO:0048496)",0.0723197506217802,0.243127614111536,"PKP2"
"956","GO_Biological_Process_2017","maintenance of DNA methylation (GO:0010216)",0.0723197506217802,0.243127614111536,"HELLS"
"963","GO_Biological_Process_2017","regulation of chaperone-mediated autophagy (GO:1904714)",0.0723197506217802,0.243127614111536,"EEF1A2"
"965","GO_Biological_Process_2017","membranous septum morphogenesis (GO:0003149)",0.0723197506217802,0.243127614111536,"FGFR2"
"967","GO_Biological_Process_2017","arginine catabolic process (GO:0006527)",0.0723197506217802,0.243127614111536,"NOS2"
"970","GO_Biological_Process_2017","oligodendrocyte differentiation (GO:0048709)",0.0723197506217802,0.243127614111536,"PTPRZ1"
"975","GO_Biological_Process_2017","olfactory bulb development (GO:0021772)",0.0723197506217802,0.243127614111536,"KIF14"
"978","GO_Biological_Process_2017","behavioral fear response (GO:0001662)",0.0723197506217802,0.243127614111536,"MAPK8IP2"
"981","GO_Biological_Process_2017","negative regulation of centriole replication (GO:0046600)",0.0723197506217802,0.243127614111536,"BRCA1"
"985","GO_Biological_Process_2017","DNA protection (GO:0042262)",0.0723197506217802,0.243127614111536,"NUDT1"
"987","GO_Biological_Process_2017","polyadenylation-dependent snoRNA 3'-end processing (GO:0071051)",0.0723197506217802,0.243127614111536,"EXOSC5"
"988","GO_Biological_Process_2017","U4 snRNA 3'-end processing (GO:0034475)",0.0723197506217802,0.243127614111536,"EXOSC5"
"991","GO_Biological_Process_2017","negative regulation of cysteine-type endopeptidase activity (GO:2000117)",0.0723197506217802,0.243127614111536,"LTF"
"992","GO_Biological_Process_2017","C-terminal protein deglutamylation (GO:0035609)",0.0723197506217802,0.243127614111536,"FOLH1"
"997","GO_Biological_Process_2017","protein import into mitochondrial outer membrane (GO:0045040)",0.0723197506217802,0.243127614111536,"TOMM22"
"999","GO_Biological_Process_2017","response to UV-B (GO:0010224)",0.0723197506217802,0.243127614111536,"MSH2"
"1000","GO_Biological_Process_2017","iron ion transport (GO:0006826)",0.0723197506217802,0.243127614111536,"TFR2"
"1004","GO_Biological_Process_2017","activation of transmembrane receptor protein tyrosine kinase activity (GO:0007171)",0.0723197506217802,0.243127614111536,"PRLR"
"1006","GO_Biological_Process_2017","regulation of Ras protein signal transduction (GO:0046578)",0.0723197506217802,0.243127614111536,"FOXM1"
"1007","GO_Biological_Process_2017","neuronal signal transduction (GO:0023041)",0.0723197506217802,0.243127614111536,"RTN4R"
"1008","GO_Biological_Process_2017","non-canonical Wnt signaling pathway (GO:0035567)",0.0723197506217802,0.243127614111536,"WNT5A"
"1017","GO_Biological_Process_2017","regulation of insulin-like growth factor receptor signaling pathway (GO:0043567)",0.0723197506217802,0.243127614111536,"IGFBP2"
"1018","GO_Biological_Process_2017","positive regulation of cell cycle G1/S phase transition (GO:1902808)",0.0723197506217802,0.243127614111536,"FAM83D"
"1023","GO_Biological_Process_2017","positive regulation of intracellular transport (GO:0032388)",0.0723197506217802,0.243127614111536,"SPAG5"
"1024","GO_Biological_Process_2017","positive regulation of Wnt signaling pathway, planar cell polarity pathway (GO:2000096)",0.0723197506217802,0.243127614111536,"DKK1"
"1026","GO_Biological_Process_2017","maintenance of DNA repeat elements (GO:0043570)",0.0723197506217802,0.243127614111536,"MSH2"
"1029","GO_Biological_Process_2017","positive regulation of NK T cell activation (GO:0051135)",0.0723197506217802,0.243127614111536,"IL23A"
"1033","GO_Biological_Process_2017","free ubiquitin chain polymerization (GO:0010994)",0.0723197506217802,0.243127614111536,"UBE2S"
"1034","GO_Biological_Process_2017","ventricular compact myocardium morphogenesis (GO:0003223)",0.0723197506217802,0.243127614111536,"DSP"
"1035","GO_Biological_Process_2017","negative regulation of keratinocyte differentiation (GO:0045617)",0.0723197506217802,0.243127614111536,"GRHL2"
"1036","GO_Biological_Process_2017","regulation of fibroblast growth factor receptor signaling pathway (GO:0040036)",0.0723197506217802,0.243127614111536,"FGFR2"
"1039","GO_Biological_Process_2017","presynapse assembly (GO:0099054)",0.0723197506217802,0.243127614111536,"WNT5A"
"1046","GO_Biological_Process_2017","steroid hormone mediated signaling pathway (GO:0043401)",0.0723197506217802,0.243127614111536,"BMP7"
"1047","GO_Biological_Process_2017","activation of Janus kinase activity (GO:0042976)",0.0723197506217802,0.243127614111536,"PRLR"
"1049","GO_Biological_Process_2017","positive regulation of vascular permeability (GO:0043117)",0.0723197506217802,0.243127614111536,"TRPV4"
"1050","GO_Biological_Process_2017","negative regulation of cardiac muscle cell differentiation (GO:2000726)",0.0723197506217802,0.243127614111536,"DKK1"
"1051","GO_Biological_Process_2017","establishment of epithelial cell apical/basal polarity (GO:0045198)",0.0723197506217802,0.243127614111536,"SLC9A3R1"
"1055","GO_Biological_Process_2017","double-strand break repair via break-induced replication (GO:0000727)",0.0723197506217802,0.243127614111536,"CDC45"
"1057","GO_Biological_Process_2017","L-serine biosynthetic process (GO:0006564)",0.0723197506217802,0.243127614111536,"PHGDH"
"1058","GO_Biological_Process_2017","fatty acid elongation, saturated fatty acid (GO:0019367)",0.0723197506217802,0.243127614111536,"ELOVL4"
"1059","GO_Biological_Process_2017","regulation of mitotic centrosome separation (GO:0046602)",0.0723197506217802,0.243127614111536,"NEK2"
"512","GO_Biological_Process_2017","regulation of cyclin-dependent protein serine/threonine kinase activity (GO:0000079)",0.0732569014903091,0.243127614111536,"CDC6,CDKN3"
"553","GO_Biological_Process_2017","telomere maintenance via recombination (GO:0000722)",0.0732569014903091,0.243127614111536,"RAD51,POLE2"
"489","GO_Biological_Process_2017","osteoblast differentiation (GO:0001649)",0.0755788495175615,0.243127614111536,"CYP24A1,DLX5,SPP1"
"491","GO_Biological_Process_2017","positive regulation of Wnt signaling pathway (GO:0030177)",0.0775632767169581,0.243127614111536,"DEPDC1B,FGFR2"
"336","GO_Biological_Process_2017","protein sumoylation (GO:0016925)",0.0810402716384332,0.243127614111536,"NUP155,BCL11A,BIRC5"
"507","GO_Biological_Process_2017","regulation of calcium ion-dependent exocytosis (GO:0017158)",0.0819472367221126,0.243127614111536,"SYT1,SYT13"
"548","GO_Biological_Process_2017","amino acid transport (GO:0006865)",0.0819472367221126,0.243127614111536,"SLC6A15,SLC1A4"
"563","GO_Biological_Process_2017","adherens junction organization (GO:0034332)",0.0819472367221126,0.243127614111536,"CDH3,CDH1"
"823","GO_Biological_Process_2017","positive regulation of activation of Janus kinase activity (GO:0010536)",0.0861456428142601,0.243127614111536,"IL23A"
"835","GO_Biological_Process_2017","cellular metal ion homeostasis (GO:0006875)",0.0861456428142601,0.243127614111536,"CLDN16"
"850","GO_Biological_Process_2017","pericardium morphogenesis (GO:0003344)",0.0861456428142601,0.243127614111536,"BMP7"
"856","GO_Biological_Process_2017","regulation of myelination (GO:0031641)",0.0861456428142601,0.243127614111536,"KIF14"
"872","GO_Biological_Process_2017","Golgi disassembly (GO:0090166)",0.0861456428142601,0.243127614111536,"VRK1"
"876","GO_Biological_Process_2017","heart trabecula morphogenesis (GO:0061384)",0.0861456428142601,0.243127614111536,"BMP7"
"879","GO_Biological_Process_2017","response to iron ion (GO:0010039)",0.0861456428142601,0.243127614111536,"TFR2"
"886","GO_Biological_Process_2017","homocysteine metabolic process (GO:0050667)",0.0861456428142601,0.243127614111536,"CPS1"
"887","GO_Biological_Process_2017","multicellular organismal water homeostasis (GO:0050891)",0.0861456428142601,0.243127614111536,"TRPV4"
"889","GO_Biological_Process_2017","positive regulation of tissue remodeling (GO:0034105)",0.0861456428142601,0.243127614111536,"IL23A"
"891","GO_Biological_Process_2017","positive regulation of type I interferon-mediated signaling pathway (GO:0060340)",0.0861456428142601,0.243127614111536,"WNT5A"
"892","GO_Biological_Process_2017","neuromuscular process (GO:0050905)",0.0861456428142601,0.243127614111536,"HOXA1"
"898","GO_Biological_Process_2017","negative regulation of stress-activated MAPK cascade (GO:0032873)",0.0861456428142601,0.243127614111536,"FOXM1"
"903","GO_Biological_Process_2017","positive regulation of podosome assembly (GO:0071803)",0.0861456428142601,0.243127614111536,"FSCN1"
"905","GO_Biological_Process_2017","negative regulation of DNA recombination (GO:0045910)",0.0861456428142601,0.243127614111536,"MSH2"
"906","GO_Biological_Process_2017","negative regulation of viral process (GO:0048525)",0.0861456428142601,0.243127614111536,"LTF"
"913","GO_Biological_Process_2017","positive regulation of chromatin binding (GO:0035563)",0.0861456428142601,0.243127614111536,"GMNN"
"918","GO_Biological_Process_2017","positive regulation of T-helper 17 type immune response (GO:2000318)",0.0861456428142601,0.243127614111536,"IL23A"
"926","GO_Biological_Process_2017","negative regulation of cell division (GO:0051782)",0.0861456428142601,0.243127614111536,"ORC6"
"928","GO_Biological_Process_2017","embryonic organ development (GO:0048568)",0.0861456428142601,0.243127614111536,"FGFR2"
"929","GO_Biological_Process_2017","positive regulation of helicase activity (GO:0051096)",0.0861456428142601,0.243127614111536,"MSH2"
"931","GO_Biological_Process_2017","positive regulation of bone resorption (GO:0045780)",0.0861456428142601,0.243127614111536,"SPP1"
"932","GO_Biological_Process_2017","Wnt signaling pathway involved in midbrain dopaminergic neuron differentiation (GO:1904953)",0.0861456428142601,0.243127614111536,"WNT5A"
"937","GO_Biological_Process_2017","post-embryonic development (GO:0009791)",0.0861456428142601,0.243127614111536,"FGFR2"
"938","GO_Biological_Process_2017","negative regulation of interleukin-2 production (GO:0032703)",0.0861456428142601,0.243127614111536,"FOXP3"
"940","GO_Biological_Process_2017","peptidyl-serine dephosphorylation (GO:0070262)",0.0861456428142601,0.243127614111536,"PPP2R2C"
"947","GO_Biological_Process_2017","positive regulation of memory T cell differentiation (GO:0043382)",0.0861456428142601,0.243127614111536,"IL23A"
"971","GO_Biological_Process_2017","hemostasis (GO:0007599)",0.0861456428142601,0.243127614111536,"GPI"
"984","GO_Biological_Process_2017","extracellular matrix assembly (GO:0085029)",0.0861456428142601,0.243127614111536,"HAS3"
"993","GO_Biological_Process_2017","positive regulation of extracellular matrix disassembly (GO:0090091)",0.0861456428142601,0.243127614111536,"FSCN1"
"1015","GO_Biological_Process_2017","glucose transmembrane transport (GO:1904659)",0.0861456428142601,0.243127614111536,"SLC2A1"
"1016","GO_Biological_Process_2017","organelle organization (GO:0006996)",0.0861456428142601,0.243127614111536,"KIF4A"
"1019","GO_Biological_Process_2017","iris morphogenesis (GO:0061072)",0.0861456428142601,0.243127614111536,"PAX6"
"1020","GO_Biological_Process_2017","axonal transport of mitochondrion (GO:0019896)",0.0861456428142601,0.243127614111536,"SPAST"
"1022","GO_Biological_Process_2017","neurotransmitter transport (GO:0006836)",0.0861456428142601,0.243127614111536,"SLC6A15"
"1025","GO_Biological_Process_2017","regulation of bicellular tight junction assembly (GO:2000810)",0.0861456428142601,0.243127614111536,"PKP2"
"1030","GO_Biological_Process_2017","positive regulation of dendrite development (GO:1900006)",0.0861456428142601,0.243127614111536,"BMP7"
"1031","GO_Biological_Process_2017","mammary gland epithelial cell differentiation (GO:0060644)",0.0861456428142601,0.243127614111536,"IRF6"
"1032","GO_Biological_Process_2017","decidualization (GO:0046697)",0.0861456428142601,0.243127614111536,"SPP1"
"1043","GO_Biological_Process_2017","positive regulation of osteoblast proliferation (GO:0033690)",0.0861456428142601,0.243127614111536,"LTF"
"1044","GO_Biological_Process_2017","establishment of epithelial cell polarity (GO:0090162)",0.0861456428142601,0.243127614111536,"FERMT1"
"1045","GO_Biological_Process_2017","regulation of microtubule polymerization or depolymerization (GO:0031110)",0.0861456428142601,0.243127614111536,"STMN1"
"1052","GO_Biological_Process_2017","neuroblast proliferation (GO:0007405)",0.0861456428142601,0.243127614111536,"ARTN"
"1053","GO_Biological_Process_2017","regulation of cell cycle arrest (GO:0071156)",0.0861456428142601,0.243127614111536,"FOXM1"
"1054","GO_Biological_Process_2017","positive regulation of fibroblast apoptotic process (GO:2000271)",0.0861456428142601,0.243127614111536,"TP63"
"1056","GO_Biological_Process_2017","signal complex assembly (GO:0007172)",0.0861456428142601,0.243127614111536,"MAPK8IP2"
"567","GO_Biological_Process_2017","positive regulation of telomerase activity (GO:0051973)",0.0864055318565567,0.243127614111536,"NEK2,GRHL2"
"327","GO_Biological_Process_2017","transcription from RNA polymerase II promoter (GO:0006366)",0.0907661241998224,0.243127614111536,"KLF5,POU2AF1,SALL4,PAX6,YBX2,TRIP13,FOXN1"
"515","GO_Biological_Process_2017","positive regulation of epithelial to mesenchymal transition (GO:0010718)",0.0909349915321013,0.243127614111536,"SERPINB3,COL1A1"
"560","GO_Biological_Process_2017","regulation of mitotic cell cycle (GO:0007346)",0.0909349915321013,0.243127614111536,"BIRC5,TP73"
"504","GO_Biological_Process_2017","negative regulation of Wnt signaling pathway (GO:0030178)",0.0955325225447402,0.243127614111536,"RNF43,DKK1"
"518","GO_Biological_Process_2017","T cell activation (GO:0042110)",0.0955325225447402,0.243127614111536,"PRLR,FOXP3"
"523","GO_Biological_Process_2017","protein K63-linked ubiquitination (GO:0070534)",0.0955325225447402,0.243127614111536,"UBE2S,UBE2T"
"527","GO_Biological_Process_2017","calcium ion-regulated exocytosis of neurotransmitter (GO:0048791)",0.0955325225447402,0.243127614111536,"SYT1,SYT13"
"813","GO_Biological_Process_2017","negative regulation of double-strand break repair via homologous recombination (GO:2000042)",0.0997661588940441,0.243127614111536,"POLQ"
"819","GO_Biological_Process_2017","positive regulation of triglyceride catabolic process (GO:0010898)",0.0997661588940441,0.243127614111536,"AADAC"
"826","GO_Biological_Process_2017","barbed-end actin filament capping (GO:0051016)",0.0997661588940441,0.243127614111536,"ADD2"
"844","GO_Biological_Process_2017","negative regulation of lipopolysaccharide-mediated signaling pathway (GO:0031665)",0.0997661588940441,0.243127614111536,"LTF"
"851","GO_Biological_Process_2017","cardiac septum morphogenesis (GO:0060411)",0.0997661588940441,0.243127614111536,"BMP7"
"852","GO_Biological_Process_2017","positive regulation of ossification (GO:0045778)",0.0997661588940441,0.243127614111536,"WNT5A"
"853","GO_Biological_Process_2017","establishment of protein localization to chromatin (GO:0071169)",0.0997661588940441,0.243127614111536,"H2AFY2"
"854","GO_Biological_Process_2017","metanephric mesenchyme development (GO:0072075)",0.0997661588940441,0.243127614111536,"SIX4"
"857","GO_Biological_Process_2017","nuclear mRNA surveillance (GO:0071028)",0.0997661588940441,0.243127614111536,"EXOSC5"
"866","GO_Biological_Process_2017","copper ion import (GO:0015677)",0.0997661588940441,0.243127614111536,"STEAP1B"
"867","GO_Biological_Process_2017","malate metabolic process (GO:0006108)",0.0997661588940441,0.243127614111536,"ME1"
"868","GO_Biological_Process_2017","gap junction assembly (GO:0016264)",0.0997661588940441,0.243127614111536,"PKP2"
"869","GO_Biological_Process_2017","positive regulation of protein kinase C signaling (GO:0090037)",0.0997661588940441,0.243127614111536,"WNT5A"
"873","GO_Biological_Process_2017","regulation of cytokine production (GO:0001817)",0.0997661588940441,0.243127614111536,"LTF"
"875","GO_Biological_Process_2017","sulfur amino acid metabolic process (GO:0000096)",0.0997661588940441,0.243127614111536,"AHCY"
"877","GO_Biological_Process_2017","negative regulation of peptidase activity (GO:0010466)",0.0997661588940441,0.243127614111536,"SERPINB3"
"888","GO_Biological_Process_2017","telomere maintenance via telomere lengthening (GO:0010833)",0.0997661588940441,0.243127614111536,"RAD51"
"896","GO_Biological_Process_2017","regulation of delayed rectifier potassium channel activity (GO:1902259)",0.0997661588940441,0.243127614111536,"KCNG1"
"901","GO_Biological_Process_2017","negative regulation of histone acetylation (GO:0035067)",0.0997661588940441,0.243127614111536,"BRCA1"
"908","GO_Biological_Process_2017","polyamine metabolic process (GO:0006595)",0.0997661588940441,0.243127614111536,"ODC1"
"909","GO_Biological_Process_2017","negative regulation of immune response (GO:0050777)",0.0997661588940441,0.243127614111536,"FOXP3"
"912","GO_Biological_Process_2017","positive regulation of insulin-like growth factor receptor signaling pathway (GO:0043568)",0.0997661588940441,0.243127614111536,"CDH3"
"914","GO_Biological_Process_2017","positive regulation of T-helper 1 type immune response (GO:0002827)",0.0997661588940441,0.243127614111536,"IL23A"
"927","GO_Biological_Process_2017","negative regulation of activated T cell proliferation (GO:0046007)",0.0997661588940441,0.243127614111536,"FOXP3"
"949","GO_Biological_Process_2017","positive regulation of double-strand break repair (GO:2000781)",0.0997661588940441,0.243127614111536,"FOXM1"
"959","GO_Biological_Process_2017","hindbrain development (GO:0030902)",0.0997661588940441,0.243127614111536,"BMP7"
"962","GO_Biological_Process_2017","positive regulation of circadian rhythm (GO:0042753)",0.0997661588940441,0.243127614111536,"ARNTL2"
"969","GO_Biological_Process_2017","regulation of cysteine-type endopeptidase activity involved in apoptotic process (GO:0043281)",0.0997661588940441,0.243127614111536,"NGFR"
"972","GO_Biological_Process_2017","keratinocyte proliferation (GO:0043616)",0.0997661588940441,0.243127614111536,"FERMT1"
"976","GO_Biological_Process_2017","positive regulation of transcription from RNA polymerase II promoter involved in cellular response to chemical stimulus (GO:1901522)",0.0997661588940441,0.243127614111536,"DLX5"
"979","GO_Biological_Process_2017","riboflavin metabolic process (GO:0006771)",0.0997661588940441,0.243127614111536,"SLC52A3"
"980","GO_Biological_Process_2017","cornea development in camera-type eye (GO:0061303)",0.0997661588940441,0.243127614111536,"PAX6"
"982","GO_Biological_Process_2017","generation of neurons (GO:0048699)",0.0997661588940441,0.243127614111536,"SIX4"
"986","GO_Biological_Process_2017","negative regulation of mitotic nuclear division (GO:0045839)",0.0997661588940441,0.243127614111536,"BMP7"
"989","GO_Biological_Process_2017","regulation of receptor activity (GO:0010469)",0.0997661588940441,0.243127614111536,"MAPK8IP2"
"996","GO_Biological_Process_2017","epithelial cell morphogenesis (GO:0003382)",0.0997661588940441,0.243127614111536,"GRHL2"
"1001","GO_Biological_Process_2017","negative regulation of platelet-derived growth factor receptor signaling pathway (GO:0010642)",0.0997661588940441,0.243127614111536,"SLC9A3R1"
"1002","GO_Biological_Process_2017","regulation of osteoblast differentiation (GO:0045667)",0.0997661588940441,0.243127614111536,"FGFR2"
"1003","GO_Biological_Process_2017","positive regulation of keratinocyte proliferation (GO:0010838)",0.0997661588940441,0.243127614111536,"CDH3"
"1005","GO_Biological_Process_2017","strand invasion (GO:0042148)",0.0997661588940441,0.243127614111536,"RAD51"
"1010","GO_Biological_Process_2017","negative regulation of axon regeneration (GO:0048681)",0.0997661588940441,0.243127614111536,"RTN4R"
"1011","GO_Biological_Process_2017","positive regulation of mitotic cell cycle spindle assembly checkpoint (GO:0090267)",0.0997661588940441,0.243127614111536,"NDC80"
"1012","GO_Biological_Process_2017","osteoblast development (GO:0002076)",0.0997661588940441,0.243127614111536,"PTHLH"
"1013","GO_Biological_Process_2017","microtubule polymerization (GO:0046785)",0.0997661588940441,0.243127614111536,"TRPV4"
"1014","GO_Biological_Process_2017","cartilage condensation (GO:0001502)",0.0997661588940441,0.243127614111536,"BARX2"
"1028","GO_Biological_Process_2017","vitamin metabolic process (GO:0006766)",0.0997661588940441,0.243127614111536,"CYP24A1"
"1037","GO_Biological_Process_2017","regulation of mitotic metaphase/anaphase transition (GO:0030071)",0.0997661588940441,0.243127614111536,"CDC6"
"1038","GO_Biological_Process_2017","internal protein amino acid acetylation (GO:0006475)",0.0997661588940441,0.243127614111536,"EHHADH"
"1041","GO_Biological_Process_2017","nuclear envelope reassembly (GO:0031468)",0.0997661588940441,0.243127614111536,"SPAST"
"1060","GO_Cellular_Component_2017","integral component of plasma membrane (GO:0005887)",9.5969749235439e-07,0.000190979800978524,"COL17A1,RTN4R,STEAP1B,PODXL2,SLC2A1,SLC1A4,FZD10,PTPRH,CD79A,UPK1B,PTPRZ1,EPCAM,GPC1,KIAA1324,ADAM23,HAS3,CLCA4,IL12RB2,NGFR,RNF43,SLC15A1,CHRNB4,CADM4,ABCC2,TRPA1,TNFRSF9,SLC6A15,ABCC5,SLC52A3,GABRA3,SLC4A11,TMPRSS11E,SLC7A5,TFR2,FXYD3,CEACAM5,TRPV4,SDC1,CD9,FGFR3,FGFR2"
"1061","GO_Cellular_Component_2017","chromosome, centromeric region (GO:0000775)",1.17398064912946e-05,0.00116811074588382,"HELLS,CENPF,BIRC5,OIP5,CENPA,NDC80"
"1063","GO_Cellular_Component_2017","mitotic spindle pole (GO:0097431)",7.63240567547935e-05,0.00506282909806797,"ASPM,SPAG5,FAM83D,AURKA"
"1064","GO_Cellular_Component_2017","spindle (GO:0005819)",0.000147353038386008,0.00733081365970389,"CDC20,TPX2,CENPF,TTK,KIF20A,AURKA"
"1062","GO_Cellular_Component_2017","endoplasmic reticulum lumen (GO:0005788)",0.000576458204891215,0.0221199001312113,"COL1A1,COL17A1,FOXRED2,TF,COL11A1,COL7A1,WNT5A,TMEM132A,SPP1,COL9A3,CP,CHGB"
"1066","GO_Cellular_Component_2017","intermediate filament (GO:0005882)",0.00074585901430981,0.0221199001312113,"DSP,PKP2,PKP1,SLC1A4"
"1069","GO_Cellular_Component_2017","desmosome (GO:0030057)",0.000838382697903925,0.0221199001312113,"PKP2,PKP1,DSG2"
"1065","GO_Cellular_Component_2017","nuclear chromosome, telomeric region (GO:0000784)",0.000889242216330103,0.0221199001312113,"RAD51,MSH2,H2AFY2,ORC1,MCM4,THOC3,MCM2"
"1214","GO_Cellular_Component_2017","chromosome passenger complex (GO:0032133)",0.00214797828079374,0.0415522896990321,"BIRC5,AURKA"
"1224","GO_Cellular_Component_2017","condensin complex (GO:0000796)",0.00214797828079374,0.0415522896990321,"NCAPG,NCAPD2"
"1068","GO_Cellular_Component_2017","cornified envelope (GO:0001533)",0.00229686023461986,0.0415522896990321,"DSP,PKP2,PKP1,DSG2,CNFN"
"1071","GO_Cellular_Component_2017","spindle midzone (GO:0051233)",0.00309368085226064,0.0448201414100085,"KIF14,CDC6,AURKA"
"1199","GO_Cellular_Component_2017","condensed nuclear chromosome, centromeric region (GO:0000780)",0.00319028967790146,0.0448201414100085,"CENPA,AURKA"
"1222","GO_Cellular_Component_2017","origin recognition complex (GO:0000808)",0.00319028967790146,0.0448201414100085,"ORC6,ORC1"
"1067","GO_Cellular_Component_2017","microtubule cytoskeleton (GO:0015630)",0.00337840261884486,0.0448201414100085,"TPX2,SPAST,HOXC8,TUBB4A,GAPDH,AURKA,MCM2"
"1070","GO_Cellular_Component_2017","chromatin (GO:0000785)",0.00414714901897094,0.0488937068602489,"CENPF,RAD51,OIP5,MCM2,TP73"
"1215","GO_Cellular_Component_2017","lateral element (GO:0000800)",0.00442254634916824,0.0488937068602489,"RAD51,BRCA1"
"1219","GO_Cellular_Component_2017","replication fork protection complex (GO:0031298)",0.00442254634916824,0.0488937068602489,"CDC45,MCM10"
"1072","GO_Cellular_Component_2017","kinetochore (GO:0000776)",0.00494955650612731,0.0511209019411703,"CENPF,SPAG5,CENPI,NEK2,NDC80"
"1194","GO_Cellular_Component_2017","messenger ribonucleoprotein complex (GO:1990124)",0.00583889471752528,0.0511209019411703,"PKP2,PKP1"
"1196","GO_Cellular_Component_2017","HFE-transferrin receptor complex (GO:1990712)",0.00583889471752528,0.0511209019411703,"TF,TFR2"
"1204","GO_Cellular_Component_2017","nuclear origin of replication recognition complex (GO:0005664)",0.00583889471752528,0.0511209019411703,"ORC6,ORC1"
"1078","GO_Cellular_Component_2017","nuclear chromosome (GO:0000228)",0.00590844595299958,0.0511209019411703,"RAD51,BIRC5,NCAPD2"
"1081","GO_Cellular_Component_2017","cortical actin cytoskeleton (GO:0030864)",0.00814399899971724,0.0648262320377492,"CDH1,TRPV4,SLC2A1"
"1082","GO_Cellular_Component_2017","intercalated disc (GO:0014704)",0.00814399899971724,0.0648262320377492,"DSP,PKP2,DSG2"
"1193","GO_Cellular_Component_2017","condensed chromosome kinetochore (GO:0000777)",0.0092011059142777,0.0704238491131254,"BIRC5,NDC80"
"1083","GO_Cellular_Component_2017","spindle microtubule (GO:0005876)",0.00987499929559267,0.0727824022156645,"SPAG5,KIF4A,AURKA"
"1074","GO_Cellular_Component_2017","apical plasma membrane (GO:0016324)",0.0115652296384486,0.0821957392161171,"SLC9A3R1,TF,ABCC2,EPCAM,ATP6V0A4,PLD1"
"1073","GO_Cellular_Component_2017","nuclear chromatin (GO:0000790)",0.0135553325120497,0.0879360438909554,"RAD51AP1,RAD51,H2AFY2,DLX5,PAX6,TP63,ASF1B"
"1077","GO_Cellular_Component_2017","cell-cell adherens junction (GO:0005913)",0.0136985797016061,0.0879360438909554,"CADM4,CDCA3,CDH1,FAT2"
"1079","GO_Cellular_Component_2017","spindle pole (GO:0000922)",0.0136985797016061,0.0879360438909554,"TPX2,CENPF,CDC6,WDR62"
"1084","GO_Cellular_Component_2017","clathrin-coated vesicle membrane (GO:0030665)",0.015075729813228,0.0937521947760119,"TF,SYT1,WNT5A"
"1076","GO_Cellular_Component_2017","Golgi lumen (GO:0005796)",0.0156680831493864,0.0944832892947848,"MMP11,PODXL2,GPC1,WNT5A,SDC1"
"1085","GO_Cellular_Component_2017","endocytic vesicle (GO:0030139)",0.0201567533800164,0.116233743597549,"TF,CD207,PLD1"
"1181","GO_Cellular_Component_2017","GABA-A receptor complex (GO:1902711)",0.0204431207332372,0.116233743597549,"GABRP,GABRA3"
"1086","GO_Cellular_Component_2017","clathrin-coated endocytic vesicle membrane (GO:0030669)",0.0230079693244097,0.127182941543265,"WNT5A,CD207,CD9"
"1087","GO_Cellular_Component_2017","kinesin complex (GO:0005871)",0.0245114069642285,0.13183162124004,"KIF4A,KIF14,KIF20A"
"1173","GO_Cellular_Component_2017","condensed chromosome (GO:0000793)",0.0259672785238307,0.135986537532692,"RAD51,NCAPD2"
"1088","GO_Cellular_Component_2017","mitotic spindle (GO:0072686)",0.0310425414779855,0.158396557797926,"TPX2,SPAG5,ECT2"
"1075","GO_Cellular_Component_2017","perinuclear region of cytoplasm (GO:0048471)",0.034721365659411,0.17273879415557,"TPD52,EPN3,SLC9A3R1,TF,RAD51,GALNT3,CDH1,NXT2,CDKN3,AURKA"
"1125","GO_Cellular_Component_2017","anaphase-promoting complex (GO:0005680)",0.0385683294165984,0.186382816673259,"CDC20,UBE2S"
"1080","GO_Cellular_Component_2017","cytoplasmic vesicle (GO:0031410)",0.0393370768858135,0.186382816673259,"SERPINB3,TF,SPAST,TFR2,ADD2"
"1","KEGG_2016","ECM-receptor interaction_Homo sapiens_hsa04512",3.62796453041159e-06,0.00068568529624779,"COL1A1,LAMA1,SPP1,SDC1,ITGB8,COL9A3,ITGA6,LAMC2,HMMR"
"2","KEGG_2016","PI3K-Akt signaling pathway_Homo sapiens_hsa04151",5.74530479721006e-05,0.00492131997374754,"NGFR,LAMA1,LAMC2,BRCA1,PRLR,COL1A1,PPP2R2C,CCNE1,SPP1,ITGB8,COL9A3,ITGA6,FGF12,FGFR3,MET,FGFR2"
"4","KEGG_2016","Cell cycle_Homo sapiens_hsa04110",0.000101883643031801,0.00492131997374754,"CDC20,ORC6,CDC45,ORC1,CCNE1,MCM4,TTK,CDC6,MCM2"
"3","KEGG_2016","Pathways in cancer_Homo sapiens_hsa05200",0.000104154920079313,0.00492131997374754,"NOS2,LAMA1,WNT5A,SLC2A1,LAMC2,FZD10,PLD1,RAD51,MSH2,CDH1,CCNE1,BIRC5,ITGA6,MET,FGF12,FGFR3,FGFR2"
"5","KEGG_2016","Cysteine and methionine metabolism_Homo sapiens_hsa00270",0.000532596610236685,0.0201321518669467,"IL4I1,GCLC,AHCY,DNMT3B,GCLM"
"6","KEGG_2016","Cell adhesion molecules (CAMs)_Homo sapiens_hsa04514",0.00132489390497689,0.0417341580067721,"CDH3,CDH1,CNTN1,SDC1,ITGB8,ITGA6,CLDN16,PVRL1"
"19","KEGG_2016","Nitrogen metabolism_Homo sapiens_hsa00910",0.00190729470950702,0.0461727385531426,"CA12,CPS1,CA9"
"7","KEGG_2016","DNA replication_Homo sapiens_hsa03030",0.00195440163187905,0.0461727385531426,"RNASEH2A,POLE2,MCM4,MCM2"
"9","KEGG_2016","Protein digestion and absorption_Homo sapiens_hsa04974",0.00227362967351469,0.0477462231438085,"COL1A1,COL17A1,SLC15A1,COL7A1,COL11A1,COL9A3"
"8","KEGG_2016","Central carbon metabolism in cancer_Homo sapiens_hsa05230",0.00322768754763377,0.0610032946502782,"SLC7A5,SLC2A1,MET,FGFR3,FGFR2"
"10","KEGG_2016","p53 signaling pathway_Homo sapiens_hsa04115",0.00366678746719209,0.0630020755726641,"TP53AIP1,CCNE1,PERP,GTSE1,TP73"
"12","KEGG_2016","Arrhythmogenic right ventricular cardiomyopathy (ARVC)_Homo sapiens_hsa05412",0.00494955650612731,0.0779555149715052,"DSP,PKP2,ITGB8,DSG2,ITGA6"
"11","KEGG_2016","Signaling pathways regulating pluripotency of stem cells_Homo sapiens_hsa04550",0.00547195612313598,0.0795538236363616,"DLX5,WNT5A,PAX6,FZD10,OTX1,FGFR3,FGFR2"
"14","KEGG_2016","Carbon metabolism_Homo sapiens_hsa01200",0.00695451883712326,0.0938860043011639,"GPI,CPS1,EHHADH,ME1,PHGDH,GAPDH"
"15","KEGG_2016","Hippo signaling pathway_Homo sapiens_hsa04390",0.00813220908932112,0.102465834525446,"PPP2R2C,CDH1,WNT5A,BIRC5,FZD10,BMP7,TP73"
"16","KEGG_2016","Small cell lung cancer_Homo sapiens_hsa05222",0.00926927784083154,0.109493344494823,"NOS2,CCNE1,LAMA1,ITGA6,LAMC2"
"13","KEGG_2016","Focal adhesion_Homo sapiens_hsa04510",0.011048280304858,0.122830881036363,"COL1A1,LAMA1,SPP1,ITGB8,COL9A3,ITGA6,LAMC2,MET"
"28","KEGG_2016","Base excision repair_Homo sapiens_hsa03410",0.0128436620973464,0.134858452022137,"NEIL3,POLE2,UNG"
"24","KEGG_2016","Alanine, aspartate and glutamate metabolism_Homo sapiens_hsa00250",0.015075729813228,0.149963838668426,"IL4I1,FOLH1,CPS1"
"21","KEGG_2016","Inflammatory bowel disease (IBD)_Homo sapiens_hsa05321",0.0160625113519804,0.151790732276215,"IL1A,IL23A,FOXP3,IL12RB2"
"20","KEGG_2016","Amoebiasis_Homo sapiens_hsa05146",0.016962356669752,0.152661210027768,"COL1A1,SERPINB3,NOS2,LAMA1,LAMC2"
"18","KEGG_2016","Cytokine-cytokine receptor interaction_Homo sapiens_hsa04060",0.0182823691443652,0.157062171285683,"NGFR,IL1A,IL23A,TNFRSF9,TNFRSF17,PRLR,BMP7,MET,IL12RB2"
"17","KEGG_2016","Ras signaling pathway_Homo sapiens_hsa04014",0.0208625592046825,0.169756773698335,"NGFR,PLA2G2D,RASAL1,PLD1,FGF12,FGFR3,MET,FGFR2"
"30","KEGG_2016","Nicotine addiction_Homo sapiens_hsa05033",0.0215564157077251,0.169756773698335,"GABRP,GABRA3,GRIN2D"
"165","KEGG_2016","Phenylalanine metabolism_Homo sapiens_hsa00360",0.0259672785238307,0.19631262564016,"IL4I1,ALDH3A1"
"32","KEGG_2016","Ether lipid metabolism_Homo sapiens_hsa00565",0.0293323850153086,0.213223875688205,"PLA2G2D,PLD1,PAFAH1B3"
"22","KEGG_2016","MicroRNAs in cancer_Homo sapiens_hsa05206",0.0345877484246885,0.23783720147488,"CYP24A1,CCNE1,STMN1,FSCN1,DNMT3B,BRCA1,FGFR3,MET,TP63"
"168","KEGG_2016","Arginine biosynthesis_Homo sapiens_hsa00220",0.0352351409592415,0.23783720147488,"CPS1,NOS2"
"31","KEGG_2016","Arginine and proline metabolism_Homo sapiens_hsa00330",0.038393888494743,0.24173376604543,"NOS2,ODC1,AGMAT"
"23","KEGG_2016","Rap1 signaling pathway_Homo sapiens_hsa04015",0.0391951190921057,0.24173376604543,"NGFR,CDH1,FGF12,FGFR3,MET,FGFR2,PFN2"
"27","KEGG_2016","Salmonella infection_Homo sapiens_hsa05132",0.0396494536899912,0.24173376604543,"IL1A,KLC3,NOS2,PFN2"
"35","KEGG_2016","Glutathione metabolism_Homo sapiens_hsa00480",0.0423722745293672,0.243775020506423,"GCLC,ODC1,GCLM"
"26","KEGG_2016","Hematopoietic cell lineage_Homo sapiens_hsa04640",0.0425638924693754,0.243775020506423,"IL1A,CR2,CD9,ITGA6"
"39","KEGG_2016","Fanconi anemia pathway_Homo sapiens_hsa03460",0.0444360264901042,0.247012029606756,"RAD51,UBE2T,BRCA1"
