"","id","cmap_score","p","padj","sig_id","cell_id","pert_desc","pert_id","pert_type","pert_dose","pert_time","pert_time_unit","brew_prefix","is_gold","pert_mfc_id","pert_iname","pool_id","zmad_ref"
"135","31126",-1.06261077027948,0,0,"CPC005_PC3_24H:BRD-A19037878:10","PC3","trichostatin-a","BRD-A19037878","trt_cp",10,"24","h","CPC005_PC3_24H","1","NULL","trichostatin-a","epsilon","population"
"95","21732",-0.995023858214042,0,0,"CPC006_HA1E_24H:BRD-A19037878:10","HA1E","trichostatin-a","BRD-A19037878","trt_cp",10,"24","h","CPC006_HA1E_24H","1","NULL","trichostatin-a","epsilon","population"
"89","20322",-0.975323790047717,0,0,"CPC006_DV90_6H:BRD-A36630025-001-02-6:0.35","DV90","-666","BRD-A36630025","trt_cp",0.35,"6","h","CPC006_DV90_6H","1","NULL","SN-38","epsilon","population"
"63","169134",-0.968302658486708,0,0,"HDAC002_HA1E_24H:BRD-K77908580-001-04-7:10","HA1E","MS275","BRD-K77908580","trt_cp",10,"24","h","HDAC002_HA1E_24H","1","NULL","entinostat","epsilon","population"
"307","72263",-0.966359918200409,0,0,"CPC016_A549_6H:BRD-A35588707-001-03-0:10","A549","-666","BRD-A35588707","trt_cp",10,"6","h","CPC016_A549_6H","1","NULL","teniposide","epsilon","population"
"193","33440",-0.959372869802318,0,0,"CPC006_SKMEL28_6H:BRD-K74402642-003-01-2:10","SKMEL28","Chemistry 2804","BRD-K74402642","trt_cp",10,"6","h","CPC006_SKMEL28_6H","1","NULL","NSC-632839","epsilon","population"
"271","54140",-0.942194955691888,0,0,"CPC012_A375_6H:BRD-A59985574-003-01-9:10","A375","T542500","BRD-A59985574","trt_cp",10,"6","h","CPC012_A375_6H","1","NULL","topotecan","epsilon","population"
"209","365413",-0.924710293115201,0,0,"PCLB001_MCF7_24H:BRD-A19037878-001-02-3:2.5","MCF7","trichostatin-a","BRD-A19037878","trt_cp",2.5,"24","h","PCLB001_MCF7_24H","1","NULL","trichostatin-a","epsilon","population"
"382","94269",-0.923585548738923,0,0,"CPC020_HA1E_6H:BRD-A88774919-001-02-8:10","HA1E","doxycycline","BRD-A88774919","trt_cp",10,"6","h","CPC020_HA1E_6H","1","NULL","doxycycline","epsilon","population"
"172","328865",-0.921915473755964,0,0,"LJP001_MDAMB231_24H:BRD-K05804044-001-02-9:10","MDAMB231","AZ-628","BRD-K05804044","trt_cp",10,"24","h","LJP001_MDAMB231_24H","1","NULL","AZ-628","epsilon","population"
"7","10209",-0.918609406952965,0,0,"CPC004_MCF7_6H:BRD-K98490050-001-01-8:10","MCF7","AMSACRINE","BRD-K98490050","trt_cp",10,"6","h","CPC004_MCF7_6H","1","NULL","amsacrine","epsilon","population"
"113","24921",-0.895023858214042,0.001,0.0232352941176471,"CPC006_HT29_24H:BRD-K21672174-001-02-2:160","HT29","Ro 28-1675 ?","BRD-K21672174","trt_cp",160,"24","h","CPC006_HT29_24H","1","NULL","RO-28-1675","epsilon","population"
"52","15750",-0.89052488070893,0.001,0.0232352941176471,"CPC004_VCAP_24H:BRD-K39987650-001-15-9:10","VCAP","BISACODYL","BRD-K39987650","trt_cp",10,"24","h","CPC004_VCAP_24H","1","NULL","bisacodyl","epsilon","population"
"310","73191",-0.883571915473756,0.001,0.0232352941176471,"CPC014_A549_6H:BRD-K50140147-001-01-0:10","A549","S1108","BRD-K50140147","trt_cp",10,"6","h","CPC014_A549_6H","1","NULL","NVP-TAE684","epsilon","population"
"112","24896",-0.883162917518746,0.001,0.0232352941176471,"CPC006_HT29_24H:BRD-K06980535-003-15-0:10","HT29","PROMAZINE HYDROCHLORIDE","BRD-K06980535","trt_cp",10,"24","h","CPC006_HT29_24H","1","NULL","promazine","epsilon","population"
"223","434321",-0.875085207907294,0.001,0.0232352941176471,"HOG001_A549_24H:BRD-A45889380-300-04-8:10","A549","quinacrine","BRD-A45889380","trt_cp",10,"24","h","HOG001_A549_24H","1","NULL","mepacrine","epsilon","population"
"3","101213",-0.874062713019768,0.001,0.0232352941176471,"CPD001_MCF7_24H:BRD-A45889380-336-04-2:10","MCF7","Quinacrine dihydrochloride dihydrate","BRD-A45889380","trt_cp",10,"24","h","CPD001_MCF7_24H","1","NULL","mepacrine","epsilon","population"
"359","87472",-0.867348329925017,0.002,0.0343478260869565,"CPC014_SKB_24H:BRD-K50140147-001-01-0:10","SKB","S1108","BRD-K50140147","trt_cp",10,"24","h","CPC014_SKB_24H","1","NULL","NVP-TAE684","epsilon","population"
"304","720",-0.860088616223585,0.002,0.0343478260869565,"CPC004_A375_6H:BRD-A19037878:10","A375","trichostatin-a","BRD-A19037878","trt_cp",10,"6","h","CPC004_A375_6H","1","NULL","trichostatin-a","epsilon","population"
"177","329278",-0.855691888207226,0.002,0.0343478260869565,"LJP002_MDAMB231_24H:BRD-K49865102-001-04-3:10","MDAMB231","PD0325901","BRD-K49865102","trt_cp",10,"24","h","LJP002_MDAMB231_24H","1","NULL","PD-0325901","epsilon","population"
"360","87503",-0.855623721881391,0.002,0.0343478260869565,"CPC013_SKB_24H:BRD-K71823332-001-01-1:10","SKB","S1297","BRD-K71823332","trt_cp",10,"24","h","CPC013_SKB_24H","1","NULL","epothilone-a","epsilon","population"
"266","52145",-0.852624403544649,0.002,0.0343478260869565,"CPC006_VCAP_24H:BRD-K08845546-001-02-2:22.2","VCAP","FK506","BRD-K08845546","trt_cp",22.2,"24","h","CPC006_VCAP_24H","1","NULL","tacrolimus","epsilon","population"
"29","115445",-0.850170415814588,0.002,0.0343478260869565,"CPD002_PC3_24H:BRD-K82795137-001-18-9:10","PC3","Loratadine","BRD-K82795137","trt_cp",10,"24","h","CPD002_PC3_24H","1","NULL","loratadine","epsilon","population"
"337","80103",-0.841547375596455,0.003,0.0423214285714286,"CPC016_MCF7_6H:BRD-A19037878:10","MCF7","trichostatin-a","BRD-A19037878","trt_cp",10,"6","h","CPC016_MCF7_6H","1","NULL","trichostatin-a","epsilon","population"
"312","73378",-0.837286980231766,0.003,0.0423214285714286,"CPC015_A549_24H:BRD-A49160188-003-04-4:10","A549","-666","BRD-A49160188","trt_cp",10,"24","h","CPC015_A549_24H","1","NULL","donepezil","epsilon","population"
"191","334203",-0.83571915473756,0.003,0.0423214285714286,"MUC.CP001_MCF7_6H:BRD-K49049886-001-03-8:10","MCF7","CGS-15943","BRD-K49049886","trt_cp",10,"6","h","MUC.CP001_MCF7_6H","1","NULL","CGS-15943","epsilon","population"
"80","18378",-0.834253578732106,0.003,0.0423214285714286,"CPC006_A549_24H:BRD-A12230535-001-02-6:44.4","A549","Nutlin-3","BRD-A12230535","trt_cp",44.4,"24","h","CPC006_A549_24H","1","NULL","nutlin-3","epsilon","population"
"326","7711",-0.830879345603272,0.003,0.0423214285714286,"CPC004_HCC515_24H:BRD-A41519720-001-03-0:10","HCC515","EZETIMIBE","BRD-A41519720","trt_cp",10,"24","h","CPC004_HCC515_24H","1","NULL","ezetimibe","epsilon","population"
"388","96423",-0.820961145194274,0.004,0.0478787878787879,"CPC018_HT29_6H:BRD-K03015355-003-01-5:10","HT29","-666","BRD-K03015355","trt_cp",10,"6","h","CPC018_HT29_6H","1","NULL","forskolin","epsilon","population"
"10","103698",-0.818609406952965,0.004,0.0478787878787879,"CPD001_PC3_24H:BRD-A07932845-103-02-3:10","PC3","Methiothepin maleate","BRD-A07932845","trt_cp",10,"24","h","CPD001_PC3_24H","1","NULL","metitepine","epsilon","population"
"8","102224",-0.815030674846626,0.004,0.0478787878787879,"CPC018_NPC_24H:BRD-K97399794-001-10-4:10","NPC","-666","BRD-K97399794","trt_cp",10,"24","h","CPC018_NPC_24H","1","NULL","quercetin","epsilon","population"
"269","52740",-0.810736196319018,0.004,0.0478787878787879,"CPC006_VCAP_24H:BRD-A62025033-001-01-8:10","VCAP","temsirolimus [CI779]","BRD-A62025033","trt_cp",10,"24","h","CPC006_VCAP_24H","1","NULL","temsirolimus","epsilon","population"
"282","59185",-0.806169052488071,0.004,0.0478787878787879,"CPC012_HA1E_6H:BRD-A59985574-003-01-9:10","HA1E","T542500","BRD-A59985574","trt_cp",10,"6","h","CPC012_HA1E_6H","1","NULL","topotecan","epsilon","population"
"235","440645",-0.801022494887526,0.006,0.05925,"PCLB001_JURKAT_6H:BRD-A19037878-001-02-3:1.11","JURKAT","trichostatin-a","BRD-A19037878","trt_cp",1.11,"6","h","PCLB001_JURKAT_6H","1","NULL","trichostatin-a","epsilon","population"
"228","435525",-0.797716428084526,0.006,0.05925,"HOG003_A549_6H:BRD-K68202742-001-10-8:10","A549","trichostatin-a","BRD-K68202742","trt_cp",10,"6","h","HOG003_A549_6H","1","NULL","trichostatin-a","epsilon","population"
"316","73789",-0.790593047034765,0.006,0.05925,"CPC015_A549_24H:BRD-K66296774-001-02-0:10","A549","-666","BRD-K66296774","trt_cp",10,"24","h","CPC015_A549_24H","1","NULL","fluvastatin","epsilon","population"
"130","30026",-0.789911383776414,0.006,0.05925,"CPC006_PC3_6H:BRD-K74305673-001-01-3:10","PC3","IMD 0354","BRD-K74305673","trt_cp",10,"6","h","CPC006_PC3_6H","1","NULL","IKK-2-inhibitor-V","epsilon","population"
"286","61382",-0.781356509884117,0.006,0.05925,"CPC010_HEPG2_6H:BRD-A75769826-311-05-1:10","HEPG2","sdm25n","BRD-A75769826","trt_cp",10,"6","h","CPC010_HEPG2_6H","1","NULL","SDM25N","epsilon","population"
"162","326013",-0.778698023176551,0.006,0.05925,"LJP001_MCF10A_24H:BRD-K94294671-003-02-1:0.4","MCF10A","OSI-027","BRD-K94294671","trt_cp",0.4,"24","h","LJP001_MCF10A_24H","1","NULL","OSI-027","epsilon","population"
"234","439818",-0.776209952283572,0.006,0.05925,"DOSBIO001_HT29_24H:BRD-K81418486:10","HT29","vorinostat","BRD-K81418486","trt_cp",10,"24","h","DOSBIO001_HT29_24H","1","NULL","vorinostat","epsilon","population"
"371","902",-0.770381731424676,0.007,0.059622641509434,"CPC005_A375_24H:BRD-A72711497-236-02-0:10","A375","LASALOCID SODIUM","BRD-A72711497","trt_cp",10,"24","h","CPC005_A375_24H","1","NULL","lasalocid","epsilon","population"
"4","101742",-0.769870483980913,0.007,0.059622641509434,"CPC017_NPC_24H:BRD-K06426971-001-01-9:10","NPC","-666","BRD-K06426971","trt_cp",10,"24","h","CPC017_NPC_24H","1","NULL","ryuvidine","epsilon","population"
"279","5824",-0.769018404907975,0.007,0.059622641509434,"CPC004_HCC515_6H:BRD-A10188456-001-03-1:10","HCC515","DEXAMETHASONE","BRD-A10188456","trt_cp",10,"6","h","CPC004_HCC515_6H","1","NULL","dexamethasone","epsilon","population"
"50","151995",-0.764758009543286,0.007,0.059622641509434,"DOS050_MCF7_24H:BRD-A75409952:10","MCF7","wortmannin","BRD-A75409952","trt_cp",10,"24","h","DOS050_MCF7_24H","1","NULL","wortmannin","epsilon","population"
"325","76508",-0.76278118609407,0.007,0.059622641509434,"CPC016_HEPG2_6H:BRD-K36007650-300-02-3:10","HEPG2","-666","BRD-K36007650","trt_cp",10,"6","h","CPC016_HEPG2_6H","1","NULL","puromycin","epsilon","population"
"348","83251",-0.760224948875255,0.007,0.059622641509434,"CPC015_NPC_24H:BRD-K71266197-236-01-9:10","NPC","-666","BRD-K71266197","trt_cp",10,"24","h","CPC015_NPC_24H","1","NULL","PSB-06126","epsilon","population"
"288","65356",-0.754464894342195,0.008,0.059622641509434,"CPC012_NPC_24H:BRD-A19037878:10","NPC","trichostatin-a","BRD-A19037878","trt_cp",10,"24","h","CPC012_NPC_24H","1","NULL","trichostatin-a","epsilon","population"
"62","167351",-0.753646898432174,0.008,0.059622641509434,"ERG011_VCAP_24H:BRD-K40175214-001-04-1:1","VCAP","torin1","BRD-K40175214","trt_cp",1,"24","h","ERG011_VCAP_24H","1","NULL","torin-1","epsilon","population"
"196","336164",-0.75344239945467,0.008,0.059622641509434,"MUC.CP003_MCF7_24H:BRD-K81418486-001-13-7:3.3333","MCF7","-666","BRD-K81418486","trt_cp",3.3333,"24","h","MUC.CP003_MCF7_24H","1","NULL","vorinostat","epsilon","population"
"98","23040",-0.751874573960464,0.008,0.059622641509434,"CPC006_HCT116_6H:BRD-K78513633-001-07-4:177.6","HCT116","Lonidamine","BRD-K78513633","trt_cp",177.6,"6","h","CPC006_HCT116_6H","1","NULL","lonidamine","epsilon","population"
"281","59117",-0.750477164280845,0.008,0.059622641509434,"CPC013_HA1E_6H:BRD-K17210248-003-01-7:10","HA1E","S1216","BRD-K17210248","trt_cp",10,"6","h","CPC013_HA1E_6H","1","NULL","daunorubicin","epsilon","population"
"365","8861",-0.748602590320382,0.008,0.059622641509434,"CPC004_HEPG2_6H:BRD-K51677086-001-07-0:10","HEPG2","ERYTHROMYCIN ETHYLSUCCINATE","BRD-K51677086","trt_cp",10,"6","h","CPC004_HEPG2_6H","1","NULL","erythromycin","epsilon","population"
"197","33642",-0.742706203135651,0.008,0.059622641509434,"CPC006_SKMEL28_6H:BRD-A19037878:10","SKMEL28","trichostatin-a","BRD-A19037878","trt_cp",10,"6","h","CPC006_SKMEL28_6H","1","NULL","trichostatin-a","epsilon","population"
"328","77477",-0.739366053169734,0.009,0.0634821428571428,"CPC016_HT29_6H:BRD-K06543683-066-01-3:10","HT29","-666","BRD-K06543683","trt_cp",10,"6","h","CPC016_HT29_6H","1","NULL","bisindolylmaleimide-ix","epsilon","population"
"27","115027",-0.739059304703476,0.009,0.0634821428571428,"DEB001_PC3_6H:BRD-A75409952-001-05-7:0.1","PC3","wortmannin","BRD-A75409952","trt_cp",0.1,"6","h","DEB001_PC3_6H","1","NULL","wortmannin","epsilon","population"
"278","58155",-0.735514655760055,0.009,0.0634821428571428,"CPC012_ASC_24H:BRD-A75409952:10","ASC","wortmannin","BRD-A75409952","trt_cp",10,"24","h","CPC012_ASC_24H","1","NULL","wortmannin","epsilon","population"
"42","142130",-0.725698704839809,0.011,0.0762280701754386,"DOS033_A375_24H:BRD-K81418486:0.5","A375","vorinostat","BRD-K81418486","trt_cp",0.5,"24","h","DOS033_A375_24H","1","NULL","vorinostat","epsilon","population"
"82","19002",-0.720245398773006,0.014,0.0921666666666667,"CPC006_AGS_6H:BRD-M86331534-373-01-5:10","AGS","BJM-ctd2-9","BRD-M86331534","trt_cp",10,"6","h","CPC006_AGS_6H","1","NULL","pyrvinium-pamoate","epsilon","population"
"330","7749",-0.71826857532379,0.014,0.0921666666666667,"CPC004_HCC515_24H:BRD-K66296774-001-02-0:10","HCC515","FLUVASTATIN","BRD-K66296774","trt_cp",10,"24","h","CPC004_HCC515_24H","1","NULL","fluvastatin","epsilon","population"
"11","103714",-0.717927743694615,0.014,0.0921666666666667,"CPD001_PC3_24H:BRD-K21680192-300-11-0:10","PC3","Mitoxantrone dihydrochloride","BRD-K21680192","trt_cp",10,"24","h","CPD001_PC3_24H","1","NULL","mitoxantrone","epsilon","population"
"284","61172",-0.716632583503749,0.015,0.0955645161290323,"CPC013_HEPG2_6H:BRD-K87909389-001-02-0:10","HEPG2","HY-10005","BRD-K87909389","trt_cp",10,"6","h","CPC013_HEPG2_6H","1","NULL","alvocidib","epsilon","population"
"368","89545",-0.712985685071575,0.015,0.0955645161290323,"CPC018_A375_6H:BRD-K25906698-303-01-9:10","A375","-666","BRD-K25906698","trt_cp",10,"6","h","CPC018_A375_6H","1","NULL","immepip","epsilon","population"
"243","442419",-0.707259713701432,0.017,0.106587301587302,"HOG001_MCF7_24H:BRD-K68202742-001-10-8:0.1235","MCF7","trichostatin-a","BRD-K68202742","trt_cp",0.1235,"24","h","HOG001_MCF7_24H","1","NULL","trichostatin-a","epsilon","population"
"297","6977",-0.701840490797546,0.018,0.11109375,"CPC003_HCC515_6H:BRD-A34205397-001-03-7:10","HCC515","SULOCTIDIL","BRD-A34205397","trt_cp",10,"6","h","CPC003_HCC515_6H","1","NULL","suloctidil","epsilon","population"
"83","19020",-0.698295841854124,0.019,0.112014925373134,"CPC006_AGS_6H:BRD-K23363278-001-01-3:1","AGS","CYT997","BRD-K23363278","trt_cp",1,"6","h","CPC006_AGS_6H","1","NULL","CYT-997","epsilon","population"
"384","94908",-0.697511929107021,0.019,0.112014925373134,"CPC020_HCC515_6H:BRD-K92073408-001-10-8:10","HCC515","19-norethindrone","BRD-K92073408","trt_cp",10,"6","h","CPC020_HCC515_6H","1","NULL","norethisterone","epsilon","population"
"117","25978",-0.695262440354465,0.019,0.112014925373134,"CPC005_MCF7_6H:BRD-A76941896-003-02-0:10","MCF7","Doxorubicin hydrochloride","BRD-A76941896","trt_cp",10,"6","h","CPC005_MCF7_6H","1","NULL","doxorubicin","epsilon","population"
"194","3354",-0.69161554192229,0.022,0.127794117647059,"CPC002_HA1E_6H:BRD-A24122750-001-02-9:10","HA1E","Saclofen","BRD-A24122750","trt_cp",10,"6","h","CPC002_HA1E_6H","1","NULL","saclofen","epsilon","population"
"131","30092",-0.689434219495569,0.024,0.133521126760563,"CPC006_PC3_6H:BRD-K16406336-311-01-2:10","PC3","METHYLENE BLUE","BRD-K16406336","trt_cp",10,"6","h","CPC006_PC3_6H","1","NULL","methylene-blue","epsilon","population"
"229","435780",-0.685957736877982,0.024,0.133521126760563,"AML001_CD34_24H:BRD-A19037878:1.11111","CD34","TRICHOSTATIN_A","BRD-A19037878","trt_cp",1.11111,"24","h","AML001_CD34_24H","1","NULL","trichostatin-a","epsilon","population"
"2","100826",-0.685889570552147,0.024,0.133521126760563,"CPD001_MCF7_24H:BRD-K77685957-300-06-7:10","MCF7","Dequalinium dichloride","BRD-K77685957","trt_cp",10,"24","h","CPD001_MCF7_24H","1","NULL","dequalinium","epsilon","population"
"377","91870",-0.676073619631902,0.026,0.142638888888889,"CPC020_A549_6H:BRD-K81418486:10","A549","vorinostat","BRD-K81418486","trt_cp",10,"6","h","CPC020_A549_6H","1","NULL","vorinostat","epsilon","population"
"57","166122",-0.675289706884799,0.028,0.151506849315068,"ERG011_VCAP_6H:BRD-K82261406-001-03-8:2","VCAP","EWS-FLI-Inhibitor","BRD-K82261406","trt_cp",2,"6","h","ERG011_VCAP_6H","1","NULL","anisomycin","epsilon","population"
"60","167105",-0.673892297205181,0.029,0.154797297297297,"ERG011_VCAP_24H:BRD-K03406345-001-12-0:10","VCAP","EWS-FLI-Inhibitor","BRD-K03406345","trt_cp",10,"24","h","ERG011_VCAP_24H","1","NULL","azacitidine","epsilon","population"
"334","79211",-0.672460804362645,0.03,0.158,"CPC014_MCF7_6H:BRD-K56957086-001-02-2:10","MCF7","-666","BRD-K56957086","trt_cp",10,"6","h","CPC014_MCF7_6H","1","NULL","dacinostat","epsilon","population"
"19","111510",-0.670109066121336,0.032,0.166315789473684,"CVD001_HUH7_24H:BRD-K37312348-001-05-1:3.825","HUH7","-666","BRD-K37312348","trt_cp",3.825,"24","h","CVD001_HUH7_24H","1","NULL","kenpaullone","epsilon","population"
"12","103944",-0.655419222903886,0.036,0.18,"CPC020_PC3_24H:BRD-K21680192-003-15-1:10","PC3","mitoxantrone","BRD-K21680192","trt_cp",10,"24","h","CPC020_PC3_24H","1","NULL","mitoxantrone","epsilon","population"
"296","69312",-0.655248807089298,0.036,0.18,"CPC009_VCAP_6H:BRD-A67981824-236-01-2:10","VCAP","cefotaxime","BRD-A67981824","trt_cp",10,"6","h","CPC009_VCAP_6H","1","NULL","cefotaxime","epsilon","population"
"99","23151",-0.655146557600545,0.036,0.18,"CPC006_HCT116_6H:BRD-A79465854-001-01-3:10","HCT116","auranofin","BRD-A79465854","trt_cp",10,"6","h","CPC006_HCT116_6H","1","NULL","auranofin","epsilon","population"
"241","441892",-0.65357873210634,0.037,0.1826875,"HOG003_MCF7_24H:BRD-K60230970-001-04-3:10.5126","MCF7","MG-132","BRD-K60230970","trt_cp",10.5126,"24","h","HOG003_MCF7_24H","1","NULL","MG-132","epsilon","population"
"159","325434",-0.65095432856169,0.038,0.185308641975309,"LJP002_MCF10A_6H:BRD-K94176593-001-03-7:10","MCF10A","TWS119","BRD-K94176593","trt_cp",10,"6","h","LJP002_MCF10A_6H","1","NULL","TWS-119","epsilon","population"
"289","6539",-0.649147920927062,0.04,0.188095238095238,"CPC002_HCC515_6H:BRD-K91263825-001-03-6:10","HCC515","NORTRIPTYLINE","BRD-K91263825","trt_cp",10,"6","h","CPC002_HCC515_6H","1","NULL","nortriptyline","epsilon","population"
"136","3160",-0.646625766871166,0.04,0.188095238095238,"CPC002_HA1E_6H:BRD-K97399794-001-08-8:10","HA1E","Quercetin","BRD-K97399794","trt_cp",10,"6","h","CPC002_HA1E_6H","1","NULL","quercetin","epsilon","population"
"78","18136",-0.646080436264485,0.04,0.188095238095238,"CPC006_A549_6H:BRD-A19037878:10","A549","trichostatin-a","BRD-A19037878","trt_cp",10,"6","h","CPC006_A549_6H","1","NULL","trichostatin-a","epsilon","population"
"70","17565",-0.644342194955692,0.041,0.188313953488372,"CPC006_A375_24H:BRD-K92241597-001-02-9:80","A375","CHR 2797","BRD-K92241597","trt_cp",80,"24","h","CPC006_A375_24H","1","NULL","tosedostat","epsilon","population"
"32","11866",-0.643830947511929,0.041,0.188313953488372,"CPC004_PC3_6H:BRD-A48237631-001-03-0:10","PC3","MITOMYCIN C","BRD-A48237631","trt_cp",10,"6","h","CPC004_PC3_6H","1","NULL","mitomycin-c","epsilon","population"
"38","137934",-0.633265167007498,0.044,0.193627450980392,"DOS020_VCAP_24H:BRD-A79768653:10","VCAP","sirolimus","BRD-A79768653","trt_cp",10,"24","h","DOS020_VCAP_24H","1","NULL","sirolimus","epsilon","population"
"149","323352",-0.63186775732788,0.044,0.193627450980392,"LJP001_HS578T_6H:BRD-K57080016-001-08-4:0.4","HS578T","AZD6244:Selumetinib, Array142886","BRD-K57080016","trt_cp",0.4,"6","h","LJP001_HS578T_6H","1","NULL","selumetinib","epsilon","population"
"121","27121",-0.631288343558282,0.044,0.193627450980392,"CPC006_MDST8_6H:BRD-K68336408-001-04-2:56.78","MDST8","Tyrphostin AG 1478","BRD-K68336408","trt_cp",56.78,"6","h","CPC006_MDST8_6H","1","NULL","tyrphostin-AG-1478","epsilon","population"
"20","111544",-0.620177232447171,0.047,0.193627450980392,"CVD001_HUH7_24H:BRD-K47869605-001-18-9:2.5","HUH7","-666","BRD-K47869605","trt_cp",2.5,"24","h","CVD001_HUH7_24H","1","NULL","podophyllotoxin","epsilon","population"
"305","72050",-0.619427402862986,0.047,0.193627450980392,"CPC014_A375_6H:BRD-K19687926-379-01-7:10","A375","HY-50898","BRD-K19687926","trt_cp",10,"6","h","CPC014_A375_6H","1","NULL","lapatinib","epsilon","population"
"129","2987",-0.618200408997955,0.049,0.193627450980392,"CPC001_HA1E_6H:BRD-K86958018-001-01-9:10","HA1E","Olvanil","BRD-K86958018","trt_cp",10,"6","h","CPC001_HA1E_6H","1","NULL","olvanil","epsilon","population"
"372","9032",-0.617552828902522,0.049,0.193627450980392,"CPC004_HEPG2_6H:BRD-A58564983-001-03-8:10","HEPG2","SELAMECTIN","BRD-A58564983","trt_cp",10,"6","h","CPC004_HEPG2_6H","1","NULL","selamectin","epsilon","population"
"179","329338",-0.616973415132924,0.049,0.193627450980392,"LJP001_MDAMB231_24H:BRD-K56343971-001-04-9:0.4","MDAMB231","PLX4032:RG7204, R7204, RO5185426,","BRD-K56343971","trt_cp",0.4,"24","h","LJP001_MDAMB231_24H","1","NULL","vemurafenib","epsilon","population"
"211","3673",-0.616428084526244,0.049,0.193627450980392,"CPC001_HA1E_24H:BRD-K68336408-001-03-4:10","HA1E","AG-1478","BRD-K68336408","trt_cp",10,"24","h","CPC001_HA1E_24H","1","NULL","tyrphostin-AG-1478","epsilon","population"
"67","17359",-0.612201772324472,0.049,0.193627450980392,"CPC006_A375_6H:BRD-K12502280-001-01-5:11.1","A375","TG101348","BRD-K12502280","trt_cp",11.1,"6","h","CPC006_A375_6H","1","NULL","TG-101348","epsilon","population"
"49","1502",-0.611417859577369,0.049,0.193627450980392,"CPC005_A549_24H:BRD-K54095730-001-01-5:10","A549","CMPD-1","BRD-K54095730","trt_cp",10,"24","h","CPC005_A549_24H","1","NULL","CMPD-1","epsilon","population"
"28","115202",-0.60974778459441,0.049,0.193627450980392,"CPD002_PC3_24H:BRD-A19952358-001-07-1:10","PC3","Closantel","BRD-A19952358","trt_cp",10,"24","h","CPD002_PC3_24H","1","NULL","closantel","epsilon","population"
"306","72111",-0.60892978868439,0.05,0.193627450980392,"CPC014_A375_6H:BRD-K13514097-001-01-2:10","A375","S1120","BRD-K13514097","trt_cp",10,"6","h","CPC014_A375_6H","1","NULL","everolimus","epsilon","population"
"178","329323",-0.60879345603272,0.05,0.193627450980392,"LJP001_MDAMB231_24H:BRD-K64800655-001-03-3:10","MDAMB231","PHA-793887","BRD-K64800655","trt_cp",10,"24","h","LJP001_MDAMB231_24H","1","NULL","PHA-793887","epsilon","population"
"233","439659",-0.608588957055215,0.05,0.193627450980392,"DOSBIO001_HT29_24H:BRD-A19500257:0.37037","HT29","geldanamycin","BRD-A19500257","trt_cp",0.37037,"24","h","DOSBIO001_HT29_24H","1","NULL","geldanamycin","epsilon","population"
"16","1064",-0.607702794819359,0.05,0.193627450980392,"CPC005_A375_24H:BRD-A62021152-003-01-8:10","A375","WAY 161503 hydrochloride","BRD-A62021152","trt_cp",10,"24","h","CPC005_A375_24H","1","NULL","WAY-161503","epsilon","population"
"290","66118",-0.599795501022495,0.053,0.203252427184466,"CPC010_PC3_6H:BRD-K70578146-001-03-4:10","PC3","dactinomycin","BRD-K70578146","trt_cp",10,"6","h","CPC010_PC3_6H","1","NULL","dactinomycin","epsilon","population"
"346","8273",-0.597409679618269,0.054,0.205096153846154,"CPC004_HCC515_24H:BRD-A27887842-001-03-2:10","HCC515","PREDNISOLONE","BRD-A27887842","trt_cp",10,"24","h","CPC004_HCC515_24H","1","NULL","prednisolone","epsilon","population"
"18","11133",-0.589945466939332,0.062,0.232570093457944,"CPC004_PC3_6H:BRD-A22032524-074-04-0:10","PC3","AMLODIPINE BESYLATE","BRD-A22032524","trt_cp",10,"6","h","CPC004_PC3_6H","1","NULL","amlodipine","epsilon","population"
"273","54481",-0.588445807770961,0.063,0.232570093457944,"CPC011_A375_6H:BRD-K93880783-001-20-9:10","A375","stavudine","BRD-K93880783","trt_cp",10,"6","h","CPC011_A375_6H","1","NULL","stavudine","epsilon","population"
"240","441832",-0.588275391956374,0.063,0.232570093457944,"HOG003_MCF7_24H:BRD-K94920105-001-01-3:10","MCF7","DR-2313","BRD-K94920105","trt_cp",10,"24","h","HOG003_MCF7_24H","1","NULL","DR-2313","epsilon","population"
"155","324533",-0.584185412406271,0.067,0.242798165137615,"LJP001_HS578T_24H:BRD-K20285085-001-03-0:2","HS578T","R406","BRD-K20285085","trt_cp",2,"24","h","LJP001_HS578T_24H","1","NULL","fostamatinib","epsilon","population"
"139","321773",-0.583469665985003,0.067,0.242798165137615,"LJP001_BT20_6H:BRD-K76908866-001-03-5:0.4","BT20","CP724714","BRD-K76908866","trt_cp",0.4,"6","h","LJP001_BT20_6H","1","NULL","CP-724714","epsilon","population"
"190","332862",-0.582890252215406,0.068,0.244181818181818,"NMH002_FIBRNPC_24H:BRD-A50287119-001-01-5:10","FIBRNPC","Rapamycin","BRD-A50287119","trt_cp",10,"24","h","NMH002_FIBRNPC_24H","1","NULL","sirolimus","epsilon","population"
"376","9124",-0.581152010906612,0.069,0.245540540540541,"CPC005_HT29_6H:BRD-A65145453-001-02-0:10","HT29","ATPA","BRD-A65145453","trt_cp",10,"6","h","CPC005_HT29_6H","1","NULL","ATPA","epsilon","population"
"339","80446",-0.575835037491479,0.073,0.255176991150442,"CPC015_MCF7_24H:BRD-K19352500-070-05-8:10","MCF7","-666","BRD-K19352500","trt_cp",10,"24","h","CPC015_MCF7_24H","1","NULL","prochlorperazine","epsilon","population"
"231","436237",-0.575630538513974,0.073,0.255176991150442,"CPC006_H1299_6H:BRD-K59184148-001-04-2:10","H1299","SB 216763","BRD-K59184148","trt_cp",10,"6","h","CPC006_H1299_6H","1","NULL","SB-216763","epsilon","population"
"23","112754",-0.574233128834356,0.074,0.25640350877193,"DEB001_MCF7_6H:BRD-A19500257-001-04-7:10","MCF7","geldanamycin","BRD-A19500257","trt_cp",10,"6","h","DEB001_MCF7_6H","1","NULL","geldanamycin","epsilon","population"
"22","112059",-0.572972051806408,0.075,0.256581196581197,"CPD002_MCF7_6H:BRD-K78643075-001-08-2:10","MCF7","Bromperidol","BRD-K78643075","trt_cp",10,"6","h","CPD002_MCF7_6H","1","NULL","bromperidol","epsilon","population"
"323","76050",-0.572188139059305,0.076,0.256581196581197,"CPC014_HCC515_6H:BRD-K50168500-001-01-2:10","HCC515","S1019","BRD-K50168500","trt_cp",10,"6","h","CPC014_HCC515_6H","1","NULL","canertinib","epsilon","population"
"88","20304",-0.571915473755965,0.076,0.256581196581197,"CPC006_COV644_6H:BRD-A79768653-001-02-1:10","COV644","sirolimus","BRD-A79768653","trt_cp",10,"6","h","CPC006_COV644_6H","1","NULL","sirolimus","epsilon","population"
"210","365945",-0.569256987048398,0.079,0.260041666666667,"RAD001_PC3_6H:BRD-K37890730-001-10-2:10","PC3","CAMPTOTHECIN","BRD-K37890730","trt_cp",10,"6","h","RAD001_PC3_6H","1","NULL","camptothecin","epsilon","population"
"255","453999",-0.568779822767553,0.079,0.260041666666667,"ERG012_VCAP_6H:BRD-K81418486-001-15-2:0.08","VCAP","vorinostat","BRD-K81418486","trt_cp",0.08,"6","h","ERG012_VCAP_6H","1","NULL","vorinostat","epsilon","population"
"35","12890",-0.568438991138378,0.079,0.260041666666667,"CPC003_PC3_24H:BRD-K71059170-001-02-5:10","PC3","Cefixime","BRD-K71059170","trt_cp",10,"24","h","CPC003_PC3_24H","1","NULL","cefixime","epsilon","population"
"169","327886",-0.565882753919564,0.081,0.262254098360656,"LJP001_MCF7_24H:BRD-A45498368-001-03-0:0.08","MCF7","WYE-125132","BRD-A45498368","trt_cp",0.08,"24","h","LJP001_MCF7_24H","1","NULL","WYE-125132","epsilon","population"
"85","19948",-0.565405589638718,0.081,0.262254098360656,"CPC006_CORL23_6H:BRD-A19037878:10","CORL23","trichostatin-a","BRD-A19037878","trt_cp",10,"6","h","CPC006_CORL23_6H","1","NULL","trichostatin-a","epsilon","population"
"123","27997",-0.562133605998637,0.085,0.270766129032258,"CPC006_NCIH2073_6H:BRD-K00615600-001-06-1:25","NCIH2073","AG14361","BRD-K00615600","trt_cp",25,"6","h","CPC006_NCIH2073_6H","1","NULL","AG-14361","epsilon","population"
"244","442421",-0.557941376959782,0.085,0.270766129032258,"HOG001_MCF7_24H:BRD-K68202742-001-10-8:0.013","MCF7","trichostatin-a","BRD-K68202742","trt_cp",0.013,"24","h","HOG001_MCF7_24H","1","NULL","trichostatin-a","epsilon","population"
"217","4106",-0.556100886162236,0.089,0.28124,"CPC001_HA1E_24H:BRD-K23478508-001-03-7:10","HA1E","Digoxin","BRD-K23478508","trt_cp",10,"24","h","CPC001_HA1E_24H","1","NULL","digoxin","epsilon","population"
"79","18280",-0.551704158145876,0.094,0.292362204724409,"CPC006_A549_24H:BRD-K47983010-001-02-1:10","A549","BX-795","BRD-K47983010","trt_cp",10,"24","h","CPC006_A549_24H","1","NULL","BX-795","epsilon","population"
"86","19954",-0.550920245398773,0.094,0.292362204724409,"CPC006_CORL23_6H:BRD-A75409952:10","CORL23","wortmannin","BRD-A75409952","trt_cp",10,"6","h","CPC006_CORL23_6H","1","NULL","wortmannin","epsilon","population"
"81","1879",-0.549625085207907,0.095,0.2931640625,"CPC004_HA1E_6H:BRD-K17561142-003-16-8:10","HA1E","AMIODARONE HYDROCHLORIDE","BRD-K17561142","trt_cp",10,"6","h","CPC004_HA1E_6H","1","NULL","amiodarone","epsilon","population"
"205","355911",-0.546319018404908,0.101,0.309263565891473,"NMH002_NPC_24H:BRD-K64994968-001-24-2:10","NPC","Progesterone","BRD-K64994968","trt_cp",10,"24","h","NMH002_NPC_24H","1","NULL","progesterone","epsilon","population"
"47","149737",-0.545398773006135,0.103,0.312961538461538,"DOS049_HT29_24H:BRD-A19037878:10","HT29","trichostatin-a","BRD-A19037878","trt_cp",10,"24","h","DOS049_HT29_24H","1","NULL","trichostatin-a","epsilon","population"
"394","99933",-0.544751192910702,0.104,0.313587786259542,"CPC017_MCF7_24H:BRD-K28761384-003-03-6:10","MCF7","-666","BRD-K28761384","trt_cp",10,"24","h","CPC017_MCF7_24H","1","NULL","zuclopenthixol","epsilon","population"
"171","328540",-0.541308793456033,0.109,0.326174242424242,"LJP001_MDAMB231_6H:BRD-K78431006-001-04-5:10","MDAMB231","PF02341066:Crizotinib","BRD-K78431006","trt_cp",10,"6","h","LJP001_MDAMB231_6H","1","NULL","crizotinib","epsilon","population"
"361","87735",-0.539366053169734,0.112,0.332631578947368,"CPC014_VCAP_6H:BRD-K68174511-001-01-7:10","VCAP","-666","BRD-K68174511","trt_cp",10,"6","h","CPC014_VCAP_6H","1","NULL","torin-2","epsilon","population"
"92","20916",-0.534492160872529,0.115,0.338992537313433,"CPC006_EFO27_6H:BRD-A19633847-050-20-6:10","EFO27","PERHEXILINE MALEATE","BRD-A19633847","trt_cp",10,"6","h","CPC006_EFO27_6H","1","NULL","perhexiline","epsilon","population"
"299","70865",-0.533197000681663,0.117,0.34021897810219,"CPC011_VCAP_24H:BRD-A52282606-001-05-5:10","VCAP","lacidipine","BRD-A52282606","trt_cp",10,"24","h","CPC011_VCAP_24H","1","NULL","lacidipine","epsilon","population"
"118","260",-0.532481254260395,0.118,0.34021897810219,"CPC005_A375_6H:BRD-K66093087-001-02-3:10","A375","FGIN-1-43","BRD-K66093087","trt_cp",10,"6","h","CPC005_A375_6H","1","NULL","FGIN-1-43","epsilon","population"
"344","82686",-0.531526925698705,0.118,0.34021897810219,"CPC016_NPC_24H:BRD-A35588707-001-03-0:10","NPC","-666","BRD-A35588707","trt_cp",10,"24","h","CPC016_NPC_24H","1","NULL","teniposide","epsilon","population"
"274","54506",-0.528561690524881,0.12,0.341007194244604,"CPC011_A375_6H:BRD-K55696337-003-16-0:10","A375","topotecan hcl","BRD-K55696337","trt_cp",10,"6","h","CPC011_A375_6H","1","NULL","topotecan","epsilon","population"
"148","323341",-0.528493524199046,0.12,0.341007194244604,"LJP001_HS578T_6H:BRD-K19540840-001-04-5:0.08","HS578T","AZD0530:Saracatinib","BRD-K19540840","trt_cp",0.08,"6","h","LJP001_HS578T_6H","1","NULL","saracatinib","epsilon","population"
"102","23555",-0.525357873210634,0.125,0.350177304964539,"CPC006_HEC108_6H:BRD-K81418486-001-13-7:11.1","HEC108","vorinostat","BRD-K81418486","trt_cp",11.1,"6","h","CPC006_HEC108_6H","1","NULL","vorinostat","epsilon","population"
"188","332614",-0.525323790047716,0.125,0.350177304964539,"NMH002_FIBRNPC_24H:BRD-K04923131-001-11-3:10","FIBRNPC","BIO","BRD-K04923131","trt_cp",10,"24","h","NMH002_FIBRNPC_24H","1","NULL","GSK-3-inhibitor-IX","epsilon","population"
"36","130411",-0.52307430129516,0.126,0.350492957746479,"DOS030_VCAP_6H:BRD-A19037878:10","VCAP","trichostatin-a","BRD-A19037878","trt_cp",10,"6","h","DOS030_VCAP_6H","1","NULL","trichostatin-a","epsilon","population"
"358","8675",-0.522017723244717,0.129,0.351413793103448,"CPC003_HCC515_24H:BRD-K08996725-313-01-7:10","HCC515","Zolantidine dimaleate","BRD-K08996725","trt_cp",10,"24","h","CPC003_HCC515_24H","1","NULL","zolantidine","epsilon","population"
"104","23695",-0.521676891615542,0.129,0.351413793103448,"CPC006_HEPG2_6H:BRD-M86331534-373-01-5:10","HEPG2","BJM-ctd2-9","BRD-M86331534","trt_cp",10,"6","h","CPC006_HEPG2_6H","1","NULL","pyrvinium-pamoate","epsilon","population"
"385","94922",-0.520858895705522,0.129,0.351413793103448,"CPC020_HCC515_6H:BRD-K55044200-001-11-2:10","HCC515","amoxicillin crystalline","BRD-K55044200","trt_cp",10,"6","h","CPC020_HCC515_6H","1","NULL","amoxicillin","epsilon","population"
"237","441010",-0.513701431492843,0.138,0.37097972972973,"HOG002_MCF7_24H:BRD-K12762134-001-01-3:1.2333","MCF7","-666","BRD-K12762134","trt_cp",1.2333,"24","h","HOG002_MCF7_24H","1","NULL","XAV-939","epsilon","population"
"390","9851",-0.509713701431493,0.139,0.37097972972973,"CPC005_HT29_24H:BRD-A15034104-002-03-6:10","HT29","Bergenin monohydrate","BRD-A15034104","trt_cp",10,"24","h","CPC005_HT29_24H","1","NULL","bergenin","epsilon","population"
"259","49467",-0.507736877982277,0.139,0.37097972972973,"CPC006_T3M10_6H:BRD-K68185022-001-06-4:70.07","T3M10","Ursolic Acid","BRD-K68185022","trt_cp",70.07,"6","h","CPC006_T3M10_6H","1","NULL","ursolic-acid","epsilon","population"
"198","337744",-0.497818677573279,0.15,0.397651006711409,"MUC.CP004_MCF7_24H:BRD-K77987382-001-08-2:40","MCF7","mebendazole","BRD-K77987382","trt_cp",40,"24","h","MUC.CP004_MCF7_24H","1","NULL","mebendazole","epsilon","population"
"380","92648",-0.495296523517382,0.152,0.400266666666667,"CPC017_A549_24H:BRD-K62289640-003-01-9:10","A549","-666","BRD-K62289640","trt_cp",10,"24","h","CPC017_A549_24H","1","NULL","lylamine","epsilon","population"
"207","361451",-0.493149284253579,0.155,0.40546357615894,"RAD001_A549_6H:BRD-K01228321-318-03-5:0.0412","A549","-666","BRD-K01228321","trt_cp",0.0412,"6","h","RAD001_A549_6H","1","NULL","cisplatin","epsilon","population"
"252","450589",-0.490865712338105,0.158,0.410592105263158,"AML001_U937_24H:BRD-A19037878:3.33333","U937","TRICHOSTATIN_A","BRD-A19037878","trt_cp",3.33333,"24","h","AML001_U937_24H","1","NULL","trichostatin-a","epsilon","population"
"138","321688",-0.487048398091343,0.16,0.413071895424837,"LJP001_BT20_6H:BRD-K19540840-001-04-5:2","BT20","AZD0530:Saracatinib","BRD-K19540840","trt_cp",2,"6","h","LJP001_BT20_6H","1","NULL","saracatinib","epsilon","population"
"387","96274",-0.484901158827539,0.163,0.418084415584416,"CPC018_HT29_6H:BRD-A46747628-001-01-9:10","HT29","-666","BRD-A46747628","trt_cp",10,"6","h","CPC018_HT29_6H","1","NULL","ouabain","epsilon","population"
"51","153873",-0.482481254260395,0.166,0.423032258064516,"DOS046_PC3_24H:BRD-A19500257:10","PC3","geldanamycin","BRD-A19500257","trt_cp",10,"24","h","DOS046_PC3_24H","1","NULL","geldanamycin","epsilon","population"
"350","84351",-0.478561690524881,0.173,0.438044871794872,"CPC014_PC3_6H:BRD-K94294671-003-01-3:10","PC3","A-1065","BRD-K94294671","trt_cp",10,"6","h","CPC014_PC3_6H","1","NULL","OSI-027","epsilon","population"
"222","432959",-0.476278118609407,0.176,0.442201257861635,"HOG002_A549_24H:BRD-K41859756-001-01-9:3.33","A549","-666","BRD-K41859756","trt_cp",3.33,"24","h","HOG002_A549_24H","1","NULL","NVP-AUY922","epsilon","population"
"65","17104",-0.473824130879346,0.177,0.442201257861635,"CPC006_A375_6H:BRD-K41859756-001-01-9:10","A375","-666","BRD-K41859756","trt_cp",10,"6","h","CPC006_A375_6H","1","NULL","NVP-AUY922","epsilon","population"
"192","334218",-0.47293796864349,0.178,0.442201257861635,"MUC.CP006_MCF7_6H:BRD-K49049886-001-03-8:20","MCF7","CGS-15943","BRD-K49049886","trt_cp",20,"6","h","MUC.CP006_MCF7_6H","1","NULL","CGS-15943","epsilon","population"
"275","54546",-0.463360599863667,0.188,0.464125,"CPC011_A375_6H:BRD-A75409952:10","A375","wortmannin","BRD-A75409952","trt_cp",10,"6","h","CPC011_A375_6H","1","NULL","wortmannin","epsilon","population"
"195","335802",-0.461758691206544,0.19,0.466149068322981,"MUC.CP003_MCF7_24H:BRD-K02407574-001-04-8:0.3704","MCF7","-666","BRD-K02407574","trt_cp",0.3704,"24","h","MUC.CP003_MCF7_24H","1","NULL","parbendazole","epsilon","population"
"343","82611",-0.459236537150647,0.195,0.475462962962963,"CPC013_NEU_24H:BRD-K68202742-001-05-8:10","NEU","trichostatin-a","BRD-K68202742","trt_cp",10,"24","h","CPC013_NEU_24H","1","NULL","trichostatin-a","epsilon","population"
"167","327264",-0.455760054533061,0.197,0.47739263803681,"LJP001_MCF7_24H:BRD-K13390322-001-02-2:2","MCF7","AT-7519:AT 7519","BRD-K13390322","trt_cp",2,"24","h","LJP001_MCF7_24H","1","NULL","AT-7519","epsilon","population"
"309","73019",-0.450477164280845,0.202,0.485969696969697,"CPC014_A549_6H:BRD-K18135438-001-08-4:10","A549","BL-053","BRD-K18135438","trt_cp",10,"6","h","CPC014_A549_6H","1","NULL","chenodeoxycholic-acid","epsilon","population"
"352","85187",-0.449795501022495,0.203,0.485969696969697,"CPC013_PC3_24H:BRD-K49328571-001-04-4:10","PC3","HY-10181","BRD-K49328571","trt_cp",10,"24","h","CPC013_PC3_24H","1","NULL","dasatinib","epsilon","population"
"248","4451",-0.447511929107021,0.207,0.487542857142857,"CPC002_HA1E_24H:BRD-K22010301-001-01-2:10","HA1E","JLK 6","BRD-K22010301","trt_cp",10,"24","h","CPC002_HA1E_24H","1","NULL","JLK-6","epsilon","population"
"369","8981",-0.445944103612815,0.209,0.487542857142857,"CPC004_HEPG2_6H:BRD-K75958195-037-04-5:10","HEPG2","PIZOTYLINE MALATE","BRD-K75958195","trt_cp",10,"6","h","CPC004_HEPG2_6H","1","NULL","pizotifen","epsilon","population"
"204","354697",-0.44573960463531,0.209,0.487542857142857,"NMH002_NEU_24H:BRD-K89732114-300-10-5:10","NEU","Trifluoperazine.2HCl","BRD-K89732114","trt_cp",10,"24","h","NMH002_NEU_24H","1","NULL","trifluoperazine","epsilon","population"
"338","80268",-0.44573960463531,0.21,0.487542857142857,"CPC015_MCF7_24H:BRD-A68930007-001-03-1:10","MCF7","-666","BRD-A68930007","trt_cp",10,"24","h","CPC015_MCF7_24H","1","NULL","ouabain","epsilon","population"
"298","700",-0.442399454669393,0.213,0.487542857142857,"CPC005_A375_6H:BRD-K48300629-001-03-8:10","A375","Zonisamide","BRD-K48300629","trt_cp",10,"6","h","CPC005_A375_6H","1","NULL","zonisamide","epsilon","population"
"349","84027",-0.441854124062713,0.214,0.487542857142857,"CPC014_NPC_24H:BRD-A75409952:10","NPC","wortmannin","BRD-A75409952","trt_cp",10,"24","h","CPC014_NPC_24H","1","NULL","wortmannin","epsilon","population"
"110","2450",-0.441820040899796,0.214,0.487542857142857,"CPC004_HA1E_6H:BRD-K09602097-001-04-5:10","HA1E","Forskolin","BRD-K09602097","trt_cp",10,"6","h","CPC004_HA1E_6H","1","NULL","forskolin","epsilon","population"
"43","14569",-0.4406612133606,0.215,0.487542857142857,"CPC003_VCAP_6H:BRD-K92093830-003-05-0:10","VCAP","Doxorubicin hydrochloride","BRD-K92093830","trt_cp",10,"6","h","CPC003_VCAP_6H","1","NULL","doxorubicin","epsilon","population"
"221","432499",-0.440081799591002,0.215,0.487542857142857,"BRAF001_A375_6H:BRD-K36862742-001-19-9:10","A375","hydro-flumethiazide","BRD-K36862742","trt_cp",10,"6","h","BRAF001_A375_6H","1","NULL","hydroflumethiazide","epsilon","population"
"69","17535",-0.438070892978868,0.216,0.487542857142857,"CPC006_A375_24H:BRD-K88560311-011-02-2:10","A375","AG-014699 (PF-01367338)","BRD-K88560311","trt_cp",10,"24","h","CPC006_A375_24H","1","NULL","rucaparib","epsilon","population"
"249","445270",-0.433026584867076,0.221,0.48768156424581,"DOSBIO001_NEU_24H:BRD-A75409952:1.11111","NEU","wortmannin","BRD-A75409952","trt_cp",1.11111,"24","h","DOSBIO001_NEU_24H","1","NULL","wortmannin","epsilon","population"
"374","9059",-0.432481254260395,0.221,0.48768156424581,"CPC004_HEPG2_6H:BRD-K80431395-001-02-4:10","HEPG2","TRICIRIBINE","BRD-K80431395","trt_cp",10,"6","h","CPC004_HEPG2_6H","1","NULL","triciribine","epsilon","population"
"134","3071",-0.432447171097478,0.221,0.48768156424581,"CPC003_HA1E_6H:BRD-K00312224-001-03-8:10","HA1E","PPT","BRD-K00312224","trt_cp",10,"6","h","CPC003_HA1E_6H","1","NULL","PPT","epsilon","population"
"276","55835",-0.430402181322427,0.221,0.48768156424581,"CPC011_A549_6H:BRD-K96471533-001-04-1:10","A549","nitazoxanide","BRD-K96471533","trt_cp",10,"6","h","CPC011_A549_6H","1","NULL","nitazoxanide","epsilon","population"
"76","17894",-0.426448534423994,0.228,0.49427807486631,"CPC006_A549_6H:BRD-K06854232-001-03-3:10","A549","AM580","BRD-K06854232","trt_cp",10,"6","h","CPC006_A549_6H","1","NULL","AM-580","epsilon","population"
"45","14664",-0.422699386503067,0.232,0.49427807486631,"CPC003_VCAP_6H:BRD-K28168037-001-01-3:10","VCAP","Fenretinide","BRD-K28168037","trt_cp",10,"6","h","CPC003_VCAP_6H","1","NULL","fenretinide","epsilon","population"
"333","78856",-0.422358554873892,0.232,0.49427807486631,"CPC016_MCF7_6H:BRD-A82656074-003-01-2:10","MCF7","-666","BRD-A82656074","trt_cp",10,"6","h","CPC016_MCF7_6H","1","NULL","naltrindole","epsilon","population"
"125","2838",-0.421847307430129,0.232,0.49427807486631,"CPC001_HA1E_6H:BRD-K09549677-300-01-8:10","HA1E","Mibefradil dihydrochloride","BRD-K09549677","trt_cp",10,"6","h","CPC001_HA1E_6H","1","NULL","mibefradil","epsilon","population"
"318","74194",-0.421813224267212,0.232,0.49427807486631,"CPC014_A549_24H:BRD-K49669041-001-02-7:10","A549","HY-11005","BRD-K49669041","trt_cp",10,"24","h","CPC014_A549_24H","1","NULL","BX-912","epsilon","population"
"283","59272",-0.419870483980914,0.234,0.49427807486631,"CPC010_HA1E_6H:BRD-K43736954-001-18-1:10","HA1E","cortisone","BRD-K43736954","trt_cp",10,"6","h","CPC010_HA1E_6H","1","NULL","cortisone","epsilon","population"
"272","54292",-0.418916155419223,0.234,0.49427807486631,"CPC010_A375_6H:BRD-K10860596-003-06-3:10","A375","granisetron hcl","BRD-K10860596","trt_cp",10,"6","h","CPC010_A375_6H","1","NULL","granisetron","epsilon","population"
"324","76274",-0.418745739604635,0.234,0.49427807486631,"CPC016_HEPG2_6H:BRD-A64977602-001-04-3:10","HEPG2","-666","BRD-A64977602","trt_cp",10,"6","h","CPC016_HEPG2_6H","1","NULL","mirtazapine","epsilon","population"
"260","5007",-0.414349011588275,0.239,0.502154255319149,"CPC004_HA1E_24H:BRD-K82941592-238-02-9:10","HA1E","ROSUVASTATIN CALCIUM","BRD-K82941592","trt_cp",10,"24","h","CPC004_HA1E_24H","1","NULL","rosuvastatin","epsilon","population"
"253","450716",-0.413122017723245,0.241,0.502539267015707,"AML001_U937_6H:BRD-A19500257:3.33333","U937","GELDANAMYCIN","BRD-A19500257","trt_cp",3.33333,"6","h","AML001_U937_6H","1","NULL","geldanamycin","epsilon","population"
"331","78359",-0.412099522835719,0.243,0.502539267015707,"CPC014_HT29_6H:BRD-K81528515-001-03-9:10","HT29","HY-10159","BRD-K81528515","trt_cp",10,"6","h","CPC014_HT29_6H","1","NULL","nilotinib","epsilon","population"
"395","99987",-0.411349693251534,0.243,0.502539267015707,"CPC018_MCF7_24H:BRD-K33882852-003-01-0:10","MCF7","-666","BRD-K33882852","trt_cp",10,"24","h","CPC018_MCF7_24H","1","NULL","ZK-93423","epsilon","population"
"186","331062",-0.409918200408998,0.246,0.505518134715026,"LJP002_SKBR3_24H:BRD-K02113016-001-05-5:10","SKBR3","KU-0059436;AZD2281;Olaparib","BRD-K02113016","trt_cp",10,"24","h","LJP002_SKBR3_24H","1","NULL","olaparib","epsilon","population"
"351","84586",-0.406100886162236,0.247,0.505518134715026,"CPC014_PC3_6H:BRD-K86930074-001-01-9:10","PC3","S1017","BRD-K86930074","trt_cp",10,"6","h","CPC014_PC3_6H","1","NULL","cediranib","epsilon","population"
"320","74571",-0.397511929107021,0.258,0.52273631840796,"CPC016_ASC_24H:BRD-K00662280-001-04-5:10","ASC","-666","BRD-K00662280","trt_cp",10,"24","h","CPC016_ASC_24H","1","NULL","CL-218872","epsilon","population"
"247","443585",-0.39642126789366,0.259,0.52273631840796,"HOG001_MCF7_6H:BRD-A75409952-001-01-6:10","MCF7","wortmannin","BRD-A75409952","trt_cp",10,"6","h","HOG001_MCF7_6H","1","NULL","wortmannin","epsilon","population"
"213","3857",-0.395637355146558,0.26,0.52273631840796,"CPC003_HA1E_24H:BRD-K17497770-001-01-0:10","HA1E","Butein","BRD-K17497770","trt_cp",10,"24","h","CPC003_HA1E_24H","1","NULL","butein","epsilon","population"
"185","330758",-0.392535787321063,0.262,0.52273631840796,"LJP001_SKBR3_24H:BRD-K19540840-001-04-5:0.4","SKBR3","AZD0530:Saracatinib","BRD-K19540840","trt_cp",0.4,"24","h","LJP001_SKBR3_24H","1","NULL","saracatinib","epsilon","population"
"202","34689",-0.389877300613497,0.264,0.52273631840796,"CPC005_VCAP_6H:BRD-A52660433-066-01-3:10","VCAP","Tetrindole mesylate","BRD-A52660433","trt_cp",10,"6","h","CPC005_VCAP_6H","1","NULL","tetrindole","epsilon","population"
"147","322947",-0.388036809815951,0.265,0.52273631840796,"LJP001_BT20_24H:BRD-A79768653-001-05-4:0.4","BT20","Rapamycin:Sirolimus","BRD-A79768653","trt_cp",0.4,"24","h","LJP001_BT20_24H","1","NULL","sirolimus","epsilon","population"
"24","113064",-0.387423312883436,0.266,0.52273631840796,"CPD003_MCF7_24H:BRD-K22901619-001-01-9:10","MCF7","Norgestimate","BRD-K22901619","trt_cp",10,"24","h","CPD003_MCF7_24H","1","NULL","norgestimate","epsilon","population"
"14","1049",-0.387252897068848,0.266,0.52273631840796,"CPC005_A375_24H:BRD-K95739795-001-01-1:10","A375","Tetrabenazine","BRD-K95739795","trt_cp",10,"24","h","CPC005_A375_24H","1","NULL","tetrabenazine","epsilon","population"
"216","4095",-0.386094069529652,0.271,0.527315270935961,"CPC002_HA1E_24H:BRD-K98521173-001-03-8:10","HA1E","Deoxycorticosterone","BRD-K98521173","trt_cp",10,"24","h","CPC002_HA1E_24H","1","NULL","desoxycortone","epsilon","population"
"285","61281",-0.386025903203817,0.271,0.527315270935961,"CPC013_HEPG2_6H:BRD-K31553034-001-01-4:10","HEPG2","S1456","BRD-K31553034","trt_cp",10,"6","h","CPC013_HEPG2_6H","1","NULL","zibotentan","epsilon","population"
"219","432479",-0.384764826175869,0.274,0.530539215686275,"PCLB001_A375_6H:BRD-K07572174-001-22-0:10","A375","curcumin","BRD-K07572174","trt_cp",10,"6","h","PCLB001_A375_6H","1","NULL","curcumin","epsilon","population"
"258","49155",-0.381663258350375,0.278,0.535658536585366,"CPC006_SW948_6H:BRD-A62025033-001-01-8:10","SW948","temsirolimus [CI779]","BRD-A62025033","trt_cp",10,"6","h","CPC006_SW948_6H","1","NULL","temsirolimus","epsilon","population"
"142","322559",-0.379925017041581,0.28,0.536893203883495,"LJP001_BT20_24H:BRD-K49328571-001-06-9:10","BT20","Dasatinib:BMS-354825, Sprycel, BMS354825","BRD-K49328571","trt_cp",10,"24","h","LJP001_BT20_24H","1","NULL","dasatinib","epsilon","population"
"119","26716",-0.366053169734151,0.294,0.558642857142857,"CPC006_MCF7_24H:BRD-A56592690-001-01-9:30","MCF7","PX12","BRD-A56592690","trt_cp",30,"24","h","CPC006_MCF7_24H","1","NULL","PX-12","epsilon","population"
"345","82706",-0.361145194274029,0.296,0.558642857142857,"CPC016_NPC_24H:BRD-A41995253-001-03-7:10","NPC","-666","BRD-A41995253","trt_cp",10,"24","h","CPC016_NPC_24H","1","NULL","brucine","epsilon","population"
"96","21821",-0.360838445807771,0.296,0.558642857142857,"CPC006_HCC15_6H:BRD-K95609758-001-02-9:10","HCC15","-666","BRD-K95609758","trt_cp",10,"6","h","CPC006_HCC15_6H","1","NULL","BMS-191011","epsilon","population"
"280","5910",-0.357123381049761,0.297,0.558642857142857,"CPC002_HCC515_6H:BRD-K18619710-001-03-7:10","HCC515","Digoxigenin","BRD-K18619710","trt_cp",10,"6","h","CPC002_HCC515_6H","1","NULL","digoxigenin","epsilon","population"
"180","329458",-0.341240627130198,0.309,0.57845971563981,"LJP001_MDAMB231_24H:BRD-K59369769-001-11-2:10","MDAMB231","VX680:Tozasertib, MK-0457","BRD-K59369769","trt_cp",10,"24","h","LJP001_MDAMB231_24H","1","NULL","tozasertib","epsilon","population"
"156","32483",-0.328289025221541,0.32,0.595255813953488,"CPC006_SKLU1_6H:BRD-K20285085-001-01-4:10","SKLU1","R406","BRD-K20285085","trt_cp",10,"6","h","CPC006_SKLU1_6H","1","NULL","fostamatinib","epsilon","population"
"101","23530",-0.322494887525562,0.323,0.595255813953488,"CPC006_HEC108_6H:BRD-A19500257:10","HEC108","geldanamycin","BRD-A19500257","trt_cp",10,"6","h","CPC006_HEC108_6H","1","NULL","geldanamycin","epsilon","population"
"332","78633",-0.320040899795501,0.324,0.595255813953488,"CPC015_HT29_6H:BRD-A06352418-001-15-0:10","HT29","TERFENADINE","BRD-A06352418","trt_cp",10,"6","h","CPC015_HT29_6H","1","NULL","terfenadine","epsilon","population"
"200","34",-0.319427402862986,0.324,0.595255813953488,"CPC004_A375_6H:BRD-A72758037-001-01-8:10","A375","ASIATIC ACID","BRD-A72758037","trt_cp",10,"6","h","CPC004_A375_6H","1","NULL","asiatic-acid","epsilon","population"
"347","83210",-0.283231083844581,0.355,0.649189814814815,"CPC015_NPC_24H:BRD-K66353228-001-08-8:10","NPC","-666","BRD-K66353228","trt_cp",10,"24","h","CPC015_NPC_24H","1","NULL","zoxazolamine","epsilon","population"
"301","71138",-0.274301295160191,0.361,0.655917431192661,"CPC016_A375_6H:BRD-A19661776-003-13-6:10","A375","-666","BRD-A19661776","trt_cp",10,"6","h","CPC016_A375_6H","1","NULL","mianserin","epsilon","population"
"263","5127",-0.272460804362645,0.362,0.655917431192661,"CPC005_HA1E_24H:BRD-A52588987-004-04-1:10","HA1E","SKF 83566 hydrobromide","BRD-A52588987","trt_cp",10,"24","h","CPC005_HA1E_24H","1","NULL","SKF-83566","epsilon","population"
"379","92637",-0.264894342194956,0.369,0.660112612612613,"CPC017_A549_24H:BRD-K60762818-003-15-3:10","A549","-666","BRD-K60762818","trt_cp",10,"24","h","CPC017_A549_24H","1","NULL","desipramine","epsilon","population"
"103","23637",-0.263360599863667,0.37,0.660112612612613,"CPC006_HEPG2_6H:BRD-K93754473-001-06-0:28.39","HEPG2","-666","BRD-K93754473","trt_cp",28.39,"6","h","CPC006_HEPG2_6H","1","NULL","tamoxifen","epsilon","population"
"25","114769",-0.262508520790729,0.371,0.660112612612613,"CPD003_PC3_6H:BRD-K37682401-001-07-7:10","PC3","Piromidic acid","BRD-K37682401","trt_cp",10,"6","h","CPD003_PC3_6H","1","NULL","piromidic-acid","epsilon","population"
"336","79705",-0.260395364689843,0.371,0.660112612612613,"CPC014_MCF7_6H:BRD-K43164539-001-05-7:10","MCF7","BL-051","BRD-K43164539","trt_cp",10,"6","h","CPC014_MCF7_6H","1","NULL","cholic-acid","epsilon","population"
"160","325449",-0.25521472392638,0.376,0.663035714285714,"LJP002_MCF10A_6H:BRD-K91900765-001-02-7:0.08","MCF10A","VX-745","BRD-K91900765","trt_cp",0.08,"6","h","LJP002_MCF10A_6H","1","NULL","VX-745","epsilon","population"
"381","9316",-0.252965235173824,0.376,0.663035714285714,"CPC004_HT29_6H:BRD-K14920963-304-01-9:10","HT29","ERYTHROSINE SODIUM","BRD-K14920963","trt_cp",10,"6","h","CPC004_HT29_6H","1","NULL","erythrosine","epsilon","population"
"287","63454",-0.248466257668712,0.381,0.668866666666667,"CPC011_MCF7_6H:BRD-K64994968-001-23-4:10","MCF7","progesterone","BRD-K64994968","trt_cp",10,"6","h","CPC011_MCF7_6H","1","NULL","progesterone","epsilon","population"
"187","331064",-0.243217450579414,0.384,0.671150442477876,"LJP002_SKBR3_24H:BRD-K02113016-001-05-5:0.4","SKBR3","KU-0059436;AZD2281;Olaparib","BRD-K02113016","trt_cp",0.4,"24","h","LJP002_SKBR3_24H","1","NULL","olaparib","epsilon","population"
"313","73496",-0.236639400136333,0.389,0.676894273127753,"CPC015_A549_24H:BRD-A98702003-304-03-0:10","A549","-666","BRD-A98702003","trt_cp",10,"24","h","CPC015_A549_24H","1","NULL","carbenoxolone","epsilon","population"
"56","16611",-0.228425357873211,0.395,0.681331877729258,"CPC003_VCAP_24H:BRD-K00312224-001-03-8:10","VCAP","PPT","BRD-K00312224","trt_cp",10,"24","h","CPC003_VCAP_24H","1","NULL","PPT","epsilon","population"
"13","104309",-0.226448534423994,0.395,0.681331877729258,"CPC017_PHH_24H:BRD-K15791587-003-01-7:10","PHH","-666","BRD-K15791587","trt_cp",10,"24","h","CPC017_PHH_24H","1","NULL","L-733060","epsilon","population"
"127","29423",-0.202828902522154,0.415,0.712717391304348,"CPC006_OV7_6H:BRD-A31107743-001-01-3:0.09","OV7","89671","BRD-A31107743","trt_cp",0.09,"6","h","CPC006_OV7_6H","1","NULL","brefeldin-a","epsilon","population"
"145","322782",-0.197818677573279,0.421,0.717655677655678,"LJP001_BT20_24H:BRD-K79404599-001-05-1:0.08","BT20","LY317615:Enzastaurin","BRD-K79404599","trt_cp",0.08,"24","h","LJP001_BT20_24H","1","NULL","enzastaurin","epsilon","population"
"321","74751",-0.193660531697342,0.425,0.717655677655678,"CPC015_ASC_24H:BRD-K40887525-001-14-4:10","ASC","-666","BRD-K40887525","trt_cp",10,"24","h","CPC015_ASC_24H","1","NULL","ritanserin","epsilon","population"
"393","99597",-0.191581458759373,0.426,0.717655677655678,"CPC017_MCF7_24H:BRD-A98378129-001-01-4:10","MCF7","-666","BRD-A98378129","trt_cp",10,"24","h","CPC017_MCF7_24H","1","NULL","talniflumate","epsilon","population"
"353","8547",-0.180163599182004,0.432,0.717655677655678,"CPC004_HCC515_24H:BRD-K09631521-001-05-7:10","HCC515","THIOTEPA","BRD-K09631521","trt_cp",10,"24","h","CPC004_HCC515_24H","1","NULL","thiotepa","epsilon","population"
"75","17850",-0.179856850715746,0.432,0.717655677655678,"CPC006_A549_6H:BRD-K96799727-001-02-5:10","A549","-666","BRD-K96799727","trt_cp",10,"6","h","CPC006_A549_6H","1","NULL","pifithrin-mu","epsilon","population"
"6","102021",-0.176346284935242,0.435,0.717655677655678,"CPC018_NPC_24H:BRD-K51318897-001-07-0:10","NPC","-666","BRD-K51318897","trt_cp",10,"24","h","CPC018_NPC_24H","1","NULL","fenbendazole","epsilon","population"
"168","32739",-0.166973415132924,0.443,0.717655677655678,"CPC006_SKM1_6H:BRD-K76964878-001-01-8:24","SKM1","EX 527","BRD-K76964878","trt_cp",24,"6","h","CPC006_SKM1_6H","1","NULL","EX-527","epsilon","population"
"230","436078",-0.166564417177914,0.443,0.717655677655678,"CPC006_H1299_6H:BRD-K70792160-003-02-0:24","H1299","Akt inhibitor X","BRD-K70792160","trt_cp",24,"6","h","CPC006_H1299_6H","1","NULL","10-DEBC","epsilon","population"
"356","8613",-0.156850715746421,0.448,0.717655677655678,"CPC002_HCC515_24H:BRD-K50325075-001-01-3:10","HCC515","UCL 2077","BRD-K50325075","trt_cp",10,"24","h","CPC002_HCC515_24H","1","NULL","UCL-2077","epsilon","population"
"189","332857",-0.156305385139741,0.448,0.717655677655678,"NMH002_FIBRNPC_24H:BRD-K97399794-001-12-0:10","FIBRNPC","Quercetin","BRD-K97399794","trt_cp",10,"24","h","NMH002_FIBRNPC_24H","1","NULL","quercetin","epsilon","population"
"215","3976",-0.152794819359237,0.449,0.717655677655678,"CPC002_HA1E_24H:BRD-K54142781-003-02-7:10","HA1E","Cirazoline hydrochloride","BRD-K54142781","trt_cp",10,"24","h","CPC002_HA1E_24H","1","NULL","cirazoline","epsilon","population"
"315","73666",-0.148398091342877,0.449,0.717655677655678,"CPC015_A549_24H:BRD-K38323065-001-09-0:10","A549","-666","BRD-K38323065","trt_cp",10,"24","h","CPC015_A549_24H","1","NULL","phenacetin","epsilon","population"
"294","66396",-0.145773687798228,0.453,0.717655677655678,"CPC011_PC3_6H:BRD-A41450521-075-09-0:10","PC3","tosufloxacin","BRD-A41450521","trt_cp",10,"6","h","CPC011_PC3_6H","1","NULL","tosufloxacin","epsilon","population"
"201","340084",-0.138548057259714,0.457,0.717655677655678,"MUC.CP002_NKDBA_24H:BRD-K60230970-001-10-0:1.1111","NKDBA","SA2688462","BRD-K60230970","trt_cp",1.1111,"24","h","MUC.CP002_NKDBA_24H","1","NULL","MG-132","epsilon","population"
"94","21534",-0.138275391956374,0.458,0.717655677655678,"CPC006_HA1E_24H:BRD-K98530306-003-07-6:10","HA1E","CLONIDINE HYDROCHLORIDE","BRD-K98530306","trt_cp",10,"24","h","CPC006_HA1E_24H","1","NULL","clonidine","epsilon","population"
"214","39374",-0.134764826175869,0.459,0.717655677655678,"CPC009_HA1E_6H:BRD-A74500471-001-14-8:10","HA1E","ethambutol","BRD-A74500471","trt_cp",10,"6","h","CPC009_HA1E_6H","1","NULL","ethambutol","epsilon","population"
"68","17529",-0.134049079754601,0.459,0.717655677655678,"CPC006_A375_24H:BRD-K56301217-001-01-7:11.1","A375","A112550.cdx","BRD-K56301217","trt_cp",11.1,"24","h","CPC006_A375_24H","1","NULL","ABT-737","epsilon","population"
"54","1627",-0.111281526925699,0.471,0.717655677655678,"CPC005_A549_24H:BRD-A85472596-001-01-4:10","A549","L 670596","BRD-A85472596","trt_cp",10,"24","h","CPC005_A549_24H","1","NULL","L-670596","epsilon","population"
"55","165985",-0.0968643490115882,0.474,0.717655677655678,"ERG011_VCAP_6H:BRD-K57080016-001-09-2:0.4","VCAP","AZD-6244","BRD-K57080016","trt_cp",0.4,"6","h","ERG011_VCAP_6H","1","NULL","selumetinib","epsilon","population"
"26","114907",-0.0956714383094752,0.474,0.717655677655678,"CPD003_PC3_6H:BRD-K89104321-003-10-6:10","PC3","THIP Hydrochloride","BRD-K89104321","trt_cp",10,"6","h","CPD003_PC3_6H","1","NULL","gaboxadol","epsilon","population"
"257","47964",-0.0920927062031356,0.475,0.717655677655678,"CPC006_SNUC5_6H:BRD-K67868012-003-01-5:11.1","SNUC5","PI 103 hydrochloride","BRD-K67868012","trt_cp",11.1,"6","h","CPC006_SNUC5_6H","1","NULL","PI-103","epsilon","population"
"254","452429",-0.0893319700068167,0.475,0.717655677655678,"ERG015_VCAP_24H:BRD-A19037878-001-01-5:0.4","VCAP","trichostatin-a","BRD-A19037878","trt_cp",0.4,"24","h","ERG015_VCAP_24H","1","NULL","trichostatin-a","epsilon","population"
"239","441081",-0.0865371506475801,0.476,0.717655677655678,"HOG002_MCF7_24H:BRD-K18910433-001-19-2:3.3333","MCF7","17b-estradiol","BRD-K18910433","trt_cp",3.3333,"24","h","HOG002_MCF7_24H","1","NULL","estradiol","epsilon","population"
"242","442346",-0.0802658486707567,0.476,0.717655677655678,"HOG001_MCF7_24H:BRD-K50128260-001-01-6:0.3704","MCF7","sildenafil","BRD-K50128260","trt_cp",0.3704,"24","h","HOG001_MCF7_24H","1","NULL","sildenafil","epsilon","population"
"329","77487",-0.0750511247443763,0.477,0.717655677655678,"CPC016_HT29_6H:BRD-K08547377-003-03-2:10","HT29","-666","BRD-K08547377","trt_cp",10,"6","h","CPC016_HT29_6H","1","NULL","irinotecan","epsilon","population"
"277","56955",-0.0502044989775051,0.481,0.717655677655678,"CPC013_A549_24H:BRD-K47832606-001-13-7:10","A549","S1299","BRD-K47832606","trt_cp",10,"24","h","CPC013_A549_24H","1","NULL","floxuridine","epsilon","population"
"71","17656",-0.0487389229720518,0.481,0.717655677655678,"CPC006_A375_24H:BRD-K92991072-001-02-3:10","A375","PAC 1","BRD-K92991072","trt_cp",10,"24","h","CPC006_A375_24H","1","NULL","PAC-1","epsilon","population"
"73","17748",-0.0383776414451261,0.481,0.717655677655678,"CPC006_A375_24H:BRD-A69951442-001-01-3:10","A375","dexamethasone","BRD-A69951442","trt_cp",10,"24","h","CPC006_A375_24H","1","NULL","dexamethasone","epsilon","population"
"319","74524",-0.0190865712338105,0.481,0.717655677655678,"CPC015_ASC_24H:BRD-A78391468-001-01-0:10","ASC","-666","BRD-A78391468","trt_cp",10,"24","h","CPC015_ASC_24H","1","NULL","prednisolone","epsilon","population"
"265","51912",-0.0156100886162236,0.481,0.717655677655678,"CPC006_VCAP_24H:BRD-K53414658-001-01-7:10","VCAP","-666","BRD-K53414658","trt_cp",10,"24","h","CPC006_VCAP_24H","1","NULL","tivozanib","epsilon","population"
"58","166238",-0.0123721881390593,0.481,0.717655677655678,"ERG005_VCAP_6H:BRD-K18910433-001-14-3:1","VCAP","estradiol","BRD-K18910433","trt_cp",1,"6","h","ERG005_VCAP_6H","1","NULL","estradiol","epsilon","population"
"236","440994",0.0162917518745739,0.483,0.717655677655678,"HOG001_MCF7_24H:BRD-A36630025-001-02-6:0.13704","MCF7","-666","BRD-A36630025","trt_cp",0.13704,"24","h","HOG001_MCF7_24H","1","NULL","SN-38","epsilon","population"
"302","71176",0.0240967961826857,0.483,0.717655677655678,"CPC015_A375_6H:BRD-A34205397-001-03-7:10","A375","-666","BRD-A34205397","trt_cp",10,"6","h","CPC015_A375_6H","1","NULL","suloctidil","epsilon","population"
"154","324480",0.0282208588957055,0.483,0.717655677655678,"LJP001_HS578T_24H:BRD-K99545815-001-02-2:10","HS578T","PF562271","BRD-K99545815","trt_cp",10,"24","h","LJP001_HS578T_24H","1","NULL","PF-562271","epsilon","population"
"137","31751",0.041854124062713,0.485,0.717655677655678,"CPC006_RMGI_6H:BRD-K98548675-001-02-6:10","RMGI","Parthenolide","BRD-K98548675","trt_cp",10,"6","h","CPC006_RMGI_6H","1","NULL","parthenolide","epsilon","population"
"77","18016",0.0437627811860941,0.485,0.717655677655678,"CPC006_A549_6H:BRD-A12230535-001-02-6:44.4","A549","Nutlin-3","BRD-A12230535","trt_cp",44.4,"6","h","CPC006_A549_6H","1","NULL","nutlin-3","epsilon","population"
"268","52694",0.0554873892297205,0.486,0.717655677655678,"CPC006_VCAP_24H:BRD-K76703230-001-01-3:0.31","VCAP","YM-155","BRD-K76703230","trt_cp",0.31,"24","h","CPC006_VCAP_24H","1","NULL","YM-155","epsilon","population"
"161","325851",0.0625085207907293,0.488,0.717655677655678,"LJP001_MCF10A_24H:BRD-K85606544-001-04-2:0.4","MCF10A","HKI-272:Neratinib","BRD-K85606544","trt_cp",0.4,"24","h","LJP001_MCF10A_24H","1","NULL","neratinib","epsilon","population"
"225","435282",0.0682344921608726,0.489,0.717655677655678,"HOG002_A549_6H:BRD-K15108141-001-01-7:3.7","A549","gemcitabine","BRD-K15108141","trt_cp",3.7,"6","h","HOG002_A549_6H","1","NULL","gemcitabine","epsilon","population"
"106","23825",0.0957055214723927,0.496,0.717655677655678,"CPC006_HEPG2_6H:BRD-K66874953-004-02-1:69.83","HEPG2","Pifithrin-a","BRD-K66874953","trt_cp",69.83,"6","h","CPC006_HEPG2_6H","1","NULL","pifithrin-alpha","epsilon","population"
"66","173",0.0959100204498977,0.496,0.717655677655678,"CPC004_A375_6H:BRD-A94756469-001-03-9:10","A375","DIGOXIN","BRD-A94756469","trt_cp",10,"6","h","CPC004_A375_6H","1","NULL","digoxin","epsilon","population"
"128","29610",0.0976141785957737,0.496,0.717655677655678,"CPC006_OV7_6H:BRD-A35588707-001-03-0:1.25","OV7","TENIPOSIDE","BRD-A35588707","trt_cp",1.25,"6","h","CPC006_OV7_6H","1","NULL","teniposide","epsilon","population"
"124","28202",0.0980572597137015,0.496,0.717655677655678,"CPC006_NCIH2073_6H:BRD-K73789395-001-06-5:102.71","NCIH2073","ZM 336372","BRD-K73789395","trt_cp",102.71,"6","h","CPC006_NCIH2073_6H","1","NULL","ZM-336372","epsilon","population"
"34","12134",0.100511247443763,0.499,0.719361313868613,"CPC004_PC3_6H:BRD-K96799727-001-01-7:10","PC3","Pifithrin- ?","BRD-K96799727","trt_cp",10,"6","h","CPC004_PC3_6H","1","NULL","pifithrin-mu","epsilon","population"
"183","33051",0.118609406952965,0.513,0.719657534246575,"CPC006_SKMEL1_6H:BRD-K88510285-001-01-2:0.04","SKMEL1","B675700.cdx","BRD-K88510285","trt_cp",0.04,"6","h","CPC006_SKMEL1_6H","1","NULL","bortezomib","epsilon","population"
"39","13906",0.120381731424676,0.513,0.719657534246575,"CPC004_PC3_24H:BRD-A35588707-001-03-0:10","PC3","TENIPOSIDE","BRD-A35588707","trt_cp",10,"24","h","CPC004_PC3_24H","1","NULL","teniposide","epsilon","population"
"363","88206",0.121881390593047,0.515,0.719657534246575,"CPC013_VCAP_6H:BRD-K82164249-001-01-9:10","VCAP","S1140","BRD-K82164249","trt_cp",10,"6","h","CPC013_VCAP_6H","1","NULL","andarine","epsilon","population"
"335","79376",0.129072937968643,0.519,0.719657534246575,"CPC015_MCF7_6H:BRD-K81839095-001-04-6:10","MCF7","-666","BRD-K81839095","trt_cp",10,"6","h","CPC015_MCF7_6H","1","NULL","estrone","epsilon","population"
"37","13719",0.131254260395365,0.52,0.719657534246575,"CPC003_PC3_24H:BRD-K15588452-003-01-9:10","PC3","R-96544 hydrochloride","BRD-K15588452","trt_cp",10,"24","h","CPC003_PC3_24H","1","NULL","R-96544","epsilon","population"
"141","32248",0.134049079754601,0.522,0.719657534246575,"CPC006_SKLU1_6H:BRD-K28907958-001-02-7:11.1","SKLU1","-666","BRD-K28907958","trt_cp",11.1,"6","h","CPC006_SKLU1_6H","1","NULL","CD-437","epsilon","population"
"300","70987",0.134321745057941,0.522,0.719657534246575,"CPC011_VCAP_24H:BRD-K75958195-050-04-8:10","VCAP","pizotyline","BRD-K75958195","trt_cp",10,"24","h","CPC011_VCAP_24H","1","NULL","pizotifen","epsilon","population"
"203","35081",0.136196319018405,0.524,0.719657534246575,"CPC005_VCAP_24H:BRD-A19500257:10","VCAP","geldanamycin","BRD-A19500257","trt_cp",10,"24","h","CPC005_VCAP_24H","1","NULL","geldanamycin","epsilon","population"
"100","23458",0.13640081799591,0.524,0.719657534246575,"CPC006_HEC108_6H:BRD-K59597909-001-10-1:10","HEC108","Phenothiazine","BRD-K59597909","trt_cp",10,"6","h","CPC006_HEC108_6H","1","NULL","phenothiazine","epsilon","population"
"40","13993",0.139366053169734,0.528,0.719657534246575,"CPC003_PC3_24H:BRD-A60414806-065-01-6:10","PC3","VINCRISTINE SULFATE","BRD-A60414806","trt_cp",10,"24","h","CPC003_PC3_24H","1","NULL","vincristine","epsilon","population"
"366","88643",0.142467620995228,0.529,0.719657534246575,"CPC014_VCAP_24H:BRD-K84937637-001-03-2:10","VCAP","A-275","BRD-K84937637","trt_cp",10,"24","h","CPC014_VCAP_24H","1","NULL","sirolimus","epsilon","population"
"311","73325",0.142603953646898,0.529,0.719657534246575,"CPC015_A549_24H:BRD-A29437505-001-01-6:10","A549","-666","BRD-A29437505","trt_cp",10,"24","h","CPC015_A549_24H","1","NULL","RWJ-21757","epsilon","population"
"122","2796",0.143456032719836,0.529,0.719657534246575,"CPC004_HA1E_6H:BRD-A31204924-001-07-6:10","HA1E","MITOTANE","BRD-A31204924","trt_cp",10,"6","h","CPC004_HA1E_6H","1","NULL","mitotane","epsilon","population"
"250","4474",0.147171097477846,0.531,0.719657534246575,"CPC001_HA1E_24H:BRD-A43930669-003-01-0:10","HA1E","L 368899 hydrochloride","BRD-A43930669","trt_cp",10,"24","h","CPC001_HA1E_24H","1","NULL","L-368899","epsilon","population"
"143","322582",0.14931833674165,0.531,0.719657534246575,"LJP002_BT20_24H:BRD-K70401845-001-04-1:0.08","BT20","Erlotinib;OSI-774","BRD-K70401845","trt_cp",0.08,"24","h","LJP002_BT20_24H","1","NULL","erlotinib","epsilon","population"
"166","32721",0.149829584185412,0.531,0.719657534246575,"CPC006_SKM1_6H:BRD-K74402642-003-01-2:10","SKM1","Chemistry 2804","BRD-K74402642","trt_cp",10,"6","h","CPC006_SKM1_6H","1","NULL","NSC-632839","epsilon","population"
"173","328971",0.150852079072938,0.531,0.719657534246575,"LJP002_MDAMB231_24H:BRD-K87737963-001-02-9:0.4","MDAMB231","CYT387","BRD-K87737963","trt_cp",0.4,"24","h","LJP002_MDAMB231_24H","1","NULL","CYT387","epsilon","population"
"5","101765",0.152249488752556,0.532,0.719657534246575,"CPC018_NPC_24H:BRD-K08640512-003-01-5:10","NPC","-666","BRD-K08640512","trt_cp",10,"24","h","CPC018_NPC_24H","1","NULL","RS-100329","epsilon","population"
"126","29396",0.157634628493524,0.536,0.72259385665529,"CPC006_OV7_6H:BRD-A13122391-001-01-9:0.08","OV7","16-HYDROXYTRIPTOLIDE","BRD-A13122391","trt_cp",0.08,"6","h","CPC006_OV7_6H","1","NULL","triptolide","epsilon","population"
"182","330396",0.158588957055215,0.538,0.722823129251701,"LJP002_SKBR3_6H:BRD-K50168500-001-03-8:0.08","SKBR3","PD-183805;Canertinib;CI-1033","BRD-K50168500","trt_cp",0.08,"6","h","LJP002_SKBR3_6H","1","NULL","canertinib","epsilon","population"
"270","5365",0.164110429447853,0.541,0.72285,"CPC001_HA1E_24H:BRD-K05151076-001-01-8:10","HA1E","ZK 164015","BRD-K05151076","trt_cp",10,"24","h","CPC001_HA1E_24H","1","NULL","ZK-164015","epsilon","population"
"41","14120",0.165985003408316,0.543,0.72285,"ASG001_PC3_24H:BRD-A61304759-001-01-0:10","PC3","tanespimycin","BRD-A61304759","trt_cp",10,"24","h","ASG001_PC3_24H","1","NULL","tanespimycin","epsilon","population"
"91","20803",0.173892297205181,0.549,0.72285,"CPC006_EFO27_6H:BRD-K64890080-001-03-9:10","EFO27","BI 2536","BRD-K64890080","trt_cp",10,"6","h","CPC006_EFO27_6H","1","NULL","BI-2536","epsilon","population"
"314","7351",0.174164962508521,0.549,0.72285,"CPC004_HCC515_24H:BRD-K91290917-336-03-8:10","HCC515","Amodiaquin dihydrochloride dihydrate","BRD-K91290917","trt_cp",10,"24","h","CPC004_HCC515_24H","1","NULL","amodiaquine","epsilon","population"
"317","74181",0.175528289025222,0.549,0.72285,"CPC014_A549_24H:BRD-K83963101-001-01-0:10","A549","HY-10180","BRD-K83963101","trt_cp",10,"24","h","CPC014_A549_24H","1","NULL","MLN-8054","epsilon","population"
"220","432483",0.175698704839809,0.549,0.72285,"BRAF001_A375_6H:BRD-K09951645-001-02-7:10","A375","dabrafenib","BRD-K09951645","trt_cp",10,"6","h","BRAF001_A375_6H","1","NULL","dabrafenib","epsilon","population"
"1","10020",0.185889570552147,0.562,0.731529605263158,"CPC005_HT29_24H:BRD-A83937277-001-03-0:10","HT29","Mephenytoin","BRD-A83937277","trt_cp",10,"24","h","CPC005_HT29_24H","1","NULL","mephenytoin","epsilon","population"
"362","88064",0.187593728698023,0.562,0.731529605263158,"CPC014_VCAP_6H:BRD-K01253243-001-01-4:10","VCAP","HY-10966","BRD-K01253243","trt_cp",10,"6","h","CPC014_VCAP_6H","1","NULL","SB-590885","epsilon","population"
"206","35683",0.193012951601909,0.563,0.731529605263158,"CPC007_A375_6H:BRD-K03067624-003-19-3:10","A375","EMETINE HYDROCHLORIDE","BRD-K03067624","trt_cp",10,"6","h","CPC007_A375_6H","1","NULL","emetine","epsilon","population"
"61","167286",0.193285616905249,0.563,0.731529605263158,"ERG011_VCAP_24H:BRD-K56851771-001-04-3:0.4","VCAP","enzalutamide","BRD-K56851771","trt_cp",0.4,"24","h","ERG011_VCAP_24H","1","NULL","enzalutamide","epsilon","population"
"64","17039",0.19904567143831,0.568,0.732100977198697,"CPC001_VCAP_24H:BRD-A19500257:10","VCAP","geldanamycin","BRD-A19500257","trt_cp",10,"24","h","CPC001_VCAP_24H","1","NULL","geldanamycin","epsilon","population"
"33","11905",0.19972733469666,0.569,0.732100977198697,"CPC002_PC3_6H:BRD-K60640630-001-03-7:10","PC3","Mometasone furoate","BRD-K60640630","trt_cp",10,"6","h","CPC002_PC3_6H","1","NULL","mometasone","epsilon","population"
"293","66373",0.20027266530334,0.569,0.732100977198697,"CPC011_PC3_6H:BRD-K44094599-001-02-9:10","PC3","tacrolimus","BRD-K44094599","trt_cp",10,"6","h","CPC011_PC3_6H","1","NULL","tacrolimus","epsilon","population"
"308","73004",0.204294478527607,0.571,0.732288961038961,"CPC014_A549_6H:BRD-A52886023-001-01-7:10","A549","A8674","BRD-A52886023","trt_cp",10,"6","h","CPC014_A549_6H","1","NULL","antimycin-a","epsilon","population"
"383","94810",0.207259713701431,0.574,0.732661290322581,"CPC020_HCC515_6H:BRD-K79602928-003-10-8:10","HCC515","-666","BRD-K79602928","trt_cp",10,"6","h","CPC020_HCC515_6H","1","NULL","metformin","epsilon","population"
"389","98496",0.207566462167689,0.575,0.732661290322581,"CPC018_MCF7_6H:BRD-K63151507-001-01-6:10","MCF7","-666","BRD-K63151507","trt_cp",10,"6","h","CPC018_MCF7_6H","1","NULL","MNITMT","epsilon","population"
"90","20706",0.215644171779141,0.582,0.736996805111821,"CPC006_EFO27_6H:BRD-K26664453-001-03-4:10","EFO27","-666","BRD-K26664453","trt_cp",10,"6","h","CPC006_EFO27_6H","1","NULL","cytochalasin-b","epsilon","population"
"163","326938",0.219359236537151,0.583,0.736996805111821,"LJP001_MCF7_6H:BRD-K51313569-001-03-7:0.4","MCF7","PD0332991","BRD-K51313569","trt_cp",0.4,"6","h","LJP001_MCF7_6H","1","NULL","palbociclib","epsilon","population"
"212","37959",0.220858895705522,0.584,0.736996805111821,"CPC009_A549_6H:BRD-K55070890-001-02-1:10","A549","thiothixene","BRD-K55070890","trt_cp",10,"6","h","CPC009_A549_6H","1","NULL","thiothixene","epsilon","population"
"132","30373",0.227777777777778,0.588,0.73968152866242,"CPC006_PC3_6H:BRD-K15108141-001-01-7:0.08","PC3","gemcitabine","BRD-K15108141","trt_cp",0.08,"6","h","CPC006_PC3_6H","1","NULL","gemcitabine","epsilon","population"
"105","23779",0.231561008861622,0.59,0.73984126984127,"CPC006_HEPG2_6H:BRD-K68065987-300-03-4:10","HEPG2","MK-2206","BRD-K68065987","trt_cp",10,"6","h","CPC006_HEPG2_6H","1","NULL","MK-2206","epsilon","population"
"342","80896",0.236332651670075,0.595,0.74375,"CPC016_MCF7_24H:BRD-K91699951-001-03-7:10","MCF7","-666","BRD-K91699951","trt_cp",10,"24","h","CPC016_MCF7_24H","1","NULL","benzonatate","epsilon","population"
"151","32360",0.249761417859577,0.608,0.754090909090909,"CPC006_SKLU1_6H:BRD-K23363278-001-01-3:1","SKLU1","CYT997","BRD-K23363278","trt_cp",1,"6","h","CPC006_SKLU1_6H","1","NULL","CYT-997","epsilon","population"
"375","90652",0.252453987730061,0.608,0.754090909090909,"CPC018_A549_6H:BRD-A95696820-001-01-4:10","A549","-666","BRD-A95696820","trt_cp",10,"6","h","CPC018_A549_6H","1","NULL","acadesine","epsilon","population"
"226","435404",0.253953646898432,0.609,0.754090909090909,"HOG001_A549_6H:BRD-A45889380-300-04-8:10","A549","quinacrine","BRD-A45889380","trt_cp",10,"6","h","HOG001_A549_6H","1","NULL","mepacrine","epsilon","population"
"386","95968",0.260736196319018,0.616,0.759708588957055,"CPC017_HEPG2_6H:BRD-K73397362-001-01-7:10","HEPG2","-666","BRD-K73397362","trt_cp",10,"6","h","CPC017_HEPG2_6H","1","NULL","purmorphamine","epsilon","population"
"246","443243",0.263122017723245,0.618,0.759708588957055,"HOG002_MCF7_6H:BRD-A19500257-001-01-3:3.33","MCF7","geldanamycin","BRD-A19500257","trt_cp",3.33,"6","h","HOG002_MCF7_6H","1","NULL","geldanamycin","epsilon","population"
"109","24266",0.265371506475801,0.623,0.759708588957055,"CPC006_HT115_6H:BRD-A62025033-001-01-8:10","HT115","temsirolimus [CI779]","BRD-A62025033","trt_cp",10,"6","h","CPC006_HT115_6H","1","NULL","temsirolimus","epsilon","population"
"295","6670",0.265746421267894,0.624,0.759708588957055,"CPC002_HCC515_6H:BRD-K91509126-001-04-6:10","HCC515","PICEATANNOL","BRD-K91509126","trt_cp",10,"6","h","CPC002_HCC515_6H","1","NULL","piceatannol","epsilon","population"
"44","14634",0.270722563053851,0.627,0.759708588957055,"CPC004_VCAP_6H:BRD-A97104540-004-08-5:10","VCAP","FENOTEROL HYDROBROMIDE","BRD-A97104540","trt_cp",10,"6","h","CPC004_VCAP_6H","1","NULL","fenoterol","epsilon","population"
"373","90432",0.271574642126789,0.627,0.759708588957055,"CPC020_A375_6H:BRD-K53790871-001-15-1:10","A375","triamcinolone acetonide","BRD-K53790871","trt_cp",10,"6","h","CPC020_A375_6H","1","NULL","triamcinolone","epsilon","population"
"341","80559",0.272972051806408,0.627,0.759708588957055,"CPC016_MCF7_24H:BRD-K39746403-084-03-1:10","MCF7","-666","BRD-K39746403","trt_cp",10,"24","h","CPC016_MCF7_24H","1","NULL","erythromycin","epsilon","population"
"157","3252",0.301329243353783,0.655,0.786398176291793,"CPC005_HA1E_6H:BRD-K58299615-001-02-7:10","HA1E","Ro 90-7501","BRD-K58299615","trt_cp",10,"6","h","CPC005_HA1E_6H","1","NULL","RO-90-7501","epsilon","population"
"256","47649",0.301533742331288,0.655,0.786398176291793,"CPC006_SNUC4_6H:BRD-K40853697-001-04-9:160","SNUC4","STAT3 Inhibitor VI, S31-201","BRD-K40853697","trt_cp",160,"6","h","CPC006_SNUC4_6H","1","NULL","STAT3-inhibitor-VI","epsilon","population"
"291","66143",0.301976823449216,0.655,0.786398176291793,"CPC010_PC3_6H:BRD-K76534306-001-17-7:10","PC3","enrofloxacin","BRD-K76534306","trt_cp",10,"6","h","CPC010_PC3_6H","1","NULL","enrofloxacin","epsilon","population"
"150","323398",0.316019086571234,0.674,0.806757575757576,"LJP001_HS578T_6H:BRD-K49669041-001-03-5:10","HS578T","BX-912","BRD-K49669041","trt_cp",10,"6","h","LJP001_HS578T_6H","1","NULL","BX-912","epsilon","population"
"48","149766",0.331663258350375,0.688,0.819477611940299,"DOS051_HT29_24H:BRD-K81418486:0.1","HT29","vorinostat","BRD-K81418486","trt_cp",0.1,"24","h","DOS051_HT29_24H","1","NULL","vorinostat","epsilon","population"
"9","103242",0.338582140422631,0.69,0.819477611940299,"CPC020_PC3_24H:BRD-K51418664-001-02-0:10","PC3","-666","BRD-K51418664","trt_cp",10,"24","h","CPC020_PC3_24H","1","NULL","mitomycin-c","epsilon","population"
"378","92230",0.342194955691888,0.693,0.819477611940299,"CPC018_A549_24H:BRD-K15196155-001-01-5:10","A549","-666","BRD-K15196155","trt_cp",10,"24","h","CPC018_A549_24H","1","NULL","IBC-293","epsilon","population"
"224","434578",0.344751192910702,0.695,0.819477611940299,"HOG002_A549_6H:BRD-K12762134-001-01-3:3.7","A549","-666","BRD-K12762134","trt_cp",3.7,"6","h","HOG002_A549_6H","1","NULL","XAV-939","epsilon","population"
"199","338434",0.345160190865712,0.695,0.819477611940299,"NMH001_NEU_6H:BRD-A19500257-001-03-9:10","NEU","geldanamycin","BRD-A19500257","trt_cp",10,"6","h","NMH001_NEU_6H","1","NULL","geldanamycin","epsilon","population"
"152","323753",0.34931833674165,0.698,0.820565476190476,"LJP002_HS578T_6H:BRD-K74514084-001-01-3:2","HS578T","Pazopanibhydrochloride;GW786034","BRD-K74514084","trt_cp",2,"6","h","LJP002_HS578T_6H","1","NULL","pazopanib","epsilon","population"
"30","116335",0.362678936605317,0.713,0.835712166172107,"CVD001_PHH_6H:BRD-K40255344-001-03-6:2.5","PHH","-666","BRD-K40255344","trt_cp",2.5,"6","h","CVD001_PHH_6H","1","NULL","tyrphostin-A9","epsilon","population"
"170","328452",0.380231765507839,0.726,0.848431952662722,"LJP001_MDAMB231_6H:BRD-K79404599-001-05-1:10","MDAMB231","LY317615:Enzastaurin","BRD-K79404599","trt_cp",10,"6","h","LJP001_MDAMB231_6H","1","NULL","enzastaurin","epsilon","population"
"59","16677",0.385173824130879,0.732,0.850411764705882,"CPC001_VCAP_24H:BRD-K73397362-001-01-7:10","VCAP","Purmorphamine","BRD-K73397362","trt_cp",10,"24","h","CPC001_VCAP_24H","1","NULL","purmorphamine","epsilon","population"
"303","71518",0.385685071574642,0.732,0.850411764705882,"CPC016_A375_6H:BRD-K41160163-001-01-9:10","A375","-666","BRD-K41160163","trt_cp",10,"6","h","CPC016_A375_6H","1","NULL","fenobam","epsilon","population"
"108","23874",0.394478527607362,0.746,0.864134897360704,"CPC006_HEPG2_6H:BRD-K73789395-001-06-5:102.71","HEPG2","ZM 336372","BRD-K73789395","trt_cp",102.71,"6","h","CPC006_HEPG2_6H","1","NULL","ZM-336372","epsilon","population"
"251","449827",0.400783912747103,0.759,0.874067055393586,"CPC006_RKO_6H:BRD-A58048407-001-10-5:10","RKO","nimodipine","BRD-A58048407","trt_cp",10,"6","h","CPC006_RKO_6H","1","NULL","nimodipine","epsilon","population"
"184","330651",0.400954328561691,0.759,0.874067055393586,"LJP002_SKBR3_6H:BRD-K56751279-001-01-8:0.08","SKBR3","Y39983","BRD-K56751279","trt_cp",0.08,"6","h","LJP002_SKBR3_6H","1","NULL","Y-39983","epsilon","population"
"114","25175",0.406441717791411,0.766,0.878159420289855,"CPC006_JHUEM2_6H:BRD-K01976263-003-04-5:0.63","JHUEM2","Emetine Dihydrochloride Hydrate (74)","BRD-K01976263","trt_cp",0.63,"6","h","CPC006_JHUEM2_6H","1","NULL","emetine","epsilon","population"
"140","32205",0.407600545330607,0.767,0.878159420289855,"CPC006_RMUGS_6H:BRD-A62025033-001-01-8:10","RMUGS","temsirolimus [CI779]","BRD-A62025033","trt_cp",10,"6","h","CPC006_RMUGS_6H","1","NULL","temsirolimus","epsilon","population"
"364","88365",0.412065439672802,0.77,0.879046242774567,"CPC013_VCAP_24H:BRD-K11663430-001-01-5:10","VCAP","-666","BRD-K11663430","trt_cp",10,"24","h","CPC013_VCAP_24H","1","NULL","pyroxamide","epsilon","population"
"15","105072",0.41758691206544,0.776,0.883342939481268,"CPC017_SKB_24H:BRD-K21667562-001-01-4:10","SKB","-666","BRD-K21667562","trt_cp",10,"24","h","CPC017_SKB_24H","1","NULL","AM-404","epsilon","population"
"340","80450",0.419393319700068,0.779,0.884209770114943,"CPC015_MCF7_24H:BRD-K21450440-001-08-8:10","MCF7","-666","BRD-K21450440","trt_cp",10,"24","h","CPC015_MCF7_24H","1","NULL","benzthiazide","epsilon","population"
"146","322788",0.428289025221541,0.789,0.892994269340974,"LJP002_BT20_24H:BRD-K56277358-001-03-4:0.08","BT20","MGCD265","BRD-K56277358","trt_cp",0.08,"24","h","LJP002_BT20_24H","1","NULL","MGCD-265","epsilon","population"
"116","25484",0.434560327198364,0.796,0.898342857142857,"CPC006_LOVO_6H:BRD-K02113016-001-01-4:44.4","LOVO","AZD2281 (KU59436)","BRD-K02113016","trt_cp",44.4,"6","h","CPC006_LOVO_6H","1","NULL","olaparib","epsilon","population"
"74","17775",0.444171779141104,0.805,0.905911680911681,"CPC006_A375_24H:BRD-K41260949-236-02-8:10","A375","valproic acid","BRD-K41260949","trt_cp",10,"24","h","CPC006_A375_24H","1","NULL","valproic-acid","epsilon","population"
"262","5120",0.450579413769598,0.811,0.907161016949153,"CPC004_HA1E_24H:BRD-K67439147-001-01-7:10","HA1E","SIB 1893","BRD-K67439147","trt_cp",10,"24","h","CPC004_HA1E_24H","1","NULL","SIB-1893","epsilon","population"
"392","99010",0.456305385139741,0.812,0.907161016949153,"CPD001_MCF7_6H:BRD-A32988684-003-07-9:10","MCF7","Heptaminol hydrochloride","BRD-A32988684","trt_cp",10,"6","h","CPD001_MCF7_6H","1","NULL","heptaminol","epsilon","population"
"267","5228",0.456918882072256,0.813,0.907161016949153,"CPC004_HA1E_24H:BRD-K64514229-001-01-1:10","HA1E","TOLTRAZURIL","BRD-K64514229","trt_cp",10,"24","h","CPC004_HA1E_24H","1","NULL","toltrazuril","epsilon","population"
"93","21390",0.462713019768235,0.821,0.91281512605042,"CPC006_HA1E_6H:BRD-K89732114-001-05-9:10","HA1E","trifluoperazine","BRD-K89732114","trt_cp",10,"6","h","CPC006_HA1E_6H","1","NULL","trifluoperazine","epsilon","population"
"354","85976",0.465780504430811,0.823,0.91281512605042,"CPC014_PHH_24H:BRD-K99291625-001-06-4:10","PHH","EI-286","BRD-K99291625","trt_cp",10,"24","h","CPC014_PHH_24H","1","NULL","SB-203580","epsilon","population"
"107","23838",0.467757327880027,0.825,0.91281512605042,"CPC006_HEPG2_6H:BRD-K64634304-001-01-5:40","HEPG2","Retinoic acid","BRD-K64634304","trt_cp",40,"6","h","CPC006_HEPG2_6H","1","NULL","tretinoin","epsilon","population"
"218","4193",0.469597818677573,0.828,0.913575418994413,"CPC001_HA1E_24H:BRD-K63979671-001-03-6:10","HA1E","Etifenin","BRD-K63979671","trt_cp",10,"24","h","CPC001_HA1E_24H","1","NULL","etifenin","epsilon","population"
"245","442656",0.483742331288344,0.841,0.924958333333333,"HOG002_MCF7_6H:BRD-K18910433-001-19-2:0.0045","MCF7","17b-estradiol","BRD-K18910433","trt_cp",0.0045,"6","h","HOG002_MCF7_6H","1","NULL","estradiol","epsilon","population"
"322","76048",0.486366734832992,0.843,0.924958333333333,"CPC014_HCC515_6H:BRD-K86930074-001-01-9:10","HCC515","S1017","BRD-K86930074","trt_cp",10,"6","h","CPC014_HCC515_6H","1","NULL","cediranib","epsilon","population"
"357","86394",0.49134287661895,0.848,0.92786703601108,"CPC016_SKB_24H:BRD-A94669766-001-04-2:10","SKB","-666","BRD-A94669766","trt_cp",10,"24","h","CPC016_SKB_24H","1","NULL","naringenin","epsilon","population"
"292","66272",0.507157464212679,0.868,0.947127071823204,"CPC011_PC3_6H:BRD-K74117820-066-08-2:10","PC3","nelfinavir","BRD-K74117820","trt_cp",10,"6","h","CPC011_PC3_6H","1","NULL","nelfinavir","epsilon","population"
"21","112044",0.51826857532379,0.885,0.961456043956044,"CPD002_MCF7_6H:BRD-K72723676-003-12-9:10","MCF7","Benzethonium chloride","BRD-K72723676","trt_cp",10,"6","h","CPD002_MCF7_6H","1","NULL","benzethonium","epsilon","population"
"84","19403",0.522563053851397,0.886,0.961456043956044,"CPC006_CL34_6H:BRD-A68631409-001-01-3:10","CL34","Evodiamine","BRD-A68631409","trt_cp",10,"6","h","CPC006_CL34_6H","1","NULL","evodiamine","epsilon","population"
"327","77201",0.543830947511929,0.906,0.970916030534351,"CPC014_HEPG2_6H:BRD-A19500257:10","HEPG2","geldanamycin","BRD-A19500257","trt_cp",10,"6","h","CPC014_HEPG2_6H","1","NULL","geldanamycin","epsilon","population"
"46","1477",0.544478527607362,0.907,0.970916030534351,"CPC005_A549_24H:BRD-A84493640-001-03-3:10","A549","Atovaquone","BRD-A84493640","trt_cp",10,"24","h","CPC005_A549_24H","1","NULL","atovaquone","epsilon","population"
"261","51002",0.545262440354465,0.909,0.970916030534351,"CPC006_VCAP_6H:BRD-K08703257-001-06-3:36.72","VCAP","Aminobenzamide (3-ABA) [3-aminobenzamide (3-ABA)]","BRD-K08703257","trt_cp",36.72,"6","h","CPC006_VCAP_6H","1","NULL","3-amino-benzamide","epsilon","population"
"158","325212",0.549522835719155,0.914,0.970916030534351,"LJP001_MCF10A_6H:BRD-K83963101-001-02-8:10","MCF10A","MLN8054","BRD-K83963101","trt_cp",10,"6","h","LJP001_MCF10A_6H","1","NULL","MLN-8054","epsilon","population"
"31","116354",0.5640081799591,0.921,0.970916030534351,"CVD001_PHH_6H:BRD-K47150025-001-01-2:10","PHH","-666","BRD-K47150025","trt_cp",10,"6","h","CVD001_PHH_6H","1","NULL","KI-8751","epsilon","population"
"72","17739",0.572835719154738,0.925,0.970916030534351,"CPC006_A375_24H:BRD-K71799949-001-20-8:96","A375","carbamazepine","BRD-K71799949","trt_cp",96,"24","h","CPC006_A375_24H","1","NULL","carbamazepine","epsilon","population"
"174","328990",0.573551465576005,0.925,0.970916030534351,"LJP002_MDAMB231_24H:BRD-K74065929-001-02-3:0.08","MDAMB231","Doramapimod;BIRB796","BRD-K74065929","trt_cp",0.08,"24","h","LJP002_MDAMB231_24H","1","NULL","doramapimod","epsilon","population"
"133","30482",0.582583503749148,0.929,0.970916030534351,"CPC006_PC3_24H:BRD-K95609758-001-02-9:10","PC3","-666","BRD-K95609758","trt_cp",10,"24","h","CPC006_PC3_24H","1","NULL","BMS-191011","epsilon","population"
"175","329219",0.586059986366735,0.932,0.970916030534351,"LJP001_MDAMB231_24H:BRD-K68065987-300-06-7:0.08","MDAMB231","MK2206","BRD-K68065987","trt_cp",0.08,"24","h","LJP001_MDAMB231_24H","1","NULL","MK-2206","epsilon","population"
"370","89814",0.59601226993865,0.937,0.970916030534351,"CPC018_A375_6H:BRD-K51662849-001-03-9:10","A375","-666","BRD-K51662849","trt_cp",10,"6","h","CPC018_A375_6H","1","NULL","ilomastat","epsilon","population"
"176","329220",0.596796182685753,0.937,0.970916030534351,"LJP001_MDAMB231_24H:BRD-K83963101-001-02-8:10","MDAMB231","MLN8054","BRD-K83963101","trt_cp",10,"24","h","LJP001_MDAMB231_24H","1","NULL","MLN-8054","epsilon","population"
"120","26757",0.597273346966599,0.937,0.970916030534351,"CPC006_MCF7_24H:BRD-K32107296-001-03-7:10","MCF7","Temozolomide","BRD-K32107296","trt_cp",10,"24","h","CPC006_MCF7_24H","1","NULL","temozolomide","epsilon","population"
"165","327137",0.598534423994547,0.937,0.970916030534351,"LJP001_MCF7_6H:BRD-K72420232-001-05-7:2","MCF7","WZ4002","BRD-K72420232","trt_cp",2,"6","h","LJP001_MCF7_6H","1","NULL","WZ-4002","epsilon","population"
"97","2276",0.603953646898432,0.939,0.970916030534351,"CPC002_HA1E_6H:BRD-K98521173-001-03-8:10","HA1E","Deoxycorticosterone","BRD-K98521173","trt_cp",10,"6","h","CPC002_HA1E_6H","1","NULL","desoxycortone","epsilon","population"
"87","20084",0.618336741649625,0.95,0.970916030534351,"CPC006_COV644_6H:BRD-K88510285-001-01-2:0.04","COV644","B675700.cdx","BRD-K88510285","trt_cp",0.04,"6","h","CPC006_COV644_6H","1","NULL","bortezomib","epsilon","population"
"144","322781",0.622051806407635,0.95,0.970916030534351,"LJP001_BT20_24H:BRD-K79404599-001-05-1:0.4","BT20","LY317615:Enzastaurin","BRD-K79404599","trt_cp",0.4,"24","h","LJP001_BT20_24H","1","NULL","enzastaurin","epsilon","population"
"238","441054",0.627675528289025,0.952,0.970916030534351,"HOG003_MCF7_24H:BRD-K73319509-001-02-3:3.33","MCF7","-666","BRD-K73319509","trt_cp",3.33,"24","h","HOG003_MCF7_24H","1","NULL","PF-04217903","epsilon","population"
"232","436289",0.633299250170416,0.953,0.970916030534351,"CPC006_H1299_6H:BRD-K15108141-001-01-7:0.08","H1299","gemcitabine","BRD-K15108141","trt_cp",0.08,"6","h","CPC006_H1299_6H","1","NULL","gemcitabine","epsilon","population"
"355","8611",0.633469665985003,0.953,0.970916030534351,"CPC001_HCC515_24H:BRD-A14574269-051-01-4:10","HCC515","UB 165 fumarate","BRD-A14574269","trt_cp",10,"24","h","CPC001_HCC515_24H","1","NULL","UB-165","epsilon","population"
"53","15788",0.634832992501704,0.953,0.970916030534351,"CPC002_VCAP_24H:BRD-K59574735-001-05-0:10","VCAP","Bestatin","BRD-K59574735","trt_cp",10,"24","h","CPC002_VCAP_24H","1","NULL","ubenimex","epsilon","population"
"17","106804",0.641104294478528,0.959,0.970916030534351,"CPC020_VCAP_24H:BRD-K75089421-003-21-1:10","VCAP","pronestyl","BRD-K75089421","trt_cp",10,"24","h","CPC020_VCAP_24H","1","NULL","procainamide","epsilon","population"
"164","327107",0.646625766871166,0.961,0.970916030534351,"LJP001_MCF7_6H:BRD-K59369769-001-11-2:0.08","MCF7","VX680:Tozasertib, MK-0457","BRD-K59369769","trt_cp",0.08,"6","h","LJP001_MCF7_6H","1","NULL","tozasertib","epsilon","population"
"391","98958",0.646625766871166,0.961,0.970916030534351,"CPD001_MCF7_6H:BRD-K86301799-001-28-0:10","MCF7","Dipyridamole","BRD-K86301799","trt_cp",10,"6","h","CPD001_MCF7_6H","1","NULL","dipyridamole","epsilon","population"
"227","435461",0.648602590320382,0.961,0.970916030534351,"HOG003_A549_6H:BRD-A61304759-001-01-0:10","A549","tanespimycin","BRD-A61304759","trt_cp",10,"6","h","HOG003_A549_6H","1","NULL","tanespimycin","epsilon","population"
"181","330251",0.65426039536469,0.961,0.970916030534351,"LJP002_SKBR3_6H:BRD-K12343256-001-01-4:10","SKBR3","JTP-74057;GSK1120212;GSK-1120212","BRD-K12343256","trt_cp",10,"6","h","LJP002_SKBR3_6H","1","NULL","trametinib","epsilon","population"
"115","25455",0.656407634628494,0.961,0.970916030534351,"CPC006_LOVO_6H:BRD-K01868942-001-02-1:160","LOVO","3-(piperidin-1-yl)propyl-4-amino-5-chloro-2methoxybenzoate . Hydrochloride","BRD-K01868942","trt_cp",160,"6","h","CPC006_LOVO_6H","1","NULL","RS-23597-190","epsilon","population"
"208","361515",0.665576005453306,0.965,0.970916030534351,"RAD001_A549_6H:BRD-K57080016-001-03-5:0.0137","A549","AZD6244","BRD-K57080016","trt_cp",0.0137,"6","h","RAD001_A549_6H","1","NULL","selumetinib","epsilon","population"
"367","88755",0.670245398773006,0.966,0.970916030534351,"CPC014_VCAP_24H:BRD-K83963101-001-01-0:10","VCAP","HY-10180","BRD-K83963101","trt_cp",10,"24","h","CPC014_VCAP_24H","1","NULL","MLN-8054","epsilon","population"
"153","324436",0.670620313565099,0.966,0.970916030534351,"LJP002_HS578T_24H:BRD-A37704979-001-05-7:0.4","HS578T","PB203580;RWJ64809;SB203580","BRD-A37704979","trt_cp",0.4,"24","h","LJP002_HS578T_24H","1","NULL","SB-203580","epsilon","population"
"264","51538",0.726857532379005,0.984,0.986497461928934,"CPC006_VCAP_6H:BRD-A23770159-001-02-3:11.1","VCAP","Rapamycin","BRD-A23770159","trt_cp",11.1,"6","h","CPC006_VCAP_6H","1","NULL","sirolimus","epsilon","population"
"111","24652",0.986639400136333,1,1,"CPC006_HT29_24H:BRD-A81541225-001-02-7:10","HT29","-666","BRD-A81541225","trt_cp",10,"24","h","CPC006_HT29_24H","1","NULL","oligomycin-a","epsilon","population"
