"","database","category","pval","qval","genes"
"145","GO_Biological_Process_2017","sister chromatid cohesion (GO:0007062)",1.05825929520476e-12,8.89996067267204e-10,"CDCA5,PLK1,BUB1B,CDCA8,NDC80,REC8,CDC20,CENPE,CENPF,CENPH,NUF2,BIRC5,CENPM,KIF2C,MAD2L1,SPC25"
"146","GO_Biological_Process_2017","mitotic cell cycle (GO:0000278)",2.34781889853043e-12,9.87257846832044e-10,"CDT1,CDCA5,PLK1,BUB1B,CDC6,KIF11,PKMYT1,NDC80,KIF15,AURKA,CENPE,TPX2,CENPF,KIF2C,NEK2"
"147","GO_Biological_Process_2017","extracellular matrix organization (GO:0030198)",4.20716797553479e-11,1.17940942247492e-08,"FBN2,LUM,ELN,TNC,LAMB1,NID1,HSPG2,NID2,HAPLN1,COL1A1,BCAN,ACAN,COL1A2,COL5A1,COL4A2,PXDN,COL6A3"
"148","GO_Biological_Process_2017","G2/M transition of mitotic cell cycle (GO:0000086)",6.46471033597187e-11,1.35920534813809e-08,"PLK4,PLK1,HMMR,PKMYT1,FOXM1,CDC25A,AURKA,CCNA2,TPX2,CCNB2,CCNB1,WEE1,HAUS8,NEK2,PHLDA1,NES"
"149","GO_Biological_Process_2017","regulation of cell cycle (GO:0051726)",8.72136245791334e-11,1.46693316542102e-08,"CCNB2,CENPF,WEE1,CCNB1,PLK1,MYBL2,PKMYT1,FOXM1,PRR11,DTL,CDC25A,GADD45G"
"150","GO_Biological_Process_2017","collagen catabolic process (GO:0030574)",5.48772751423058e-10,7.69196473244653e-08,"COL1A1,MRC2,MMP14,COL1A2,COL5A1,COL4A2,MMP15,MMP2,CTSK,COL6A3,MMP9"
"151","GO_Biological_Process_2017","extracellular matrix disassembly (GO:0022617)",1.27280194757276e-09,1.52918062558384e-07,"FBN2,BCAN,ACAN,ADAMTS5,MMP14,MMP15,MMP2,ELN,CTSK,NID1,MMP9,HSPG2"
"154","GO_Biological_Process_2017","chromosome segregation (GO:0007059)",1.84022830575615e-09,1.93454000642615e-07,"TOP2A,CDT1,CENPE,CENPF,NUF2,HJURP,NEK2,KIF11,NDC80,SPC25"
"153","GO_Biological_Process_2017","G1/S transition of mitotic cell cycle (GO:0000082)",6.28946155706099e-09,5.32925703257748e-07,"CDT1,WEE1,CDKN2C,DBF4,CDK4,MYC,MCM4,MCM5,CDC6,CDC25A,MCM2,CDKN3"
"152","GO_Biological_Process_2017","DNA replication (GO:0006260)",6.33680978903387e-09,5.32925703257748e-07,"RNASEH2A,CDC6,CDC25A,TICRR,RECQL4,BRIP1,DBF4,CHEK1,TIMELESS,MCM4,MCM5,CLSPN,MCM2"
"156","GO_Biological_Process_2017","microtubule-based movement (GO:0007018)",2.51664696560457e-08,1.92409099824859e-06,"CENPE,RACGAP1,KIF26A,KIF4A,KIF14,KIF23,KIF2C,KIF11,KIF20B,KIF15"
"164","GO_Biological_Process_2017","metaphase plate congression (GO:0051310)",3.04896282483786e-07,2.13681477974054e-05,"CENPE,CENPF,KIF2C,FAM83D,NDC80"
"155","GO_Biological_Process_2017","skeletal system development (GO:0001501)",3.95273204074147e-07,2.5571135740489e-05,"COL1A1,BCAN,ACAN,POSTN,BMP2,COL1A2,IGF2,ALX4,SOX4,HAPLN1,DLL3"
"158","GO_Biological_Process_2017","endodermal cell differentiation (GO:0035987)",1.8639202976186e-06,0.000111968355021232,"MMP14,COL4A2,MMP15,MMP2,LAMB1,MMP9"
"160","GO_Biological_Process_2017","mitotic cytokinesis (GO:0000281)",4.57205787329144e-06,0.00025634004476254,"RACGAP1,KIF4A,PLK1,CKAP2,NUSAP1,KIF23"
"159","GO_Biological_Process_2017","mitotic spindle organization (GO:0007052)",5.59877151959565e-06,0.000283886606829911,"CCNB1,KIF11,WDR62,NDC80,SPC25,AURKA"
"194","GO_Biological_Process_2017","attachment of mitotic spindle microtubules to kinetochore (GO:0051315)",5.73849264697798e-06,0.000283886606829911,"CENPE,CDT1,KIF2C,NDC80"
"166","GO_Biological_Process_2017","regulation of mitotic nuclear division (GO:0007088)",1.18814967467785e-05,0.000555129931335595,"NEK2,FBXO5,PKMYT1,MKI67,KIF20B"
"165","GO_Biological_Process_2017","double-strand break repair (GO:0006302)",1.47753979697375e-05,0.000654005773292066,"BRIP1,EME1,CDCA5,MND1,TRIP13,BRCA2,REC8"
"167","GO_Biological_Process_2017","mitotic metaphase plate congression (GO:0007080)",1.92316937180085e-05,0.000808692720842257,"CENPE,CCNB1,CDCA5,KIF14,CDCA8,KIF2C"
"173","GO_Biological_Process_2017","collagen fibril organization (GO:0030199)",2.39241785904405e-05,0.000958106390217165,"COL1A1,COL1A2,COL5A1,LUM,LOXL2"
"168","GO_Biological_Process_2017","retrograde vesicle-mediated transport, Golgi to ER (GO:0006890)",2.53044292782477e-05,0.000967319319227559,"CENPE,RACGAP1,KIF26A,KIF4A,KIF23,KIF2C,KIF11,KIF15"
"177","GO_Biological_Process_2017","mitotic chromosome condensation (GO:0007076)",3.10627923328857e-05,0.00112244224053221,"CDCA5,NUSAP1,NCAPG,NCAPH"
"810","GO_Biological_Process_2017","regulation of mitotic centrosome separation (GO:0046602)",3.20316453897419e-05,0.00112244224053221,"CHEK1,NEK2,KIF11"
"172","GO_Biological_Process_2017","kidney development (GO:0001822)",3.47615789990425e-05,0.00116937951752779,"BMP4,CENPF,ACE,SIX1,SULF1,STRA6"
"169","GO_Biological_Process_2017","DNA damage response, signal transduction by p53 class mediator resulting in cell cycle arrest (GO:0006977)",3.70649902475568e-05,0.00119890987685366,"CCNB1,PCNA,TP53,GTSE1,E2F7,SOX4,AURKA"
"175","GO_Biological_Process_2017","glycosaminoglycan metabolic process (GO:0030203)",5.26828480806119e-05,0.00164097315688128,"CHST9,BCAN,GPC3,SDC1,HSPG2"
"170","GO_Biological_Process_2017","osteoblast differentiation (GO:0001649)",5.57896831738626e-05,0.00167568298390066,"BMP4,MRC2,BMP2,LRRC17,TNC,SNAI2,SOX8"
"171","GO_Biological_Process_2017","antigen processing and presentation of exogenous peptide antigen via MHC class II (GO:0019886)",5.95100984679798e-05,0.00172579285557141,"CENPE,RACGAP1,KIF26A,KIF4A,KIF23,KIF2C,KIF11,KIF15"
"184","GO_Biological_Process_2017","regulation of cyclin-dependent protein serine/threonine kinase activity (GO:0000079)",7.45497763705598e-05,0.00208987873092136,"CDKN2C,CDC6,PKMYT1,CDC25A,CDKN3"
"191","GO_Biological_Process_2017","mitotic sister chromatid segregation (GO:0000070)",9.86409079055847e-05,0.00267603237253538,"ESPL1,PLK1,NUSAP1,NDC80"
"275","GO_Biological_Process_2017","positive regulation of ossification (GO:0045778)",0.000109648000335552,0.00279436267521815,"BMP4,BMP2,WNT5A"
"598","GO_Biological_Process_2017","regulation of mitotic metaphase/anaphase transition (GO:0030071)",0.000109648000335552,0.00279436267521815,"CENPE,PLK1,CDC6"
"163","GO_Biological_Process_2017","cellular protein metabolic process (GO:0044267)",0.000113752568759035,0.00279638784929,"BMP4,VGF,MMP2,IGFBP2,TNC,GPC3,IGF2,LAMB1,TGFBI,LYZ,HSPG2"
"180","GO_Biological_Process_2017","positive regulation of cytokinesis (GO:0032467)",0.000119702690338216,0.00279638784929,"RACGAP1,KIF14,KIF23,CDC6,KIF20B"
"181","GO_Biological_Process_2017","epithelial to mesenchymal transition (GO:0001837)",0.000119702690338216,0.00279638784929,"BMP2,WNT5A,SNAI2,FAM83D,LOXL2"
"193","GO_Biological_Process_2017","branching involved in ureteric bud morphogenesis (GO:0001658)",0.000125341246771398,0.00284897266310123,"BMP4,BMP2,MYC,SIX1"
"157","GO_Biological_Process_2017","negative regulation of transcription, DNA-templated (GO:0045892)",0.000144527176383431,0.00319861461417015,"WNT5A,FOXM1,LOXL2,BMP4,CENPF,BMP2,SFRP2,HEY1,TIMELESS,BIRC5,ID3,SOX8,TRIB3,TP53,MDFI,LHX9,EZH2"
"285","GO_Biological_Process_2017","DNA strand elongation involved in DNA replication (GO:0006271)",0.000173501244547672,0.0036478636666148,"GINS1,GINS2,GINS4"
"556","GO_Biological_Process_2017","epithelial to mesenchymal transition involved in endocardial cushion formation (GO:0003198)",0.000173501244547672,0.0036478636666148,"BMP4,HEY1,SNAI2"
"178","GO_Biological_Process_2017","anaphase-promoting complex-dependent catabolic process (GO:0031145)",0.000190586219240518,0.00388155157369529,"CDC20,CCNB1,PTTG1,PLK1,BUB1B,MAD2L1,AURKA"
"204","GO_Biological_Process_2017","G2 DNA damage checkpoint (GO:0031572)",0.000193846808674438,0.00388155157369529,"PLK1,CHEK1,CLSPN,DTL"
"509","GO_Biological_Process_2017","response to gamma radiation (GO:0010332)",0.000257382620498841,0.00491951781453467,"FANCD2,MYC,TP53"
"512","GO_Biological_Process_2017","negative regulation of myoblast differentiation (GO:0045662)",0.000257382620498841,0.00491951781453467,"BMP4,MSTN,SOX8"
"201","GO_Biological_Process_2017","regulation of transcription involved in G1/S transition of mitotic cell cycle (GO:0000083)",0.00028587838293081,0.00534274933432913,"CDT1,PCNA,CDC6,FBXO5"
"186","GO_Biological_Process_2017","cellular response to UV (GO:0034644)",0.000304788250509167,0.0055723243190915,"PCNA,MYC,BMF,TP53,CDC25A"
"200","GO_Biological_Process_2017","regulation of ubiquitin-protein ligase activity involved in mitotic cell cycle (GO:0051439)",0.000342026935517895,0.0061164018793641,"CDC20,CCNB1,PLK1,FBXO5"
"247","GO_Biological_Process_2017","embryonic skeletal system development (GO:0048706)",0.000363638637298698,0.0061164018793641,"COL1A1,WNT5A,SULF1"
"489","GO_Biological_Process_2017","pulmonary valve morphogenesis (GO:0003184)",0.000363638637298698,0.0061164018793641,"BMP4,HEY1,STRA6"
"557","GO_Biological_Process_2017","mitotic spindle midzone assembly (GO:0051256)",0.000363638637298698,0.0061164018793641,"RACGAP1,KIF4A,KIF23"
"161","GO_Biological_Process_2017","negative regulation of apoptotic process (GO:0043066)",0.000372868080725212,0.00614866776254712,"NGFR,PLK1,WNT5A,NME2,KIF14,DHRS2,MMP9,BMP4,PAX7,MYC,BIRC5,SOX8,TP53,MAD2L1"
"208","GO_Biological_Process_2017","cellular response to BMP stimulus (GO:0071773)",0.000405647486926673,0.00656056800971793,"TMEM100,BMP4,BMP2,ADAMTS7"
"516","GO_Biological_Process_2017","positive regulation of cartilage development (GO:0061036)",0.000494498582980226,0.00770135756085871,"BMP4,BMP2,SOX6"
"547","GO_Biological_Process_2017","positive regulation of ubiquitin protein ligase activity (GO:1904668)",0.000494498582980226,0.00770135756085871,"CDC20,PLK1,FBXO5"
"188","GO_Biological_Process_2017","Notch signaling pathway (GO:0007219)",0.000590346688336172,0.00902693754346765,"BMP2,HEY1,MDK,MYC,SNAI2"
"162","GO_Biological_Process_2017","positive regulation of transcription, DNA-templated (GO:0045893)",0.000636544124708266,0.00955952872999378,"RET,EGR2,MSTN,WNT5A,SIX1,FOXM1,BRCA2,COL1A1,BMP4,TOX3,BMP2,MYCN,MYC,CKS2,SOX8,TP53,SOX4"
"174","GO_Biological_Process_2017","multicellular organism development (GO:0007275)",0.000772622051445471,0.0113995639520288,"RECQL4,HELLS,CDK4,IGF2,HUNK,C19ORF57,ID3,ANGPTL2,PCOLCE,TP53"
"225","GO_Biological_Process_2017","positive regulation of protein localization to nucleus (GO:1900182)",0.000838382697903925,0.0119505059141898,"NGFR,PLK1,GTSE1"
"370","GO_Biological_Process_2017","mitotic spindle assembly checkpoint (GO:0007094)",0.000838382697903925,0.0119505059141898,"CENPF,PLK1,BUB1B"
"189","GO_Biological_Process_2017","canonical Wnt signaling pathway (GO:0060070)",0.000869335171568347,0.012185181321483,"TCF7L1,PTK7,MYC,SNAI2,SOX4"
"185","GO_Biological_Process_2017","positive regulation of ubiquitin-protein ligase activity involved in regulation of mitotic cell cycle transition (GO:0051437)",0.00101666006867733,0.0140165757009448,"CDC20,CCNB1,PLK1,BUB1B,FBXO5,MAD2L1"
"386","GO_Biological_Process_2017","inner ear morphogenesis (GO:0042472)",0.00105531111389353,0.0143147846255557,"SIX1,EPHB2,ATP6V1B1"
"206","GO_Biological_Process_2017","positive regulation of epithelial cell proliferation (GO:0050679)",0.00125010526827248,0.0166879131843994,"BMP4,MYC,NME2,LAMB1"
"182","GO_Biological_Process_2017","proteolysis (GO:0006508)",0.0012804135564545,0.0168254343902849,"ACAN,ST14,MMP25,MMP14,ACE,MMP15,MMP2,CTSK,MMP9"
"392","GO_Biological_Process_2017","blood vessel development (GO:0001568)",0.00130465867440798,0.0168802760796479,"COL1A1,COL1A2,STRA6"
"183","GO_Biological_Process_2017","positive regulation of cell migration (GO:0030335)",0.00144863108763606,0.018296291669611,"COL1A1,RET,BMP2,MMP14,SNAI2,LAMB1,GTSE1,MMP9"
"196","GO_Biological_Process_2017","muscle organ development (GO:0007517)",0.00145761182147911,0.018296291669611,"MSTN,TCF12,COL6A3,MKX,SOX6"
"205","GO_Biological_Process_2017","regulation of mitotic cell cycle (GO:0007346)",0.00157500686756882,0.0194791290533144,"PLK1,CKS2,BIRC5,FBXO5"
"203","GO_Biological_Process_2017","mitotic spindle assembly (GO:0090307)",0.00175761506271932,0.021422525619521,"TPX2,BIRC5,MYBL2,KIF11"
"195","GO_Biological_Process_2017","retinoid metabolic process (GO:0001523)",0.00184245456244043,0.0221357755287486,"GPC3,SDC1,HSPG2,RPE65,STRA6"
"837","GO_Biological_Process_2017","telencephalon development (GO:0021537)",0.00214797828079374,0.0247458867691443,"BMP4,BMP2"
"916","GO_Biological_Process_2017","negative regulation of cardiac muscle cell differentiation (GO:2000726)",0.00214797828079374,0.0247458867691443,"BMP2,SOX6"
"939","GO_Biological_Process_2017","double-strand break repair via break-induced replication (GO:0000727)",0.00214797828079374,0.0247458867691443,"GINS2,GINS4"
"198","GO_Biological_Process_2017","DNA repair (GO:0006281)",0.00226023588161355,0.0256872753572567,"RAD51AP1,RECQL4,FANCD2,CHEK1,NUDT1,RAD54L,TICRR"
"187","GO_Biological_Process_2017","protein ubiquitination involved in ubiquitin-dependent protein catabolic process (GO:0042787)",0.00236794343089278,0.0265525390050778,"CDC20,CCNB1,PTTG1,PLK1,BUB1B,MAD2L1,AURKA"
"356","GO_Biological_Process_2017","spindle organization (GO:0007051)",0.00265870574600221,0.029420678057735,"ASPM,KIF11,AURKA"
"259","GO_Biological_Process_2017","calcium-dependent cell-cell adhesion via plasma membrane cell adhesion molecules (GO:0016339)",0.00309368085226064,0.0327199221843309,"PCDHB2,PCDHB5,PCDHB3"
"684","GO_Biological_Process_2017","enteric nervous system development (GO:0048484)",0.00319028967790146,0.0327199221843309,"KIF26A,SOX8"
"686","GO_Biological_Process_2017","negative regulation of stress-activated MAPK cascade (GO:0032873)",0.00319028967790146,0.0327199221843309,"MYC,FOXM1"
"698","GO_Biological_Process_2017","regulation of G2/M transition of mitotic cell cycle (GO:0010389)",0.00319028967790146,0.0327199221843309,"CENPF,KIF14"
"811","GO_Biological_Process_2017","dendritic spine development (GO:0060996)",0.00319028967790146,0.0327199221843309,"EPHB2,EPHB1"
"849","GO_Biological_Process_2017","positive regulation of osteoblast proliferation (GO:0033690)",0.00319028967790146,0.0327199221843309,"BMP2,SOX8"
"329","GO_Biological_Process_2017","protein localization to nucleus (GO:0034504)",0.00356985063198004,0.0361716190541592,"BMP4,COL1A1,SIX1"
"209","GO_Biological_Process_2017","cytokinesis (GO:0000910)",0.00377439320493193,0.0377888653017589,"ESPL1,PLK1,KIF23,BRCA2"
"264","GO_Biological_Process_2017","odontogenesis (GO:0042476)",0.00408837256578163,0.0395676753154308,"BMP4,COL1A2,LAMB1"
"328","GO_Biological_Process_2017","activation of protein kinase activity (GO:0032147)",0.00408837256578163,0.0395676753154308,"TPX2,KIF14,CLSPN"
"197","GO_Biological_Process_2017","negative regulation of ubiquitin-protein ligase activity involved in mitotic cell cycle (GO:0051436)",0.00440344691723577,0.0395676753154308,"CDC20,CCNB1,BUB1B,FBXO5,MAD2L1"
"632","GO_Biological_Process_2017","positive regulation of vascular smooth muscle cell proliferation (GO:1904707)",0.00442254634916824,0.0395676753154308,"MMP2,MMP9"
"646","GO_Biological_Process_2017","chromosome organization (GO:0051276)",0.00442254634916824,0.0395676753154308,"MYC,CDCA8"
"652","GO_Biological_Process_2017","regulation of attachment of spindle microtubules to kinetochore (GO:0051988)",0.00442254634916824,0.0395676753154308,"RACGAP1,NEK2"
"687","GO_Biological_Process_2017","positive regulation of double-strand break repair (GO:2000781)",0.00442254634916824,0.0395676753154308,"TIMELESS,FOXM1"
"753","GO_Biological_Process_2017","negative regulation of mitotic nuclear division (GO:0045839)",0.00442254634916824,0.0395676753154308,"BMP4,CHEK1"
"768","GO_Biological_Process_2017","replicative senescence (GO:0090399)",0.00442254634916824,0.0395676753154308,"CHEK1,TP53"
"777","GO_Biological_Process_2017","positive regulation of mitotic cell cycle spindle assembly checkpoint (GO:0090267)",0.00442254634916824,0.0395676753154308,"NDC80,MAD2L1"
"343","GO_Biological_Process_2017","positive regulation of mitotic nuclear division (GO:0045840)",0.00465032441035275,0.0407387794698611,"IGF2,NUSAP1,AURKA"
"349","GO_Biological_Process_2017","cerebral cortex development (GO:0021987)",0.00465032441035275,0.0407387794698611,"KIF14,TACC3,WDR62"
"218","GO_Biological_Process_2017","interstrand cross-link repair (GO:0036297)",0.00482014237319982,0.0417911312975366,"FANCI,RAD51AP1,EME1,FANCD2"
"179","GO_Biological_Process_2017","negative regulation of transcription from RNA polymerase II promoter (GO:0000122)",0.00511387237641816,0.0437711924983456,"FST,PLK1,FOXM1,BMP4,BMP2,H2AFY2,HEY1,MYC,SNAI2,TRIB3,TP53,RCOR2,MDFI,E2F7,EZH2"
"176","GO_Biological_Process_2017","positive regulation of transcription from RNA polymerase II promoter (GO:0045944)",0.00519408142084046,0.0437711924983456,"EGR2,ONECUT2,TCF12,WNT5A,NME2,CKAP2,SIX1,ETV1,FOXM1,BMP4,BMP2,SFRP2,HEY1,CREB3L4,MYC,MYBL2,SOX8,TP53,E2F7,SOX4"
"321","GO_Biological_Process_2017","positive regulation of release of cytochrome c from mitochondria (GO:0090200)",0.00525670682798205,0.0437711924983456,"BMF,MMP9,TP53"
"341","GO_Biological_Process_2017","reciprocal meiotic recombination (GO:0007131)",0.00525670682798205,0.0437711924983456,"MND1,TRIP13,REC8"
"565","GO_Biological_Process_2017","positive regulation of production of miRNAs involved in gene silencing by miRNA (GO:1903800)",0.00583889471752528,0.0460092874673393,"BMP4,MYCN"
"589","GO_Biological_Process_2017","DNA replication checkpoint (GO:0000076)",0.00583889471752528,0.0460092874673393,"CDT1,CDC6"
"601","GO_Biological_Process_2017","kinetochore assembly (GO:0051382)",0.00583889471752528,0.0460092874673393,"CENPE,CENPF"
"772","GO_Biological_Process_2017","hematopoietic stem cell proliferation (GO:0071425)",0.00583889471752528,0.0460092874673393,"SFRP2,WNT5A"
"331","GO_Biological_Process_2017","cell fate commitment (GO:0045165)",0.00590844595299958,0.0460092874673393,"BMP2,WNT5A,SOX8"
"358","GO_Biological_Process_2017","glycosaminoglycan catabolic process (GO:0006027)",0.00590844595299958,0.0460092874673393,"GPC3,SDC1,HSPG2"
"373","GO_Biological_Process_2017","DNA damage checkpoint (GO:0000077)",0.00590844595299958,0.0460092874673393,"BRIP1,CHEK1,CLSPN"
"199","GO_Biological_Process_2017","cell cycle arrest (GO:0007050)",0.00638706411164198,0.0492800084210175,"CDKN2C,MYC,KIF20B,TP53,PRR11,CDKN3"
"355","GO_Biological_Process_2017","strand displacement (GO:0000732)",0.00660639588881825,0.0505088994772377,"RAD51AP1,BRIP1,BRCA2"
"336","GO_Biological_Process_2017","replication fork processing (GO:0031297)",0.00735134114451503,0.0534330604985993,"PCNA,EME1,TONSL"
"351","GO_Biological_Process_2017","positive regulation of fibroblast proliferation (GO:0048146)",0.00735134114451503,0.0534330604985993,"CDK4,MYC,WNT5A"
"552","GO_Biological_Process_2017","adrenal gland development (GO:0030325)",0.00743361245937707,0.0534330604985993,"MDK,STRA6"
"558","GO_Biological_Process_2017","cardiac epithelial to mesenchymal transition (GO:0060317)",0.00743361245937707,0.0534330604985993,"BMP2,HEY1"
"713","GO_Biological_Process_2017","mitotic DNA replication checkpoint (GO:0033314)",0.00743361245937707,0.0534330604985993,"CLSPN,TICRR"
"729","GO_Biological_Process_2017","cytoplasmic sequestering of transcription factor (GO:0042994)",0.00743361245937707,0.0534330604985993,"TONSL,MDFI"
"820","GO_Biological_Process_2017","regulation of chromosome segregation (GO:0051983)",0.00743361245937707,0.0534330604985993,"KIF2C,MKI67"
"192","GO_Biological_Process_2017","positive regulation of apoptotic process (GO:0043065)",0.00801298517342882,0.0571094960241834,"TOP2A,BMP4,NGFR,BMP2,SFRP2,BMF,TP53,SOX4,GADD45G"
"190","GO_Biological_Process_2017","negative regulation of cell proliferation (GO:0008285)",0.00869253102196807,0.061413730745298,"BMP4,BMP2,SFRP2,CDKN2C,CDC6,TP53,DHRS2,E2F7,SOX4,CDKN3"
"322","GO_Biological_Process_2017","CENP-A containing nucleosome assembly (GO:0034080)",0.00898502181903056,0.061413730745298,"CENPH,HJURP,CENPM"
"352","GO_Biological_Process_2017","proteolysis involved in cellular protein catabolic process (GO:0051603)",0.00898502181903056,0.061413730745298,"CTSK,CPVL,ADAMTS7"
"484","GO_Biological_Process_2017","cardiac right ventricle morphogenesis (GO:0003215)",0.0092011059142777,0.061413730745298,"BMP4,SOX4"
"499","GO_Biological_Process_2017","macrophage differentiation (GO:0030225)",0.0092011059142777,0.061413730745298,"BMP4,MMP9"
"527","GO_Biological_Process_2017","DNA ligation (GO:0006266)",0.0092011059142777,0.061413730745298,"TOP2A,PCNA"
"529","GO_Biological_Process_2017","microtubule depolymerization (GO:0007019)",0.0092011059142777,0.061413730745298,"KIF14,KIF2C"
"682","GO_Biological_Process_2017","positive regulation of cell adhesion mediated by integrin (GO:0033630)",0.0092011059142777,0.061413730745298,"RET,SFRP2"
"332","GO_Biological_Process_2017","positive regulation of bone mineralization (GO:0030501)",0.00987499929559267,0.0653927118708145,"BMP4,FBN2,BMP2"
"316","GO_Biological_Process_2017","cellular response to drug (GO:0035690)",0.0108144606391677,0.0699767684286867,"MYC,FBP1,TP53"
"318","GO_Biological_Process_2017","positive regulation of Wnt signaling pathway (GO:0030177)",0.0108144606391677,0.0699767684286867,"BMP2,SULF1,SOX4"
"550","GO_Biological_Process_2017","protein O-linked fucosylation (GO:0036066)",0.0111359075441017,0.0699767684286867,"ADAMTS5,ADAMTS7"
"651","GO_Biological_Process_2017","supramolecular fiber organization (GO:0097435)",0.0111359075441017,0.0699767684286867,"MFAP4,COL5A1"
"680","GO_Biological_Process_2017","lung alveolus development (GO:0048286)",0.0111359075441017,0.0699767684286867,"BMP4,STRA6"
"695","GO_Biological_Process_2017","positive regulation of chondrocyte differentiation (GO:0032332)",0.0111359075441017,0.0699767684286867,"SOX6,LOXL2"
"207","GO_Biological_Process_2017","axon guidance (GO:0007411)",0.0111496872407182,0.0699767684286867,"RET,NGFR,WNT5A,EPHB2,NTN1,EPHB1"
"313","GO_Biological_Process_2017","angiogenesis (GO:0001525)",0.0127251124705236,0.0772824885846636,"CALCRL,HEY1,TGFBI,EPHB2,EPHB1"
"506","GO_Biological_Process_2017","positive regulation of branching involved in ureteric bud morphogenesis (GO:0090190)",0.0132326734318568,0.0772824885846636,"SIX1,SOX8"
"606","GO_Biological_Process_2017","keratan sulfate catabolic process (GO:0042340)",0.0132326734318568,0.0772824885846636,"ACAN,LUM"
"615","GO_Biological_Process_2017","negative regulation of chondrocyte differentiation (GO:0032331)",0.0132326734318568,0.0772824885846636,"SNAI2,ADAMTS7"
"621","GO_Biological_Process_2017","negative regulation of intrinsic apoptotic signaling pathway in response to DNA damage (GO:1902230)",0.0132326734318568,0.0772824885846636,"SFRP2,SNAI2"
"625","GO_Biological_Process_2017","hematopoietic progenitor cell differentiation (GO:0002244)",0.0132326734318568,0.0772824885846636,"BMP4,FST"
"627","GO_Biological_Process_2017","DNA damage response, signal transduction by p53 class mediator resulting in transcription of p21 class mediator (GO:0006978)",0.0132326734318568,0.0772824885846636,"FOXM1,TP53"
"642","GO_Biological_Process_2017","positive regulation of keratinocyte differentiation (GO:0045618)",0.0132326734318568,0.0772824885846636,"H2AFY2,NME2"
"674","GO_Biological_Process_2017","dermatan sulfate biosynthetic process (GO:0030208)",0.0132326734318568,0.0772824885846636,"BCAN,UST"
"715","GO_Biological_Process_2017","resolution of meiotic recombination intermediates (GO:0000712)",0.0132326734318568,0.0772824885846636,"TOP2A,EME1"
"215","GO_Biological_Process_2017","central nervous system development (GO:0007417)",0.0138530514814616,0.0791800199844877,"BCAN,ACAN,DCX,NES,HAPLN1"
"319","GO_Biological_Process_2017","positive regulation of epithelial to mesenchymal transition (GO:0010718)",0.0139341771197434,0.0791800199844877,"COL1A1,BMP2,EZH2"
"340","GO_Biological_Process_2017","positive regulation of osteoblast differentiation (GO:0045669)",0.0139341771197434,0.0791800199844877,"BMP4,FBN2,BMP2"
"410","GO_Biological_Process_2017","DNA damage response, detection of DNA damage (GO:0042769)",0.0139341771197434,0.0791800199844877,"PCNA,DTL,SOX4"
"357","GO_Biological_Process_2017","DNA synthesis involved in DNA repair (GO:0000731)",0.015075729813228,0.0850918709592267,"RAD51AP1,BRIP1,BRCA2"
"202","GO_Biological_Process_2017","regulation of transcription from RNA polymerase II promoter (GO:0006357)",0.0152326289345771,0.0854042728931954,"TCF19,BRIP1,TCF7L1,MYCN,SATB2,MYC,TCF12,MYBL2,SIM2,ZNF367"
"591","GO_Biological_Process_2017","DNA damage response, signal transduction by p53 class mediator (GO:0030330)",0.0154861808377716,0.0856834084510915,"TP53,E2F7"
"668","GO_Biological_Process_2017","dendritic spine morphogenesis (GO:0060997)",0.0154861808377716,0.0856834084510915,"EPHB2,EPHB1"
"212","GO_Biological_Process_2017","spermatogenesis (GO:0007283)",0.0163378286377224,0.0898046659106179,"ACE,RACGAP1,PTTG1,SOX8,TRIP13,REC8"
"325","GO_Biological_Process_2017","glycosaminoglycan biosynthetic process (GO:0006024)",0.01751293030281,0.0946327357930046,"GPC3,SDC1,HSPG2"
"461","GO_Biological_Process_2017","endocardial cushion morphogenesis (GO:0003203)",0.0178913257920187,0.0946327357930046,"BMP2,HEY1"
"526","GO_Biological_Process_2017","positive regulation of protein export from nucleus (GO:0046827)",0.0178913257920187,0.0946327357930046,"GTSE1,TP53"
"575","GO_Biological_Process_2017","ureteric bud development (GO:0001657)",0.0178913257920187,0.0946327357930046,"BMP4,SIX1"
"595","GO_Biological_Process_2017","peripheral nervous system development (GO:0007422)",0.0178913257920187,0.0946327357930046,"EGR2,SOX8"
"596","GO_Biological_Process_2017","regulation of double-strand break repair via homologous recombination (GO:0010569)",0.0178913257920187,0.0946327357930046,"RAD51AP1,CHEK1"
"248","GO_Biological_Process_2017","double-strand break repair via homologous recombination (GO:0000724)",0.0186677132125296,0.0975127131163811,"RAD51AP1,RECQL4,TONSL,BRCA2"
"249","GO_Biological_Process_2017","protein sumoylation (GO:0016925)",0.0186677132125296,0.0975127131163811,"TOP2A,PCNA,BIRC5,CDCA8"
"377","GO_Biological_Process_2017","positive regulation of protein binding (GO:0032092)",0.0188089496616451,0.097643991761997,"BMP4,BMP2,TRIB3"
"251","GO_Biological_Process_2017","sensory perception of sound (GO:0007605)",0.0195908471038203,0.100541897875161,"COL1A1,SNAI2,BIRC5,ATP6V1B1"
"496","GO_Biological_Process_2017","inner ear development (GO:0048839)",0.0204431207332372,0.100541897875161,"BMP2,SIX1"
"504","GO_Biological_Process_2017","negative regulation of phosphorylation (GO:0042326)",0.0204431207332372,0.100541897875161,"BMP4,CDKN2C"
"505","GO_Biological_Process_2017","positive regulation of pri-miRNA transcription from RNA polymerase II promoter (GO:1902895)",0.0204431207332372,0.100541897875161,"NGFR,TP53"
"522","GO_Biological_Process_2017","positive regulation of p38MAPK cascade (GO:1900745)",0.0204431207332372,0.100541897875161,"BMP2,GADD45G"
"540","GO_Biological_Process_2017","regulation of mitotic spindle organization (GO:0060236)",0.0204431207332372,0.100541897875161,"TPX2,TACC3"
"612","GO_Biological_Process_2017","positive regulation of synapse assembly (GO:0051965)",0.0204431207332372,0.100541897875161,"EPHB2,EPHB1"
"633","GO_Biological_Process_2017","negative regulation of catalytic activity (GO:0043086)",0.0204431207332372,0.100541897875161,"NES,TIMP4"
"634","GO_Biological_Process_2017","centriole replication (GO:0007099)",0.0204431207332372,0.100541897875161,"PLK4,WDR62"
"320","GO_Biological_Process_2017","cellular response to retinoic acid (GO:0071300)",0.0215564157077251,0.105400846570911,"RET,PTK7,WNT5A"
"554","GO_Biological_Process_2017","meiotic cell cycle (GO:0051321)",0.0231366921946797,0.111827345607619,"RAD54L,REC8"
"614","GO_Biological_Process_2017","face morphogenesis (GO:0060325)",0.0231366921946797,0.111827345607619,"CRISPLD1,STRA6"
"210","GO_Biological_Process_2017","positive regulation of cell proliferation (GO:0008284)",0.0248875354900951,0.119602384840971,"SFRP2,CDK4,MYC,IGF2,KIF14,BIRC5,KIF20B,FOXM1,FOLR2,SOX4"
"459","GO_Biological_Process_2017","folic acid metabolic process (GO:0046655)",0.0259672785238307,0.122688096845739,"MTHFD2,FOLR2"
"501","GO_Biological_Process_2017","negative regulation of Notch signaling pathway (GO:0045746)",0.0259672785238307,0.122688096845739,"MMP14,HEY1"
"573","GO_Biological_Process_2017","calcium ion homeostasis (GO:0055074)",0.0259672785238307,0.122688096845739,"FAM20A,ATP6V1B1"
"233","GO_Biological_Process_2017","positive regulation of protein phosphorylation (GO:0001934)",0.0271143586910918,0.127392042788873,"BMP4,BMP2,IGF2,FAM20A,MMP9"
"308","GO_Biological_Process_2017","mitotic nuclear envelope disassembly (GO:0007077)",0.0276737149528508,0.129297745974153,"CCNB2,CCNB1,PLK1"
"486","GO_Biological_Process_2017","negative regulation of fibroblast proliferation (GO:0048147)",0.0289302276656986,0.134421665562721,"MYC,TP53"
"381","GO_Biological_Process_2017","regulation of circadian rhythm (GO:0042752)",0.0293323850153086,0.135541405482827,"TOP2A,TIMELESS,EZH2"
"302","GO_Biological_Process_2017","SMAD protein signal transduction (GO:0060395)",0.0310425414779855,0.142659985699376,"BMP4,BMP2,MSTN"
"452","GO_Biological_Process_2017","lipid homeostasis (GO:0055088)",0.0320209949495639,0.14478310082034,"CETP,ABCB4"
"530","GO_Biological_Process_2017","positive regulation of activated T cell proliferation (GO:0042104)",0.0320209949495639,0.14478310082034,"IGFBP2,IGF2"
"548","GO_Biological_Process_2017","positive regulation of ubiquitin-protein transferase activity (GO:0051443)",0.0320209949495639,0.14478310082034,"PLK1,TRIB3"
"303","GO_Biological_Process_2017","positive regulation of pathway-restricted SMAD protein phosphorylation (GO:0010862)",0.0328040001432807,0.147530289414434,"BMP4,BMP2,MSTN"
"253","GO_Biological_Process_2017","ephrin receptor signaling pathway (GO:0048013)",0.0341739040657224,0.152873687868471,"MMP2,EPHB2,MMP9,EPHB1"
"545","GO_Biological_Process_2017","chondroitin sulfate biosynthetic process (GO:0030206)",0.0352351409592415,0.155961860772221,"CHST9,BCAN"
"549","GO_Biological_Process_2017","ventricular septum morphogenesis (GO:0060412)",0.0352351409592415,0.155961860772221,"HEY1,SOX4"
"255","GO_Biological_Process_2017","cellular protein modification process (GO:0006464)",0.0368528370051654,0.162268250897089,"MMP15,ST8SIA2,MAN2B1,LOXL2"
"224","GO_Biological_Process_2017","inflammatory response (GO:0006954)",0.0375397634944806,0.164431984889886,"NGFR,MMP25,BMP2,PTX3,TACR1,LYZ,FOLR2"
"239","GO_Biological_Process_2017","regulation of signal transduction by p53 class mediator (GO:1901796)",0.0382095812988053,0.165489617547751,"TPX2,BRIP1,CHEK1,TP53,AURKA"
"390","GO_Biological_Process_2017","synapse assembly (GO:0007416)",0.038393888494743,0.165489617547751,"PCDHB2,PCDHB5,PCDHB3"
"396","GO_Biological_Process_2017","positive regulation of neuron projection development (GO:0010976)",0.038393888494743,0.165489617547751,"RET,PTK7,WNT5A"
"513","GO_Biological_Process_2017","positive regulation of BMP signaling pathway (GO:0030513)",0.0385683294165984,0.165489617547751,"BMP4,SULF1"
"301","GO_Biological_Process_2017","protein homotetramerization (GO:0051289)",0.0403581112923896,0.172290211151775,"TK1,FBP1,TP53"
"477","GO_Biological_Process_2017","spindle assembly (GO:0051225)",0.0420163251015112,0.1775664794491,"HAUS8,NEK2"
"479","GO_Biological_Process_2017","sprouting angiogenesis (GO:0002040)",0.0420163251015112,0.1775664794491,"E2F7,LOXL2"
"295","GO_Biological_Process_2017","positive regulation of endothelial cell proliferation (GO:0001938)",0.0444360264901042,0.186853491390888,"BMP4,BMP2,WNT5A"
"460","GO_Biological_Process_2017","regulation of ERK1 and ERK2 cascade (GO:0070372)",0.0455749918341522,0.188810680455773,"FAM83D,EPHB1"
"480","GO_Biological_Process_2017","chondrocyte differentiation (GO:0002062)",0.0455749918341522,0.188810680455773,"BMP4,BMP2"
"490","GO_Biological_Process_2017","positive regulation of cell cycle (GO:0045787)",0.0455749918341522,0.188810680455773,"CDK4,CHEK1"
"441","GO_Biological_Process_2017","DNA replication initiation (GO:0006270)",0.0492402904716944,0.199091751378341,"GINS4,MCM2"
"445","GO_Biological_Process_2017","negative regulation of gene expression, epigenetic (GO:0045814)",0.0492402904716944,0.199091751378341,"H2AFY2,EZH2"
"451","GO_Biological_Process_2017","regulation of cell adhesion (GO:0030155)",0.0492402904716944,0.199091751378341,"RET,KIF14"
"457","GO_Biological_Process_2017","positive regulation of intrinsic apoptotic signaling pathway (GO:2001244)",0.0492402904716944,0.199091751378341,"BMF,TP53"
"463","GO_Biological_Process_2017","in utero embryonic development (GO:0001701)",0.0492402904716944,0.199091751378341,"BMP2,SOX8"
"300","GO_Biological_Process_2017","Ras protein signal transduction (GO:0007265)",0.0509209488570987,0.204901999946507,"CCNA2,TP53,NTN1"
"237","GO_Biological_Process_2017","cellular response to DNA damage stimulus (GO:0006974)",0.05194644090199,0.208033127612255,"TOP2A,MYC,CHEK1,TIMELESS,TP53,DTL"
"429","GO_Biological_Process_2017","mitotic cell cycle checkpoint (GO:0007093)",0.0530082769495919,0.210282834502862,"BUB1B,MAD2L1"
"436","GO_Biological_Process_2017","establishment of protein localization (GO:0045184)",0.0530082769495919,0.210282834502862,"PLK1,KIF14"
"258","GO_Biological_Process_2017","ciliary basal body docking (GO:0097711)",0.0553968827336503,0.218726659056337,"PLK4,HAUS8,PLK1,NEK2"
"244","GO_Biological_Process_2017","negative regulation of canonical Wnt signaling pathway (GO:0090090)",0.0586816353352112,0.221974125083639,"BMP2,SFRP2,WNT5A,IGFBP2,SNAI2"
"288","GO_Biological_Process_2017","negative regulation of neuron apoptotic process (GO:0043524)",0.0602365296916771,0.221974125083639,"TOX3,KIF14,SIX1"
"433","GO_Biological_Process_2017","base-excision repair (GO:0006284)",0.0608370011084739,0.221974125083639,"RECQL4,TP53"
"414","GO_Biological_Process_2017","cellular response to ionizing radiation (GO:0071479)",0.0648903089624353,0.221974125083639,"RAD51AP1,TP53"
"418","GO_Biological_Process_2017","beta-catenin-TCF complex assembly (GO:1904837)",0.0648903089624353,0.221974125083639,"TCF7L1,MYC"
"292","GO_Biological_Process_2017","animal organ morphogenesis (GO:0009887)",0.065172380840463,0.221974125083639,"BMP2,ONECUT2,ELN"
"256","GO_Biological_Process_2017","negative regulation of cell growth (GO:0030308)",0.0662417341259342,0.221974125083639,"SFRP2,CDKN2C,TP53,FBP1"
"241","GO_Biological_Process_2017","proteasome-mediated ubiquitin-dependent protein catabolic process (GO:0043161)",0.0667932298428569,0.221974125083639,"CDC20,KIF14,BUB1B,TP53,GTSE1,MAD2L1"
"398","GO_Biological_Process_2017","cell development (GO:0048468)",0.0690314413458471,0.221974125083639,"BMP2,MSTN"
"401","GO_Biological_Process_2017","negative regulation of fat cell differentiation (GO:0045599)",0.0690314413458471,0.221974125083639,"WNT5A,TRIB3"
"405","GO_Biological_Process_2017","negative regulation of cell cycle (GO:0045786)",0.0690314413458471,0.221974125083639,"BMP4,BMP2"
"412","GO_Biological_Process_2017","mismatch repair (GO:0006298)",0.0690314413458471,0.221974125083639,"RNASEH2A,PCNA"
"419","GO_Biological_Process_2017","positive regulation of protein insertion into mitochondrial membrane involved in apoptotic signaling pathway (GO:1900740)",0.0690314413458471,0.221974125083639,"BMF,TP53"
"423","GO_Biological_Process_2017","keratan sulfate biosynthetic process (GO:0018146)",0.0690314413458471,0.221974125083639,"ACAN,LUM"
"424","GO_Biological_Process_2017","neurogenesis (GO:0022008)",0.0690314413458471,0.221974125083639,"WDR62,EPHB1"
"438","GO_Biological_Process_2017","protein transport (GO:0015031)",0.0690314413458471,0.221974125083639,"CENPF,CALCRL"
"881","GO_Biological_Process_2017","positive regulation of insulin receptor signaling pathway (GO:0046628)",0.0723197506217802,0.221974125083639,"IGF2"
"884","GO_Biological_Process_2017","positive regulation of chromosome segregation (GO:0051984)",0.0723197506217802,0.221974125083639,"CDC6"
"885","GO_Biological_Process_2017","regulation of mitotic cell cycle spindle assembly checkpoint (GO:0090266)",0.0723197506217802,0.221974125083639,"CCNB1"
"889","GO_Biological_Process_2017","apoptotic chromosome condensation (GO:0030263)",0.0723197506217802,0.221974125083639,"TOP2A"
"899","GO_Biological_Process_2017","endocardial cushion development (GO:0003197)",0.0723197506217802,0.221974125083639,"BMP4"
"902","GO_Biological_Process_2017","histone modification (GO:0016570)",0.0723197506217802,0.221974125083639,"LOXL2"
"904","GO_Biological_Process_2017","negative regulation of protein export from nucleus (GO:0046826)",0.0723197506217802,0.221974125083639,"SOX4"
"908","GO_Biological_Process_2017","elastic fiber assembly (GO:0048251)",0.0723197506217802,0.221974125083639,"MFAP4"
"912","GO_Biological_Process_2017","negative regulation of membrane protein ectodomain proteolysis (GO:0051045)",0.0723197506217802,0.221974125083639,"TIMP4"
"913","GO_Biological_Process_2017","maintenance of DNA methylation (GO:0010216)",0.0723197506217802,0.221974125083639,"HELLS"
"915","GO_Biological_Process_2017","oligodendrocyte differentiation (GO:0048709)",0.0723197506217802,0.221974125083639,"SOX8"
"917","GO_Biological_Process_2017","membranous septum morphogenesis (GO:0003149)",0.0723197506217802,0.221974125083639,"BMP4"
"920","GO_Biological_Process_2017","olfactory bulb development (GO:0021772)",0.0723197506217802,0.221974125083639,"KIF14"
"924","GO_Biological_Process_2017","positive regulation of epidermal cell differentiation (GO:0045606)",0.0723197506217802,0.221974125083639,"BMP4"
"925","GO_Biological_Process_2017","regulation of gluconeogenesis (GO:0006111)",0.0723197506217802,0.221974125083639,"FBP1"
"929","GO_Biological_Process_2017","biomineral tissue development (GO:0031214)",0.0723197506217802,0.221974125083639,"FAM20A"
"932","GO_Biological_Process_2017","negative regulation of insulin-like growth factor receptor signaling pathway (GO:0043569)",0.0723197506217802,0.221974125083639,"BMP2"
"933","GO_Biological_Process_2017","establishment of protein localization to telomere (GO:0070200)",0.0723197506217802,0.221974125083639,"BRCA2"
"935","GO_Biological_Process_2017","DNA protection (GO:0042262)",0.0723197506217802,0.221974125083639,"NUDT1"
"936","GO_Biological_Process_2017","mesenchymal to epithelial transition involved in metanephros morphogenesis (GO:0003337)",0.0723197506217802,0.221974125083639,"BMP4"
"937","GO_Biological_Process_2017","tachykinin receptor signaling pathway (GO:0007217)",0.0723197506217802,0.221974125083639,"TACR1"
"941","GO_Biological_Process_2017","morphogenesis of an epithelium (GO:0002009)",0.0723197506217802,0.221974125083639,"TIMELESS"
"944","GO_Biological_Process_2017","chondrocyte development (GO:0002063)",0.0723197506217802,0.221974125083639,"SULF1"
"946","GO_Biological_Process_2017","regulation of Ras protein signal transduction (GO:0046578)",0.0723197506217802,0.221974125083639,"FOXM1"
"950","GO_Biological_Process_2017","positive regulation of mitotic metaphase/anaphase transition (GO:0045842)",0.0723197506217802,0.221974125083639,"ESPL1"
"951","GO_Biological_Process_2017","non-canonical Wnt signaling pathway (GO:0035567)",0.0723197506217802,0.221974125083639,"WNT5A"
"952","GO_Biological_Process_2017","regulation of insulin-like growth factor receptor signaling pathway (GO:0043567)",0.0723197506217802,0.221974125083639,"IGFBP2"
"953","GO_Biological_Process_2017","positive regulation of cell cycle G1/S phase transition (GO:1902808)",0.0723197506217802,0.221974125083639,"FAM83D"
"954","GO_Biological_Process_2017","type B pancreatic cell development (GO:0003323)",0.0723197506217802,0.221974125083639,"BMP4"
"955","GO_Biological_Process_2017","membrane repolarization during atrial cardiac muscle cell action potential (GO:0098914)",0.0723197506217802,0.221974125083639,"KCNN2"
"956","GO_Biological_Process_2017","digestive tract morphogenesis (GO:0048546)",0.0723197506217802,0.221974125083639,"STRA6"
"959","GO_Biological_Process_2017","positive regulation of myotube differentiation (GO:0010831)",0.0723197506217802,0.221974125083639,"MMP14"
"961","GO_Biological_Process_2017","peripheral nervous system neuron development (GO:0048935)",0.0723197506217802,0.221974125083639,"ETV1"
"962","GO_Biological_Process_2017","fructose metabolic process (GO:0006000)",0.0723197506217802,0.221974125083639,"FBP1"
"963","GO_Biological_Process_2017","diaphragm development (GO:0060539)",0.0723197506217802,0.221974125083639,"STRA6"
"965","GO_Biological_Process_2017","regulation of fibroblast growth factor receptor signaling pathway (GO:0040036)",0.0723197506217802,0.221974125083639,"SULF1"
"971","GO_Biological_Process_2017","presynapse assembly (GO:0099054)",0.0723197506217802,0.221974125083639,"WNT5A"
"972","GO_Biological_Process_2017","de novo centriole assembly involved in multi-ciliated epithelial cell differentiation (GO:0098535)",0.0723197506217802,0.221974125083639,"PLK4"
"973","GO_Biological_Process_2017","substrate-dependent cell migration, cell extension (GO:0006930)",0.0723197506217802,0.221974125083639,"NTN1"
"977","GO_Biological_Process_2017","steroid hormone mediated signaling pathway (GO:0043401)",0.0723197506217802,0.221974125083639,"BMP4"
"978","GO_Biological_Process_2017","galactose metabolic process (GO:0006012)",0.0723197506217802,0.221974125083639,"GALK1"
"982","GO_Biological_Process_2017","commissural neuron axon guidance (GO:0071679)",0.0723197506217802,0.221974125083639,"EPHB2"
"983","GO_Biological_Process_2017","noradrenergic neuron differentiation (GO:0003357)",0.0723197506217802,0.221974125083639,"SOX4"
"984","GO_Biological_Process_2017","negative regulation of glycolytic process (GO:0045820)",0.0723197506217802,0.221974125083639,"FBP1"
"985","GO_Biological_Process_2017","regulation of histone H3-K9 acetylation (GO:2000615)",0.0723197506217802,0.221974125083639,"CHEK1"
"440","GO_Biological_Process_2017","cellular response to transforming growth factor beta stimulus (GO:0071560)",0.0732569014903091,0.222415357954332,"WNT5A,SOX6"
"498","GO_Biological_Process_2017","telomere maintenance (GO:0000723)",0.0732569014903091,0.222415357954332,"RECQL4,PCNA"
"500","GO_Biological_Process_2017","substrate adhesion-dependent cell spreading (GO:0034446)",0.0732569014903091,0.222415357954332,"KIF14,LAMB1"
"271","GO_Biological_Process_2017","nervous system development (GO:0007399)",0.0773154611992419,0.22428102559063,"PCDHB2,MDK,ST8SIA2,DCX,PCDHB3,EPHB2,SIM2"
"431","GO_Biological_Process_2017","embryo development (GO:0009790)",0.0775632767169581,0.22428102559063,"BMP2,MDFI"
"444","GO_Biological_Process_2017","nucleobase-containing small molecule interconversion (GO:0015949)",0.0775632767169581,0.22428102559063,"RRM1,NME2"
"478","GO_Biological_Process_2017","positive regulation of neuron differentiation (GO:0045666)",0.0775632767169581,0.22428102559063,"BMP2,TCF12"
"277","GO_Biological_Process_2017","regulation of transcription, DNA-templated (GO:0006355)",0.0806307525102654,0.22428102559063,"HES6,BMP2,TCF7L1,CRABP2,IGF2,NME2,SIX1,SOX6,TP53,SOX4,EZH2"
"482","GO_Biological_Process_2017","positive regulation of fat cell differentiation (GO:0045600)",0.0819472367221126,0.22428102559063,"BMP2,SFRP2"
"781","GO_Biological_Process_2017","cellular response to magnesium ion (GO:0071286)",0.0861456428142601,0.22428102559063,"FBP1"
"804","GO_Biological_Process_2017","regulation of myelination (GO:0031641)",0.0861456428142601,0.22428102559063,"KIF14"
"827","GO_Biological_Process_2017","cochlea development (GO:0090102)",0.0861456428142601,0.22428102559063,"MCM2"
"836","GO_Biological_Process_2017","mesenchymal cell differentiation (GO:0048762)",0.0861456428142601,0.22428102559063,"BMP2"
"839","GO_Biological_Process_2017","positive regulation of type I interferon-mediated signaling pathway (GO:0060340)",0.0861456428142601,0.22428102559063,"WNT5A"
"843","GO_Biological_Process_2017","urogenital system development (GO:0001655)",0.0861456428142601,0.22428102559063,"EPHB2"
"845","GO_Biological_Process_2017","aortic valve morphogenesis (GO:0003180)",0.0861456428142601,0.22428102559063,"BMP4"
"854","GO_Biological_Process_2017","neuromuscular process (GO:0050905)",0.0861456428142601,0.22428102559063,"STRA6"
"855","GO_Biological_Process_2017","heart trabecula formation (GO:0060347)",0.0861456428142601,0.22428102559063,"HEY1"
"859","GO_Biological_Process_2017","positive regulation of chromatin binding (GO:0035563)",0.0861456428142601,0.22428102559063,"CDT1"
"865","GO_Biological_Process_2017","wound healing, spreading of epidermal cells (GO:0035313)",0.0861456428142601,0.22428102559063,"COL5A1"
"867","GO_Biological_Process_2017","hematopoietic stem cell differentiation (GO:0060218)",0.0861456428142601,0.22428102559063,"ACE"
"872","GO_Biological_Process_2017","positive regulation of neuron migration (GO:2001224)",0.0861456428142601,0.22428102559063,"KIF20B"
"875","GO_Biological_Process_2017","post-embryonic development (GO:0009791)",0.0861456428142601,0.22428102559063,"BMP4"
"876","GO_Biological_Process_2017","Wnt signaling pathway involved in midbrain dopaminergic neuron differentiation (GO:1904953)",0.0861456428142601,0.22428102559063,"WNT5A"
"880","GO_Biological_Process_2017","negative regulation of cell division (GO:0051782)",0.0861456428142601,0.22428102559063,"MYC"
"894","GO_Biological_Process_2017","regulation of embryonic development (GO:0045995)",0.0861456428142601,0.22428102559063,"RACGAP1"
"901","GO_Biological_Process_2017","oxygen transport (GO:0015671)",0.0861456428142601,0.22428102559063,"MYC"
"914","GO_Biological_Process_2017","response to growth factor (GO:0070848)",0.0861456428142601,0.22428102559063,"MYC"
"931","GO_Biological_Process_2017","mitral valve morphogenesis (GO:0003183)",0.0861456428142601,0.22428102559063,"SOX4"
"934","GO_Biological_Process_2017","protein localization to microtubule (GO:0035372)",0.0861456428142601,0.22428102559063,"KIF20B"
"938","GO_Biological_Process_2017","retinal ganglion cell axon guidance (GO:0031290)",0.0861456428142601,0.22428102559063,"EPHB1"
"945","GO_Biological_Process_2017","organelle organization (GO:0006996)",0.0861456428142601,0.22428102559063,"KIF4A"
"948","GO_Biological_Process_2017","regulation of bicellular tight junction assembly (GO:2000810)",0.0861456428142601,0.22428102559063,"SNAI2"
"957","GO_Biological_Process_2017","negative regulation of cytokinesis (GO:0032466)",0.0861456428142601,0.22428102559063,"E2F7"
"958","GO_Biological_Process_2017","blood vessel endothelial cell proliferation involved in sprouting angiogenesis (GO:0002043)",0.0861456428142601,0.22428102559063,"BMP4"
"960","GO_Biological_Process_2017","ectoderm development (GO:0007398)",0.0861456428142601,0.22428102559063,"VAX2"
"964","GO_Biological_Process_2017","fructose 6-phosphate metabolic process (GO:0006002)",0.0861456428142601,0.22428102559063,"FBP1"
"966","GO_Biological_Process_2017","positive regulation of astrocyte differentiation (GO:0048711)",0.0861456428142601,0.22428102559063,"BMP2"
"967","GO_Biological_Process_2017","positive regulation of keratinocyte migration (GO:0051549)",0.0861456428142601,0.22428102559063,"MMP9"
"968","GO_Biological_Process_2017","regulation of blood vessel diameter (GO:0097746)",0.0861456428142601,0.22428102559063,"ACE"
"969","GO_Biological_Process_2017","protein insertion into mitochondrial membrane involved in apoptotic signaling pathway (GO:0001844)",0.0861456428142601,0.22428102559063,"BMF"
"970","GO_Biological_Process_2017","positive regulation of neural precursor cell proliferation (GO:2000179)",0.0861456428142601,0.22428102559063,"NES"
"975","GO_Biological_Process_2017","establishment of epithelial cell polarity (GO:0090162)",0.0861456428142601,0.22428102559063,"FERMT1"
"976","GO_Biological_Process_2017","regulation of cytokine biosynthetic process (GO:0042035)",0.0861456428142601,0.22428102559063,"IGF2BP2"
"979","GO_Biological_Process_2017","formation of translation preinitiation complex (GO:0001731)",0.0861456428142601,0.22428102559063,"TICRR"
"980","GO_Biological_Process_2017","regulation of cell cycle arrest (GO:0071156)",0.0861456428142601,0.22428102559063,"FOXM1"
"981","GO_Biological_Process_2017","neuroblast proliferation (GO:0007405)",0.0861456428142601,0.22428102559063,"RACGAP1"
"472","GO_Biological_Process_2017","centrosome cycle (GO:0007098)",0.0864055318565567,0.22428102559063,"HAUS8,PLK1"
"488","GO_Biological_Process_2017","positive regulation of telomerase activity (GO:0051973)",0.0864055318565567,0.22428102559063,"MYC,NEK2"
"492","GO_Biological_Process_2017","nucleotide-excision repair (GO:0006289)",0.0864055318565567,0.22428102559063,"BRCA2,TP53"
"304","GO_Biological_Process_2017","protein phosphorylation (GO:0006468)",0.0922121688451797,0.229244097349429,"RET,BMP2,CDK4,PLK1,HUNK,BIRC5,NEK2,AURKA"
"435","GO_Biological_Process_2017","negative regulation of Wnt signaling pathway (GO:0030178)",0.0955325225447402,0.229244097349429,"SFRP2,MDFI"
"525","GO_Biological_Process_2017","translesion synthesis (GO:0019985)",0.0955325225447402,0.229244097349429,"PCNA,DTL"
"327","GO_Biological_Process_2017","BMP signaling pathway (GO:0030509)",0.098398484144449,0.229244097349429,"BMP4,TMEM100,BMP2"
"747","GO_Biological_Process_2017","activation of MAPKKK activity (GO:0000185)",0.0997661588940441,0.229244097349429,"GADD45G"
"773","GO_Biological_Process_2017","folic acid transport (GO:0015884)",0.0997661588940441,0.229244097349429,"FOLR2"
"780","GO_Biological_Process_2017","ER overload response (GO:0006983)",0.0997661588940441,0.229244097349429,"TP53"
"783","GO_Biological_Process_2017","positive regulation of B cell differentiation (GO:0045579)",0.0997661588940441,0.229244097349429,"MMP14"
"785","GO_Biological_Process_2017","galactose catabolic process (GO:0019388)",0.0997661588940441,0.229244097349429,"GALK1"
"798","GO_Biological_Process_2017","tetrahydrofolate metabolic process (GO:0046653)",0.0997661588940441,0.229244097349429,"MTHFD2"
"800","GO_Biological_Process_2017","negative regulation of activin receptor signaling pathway (GO:0032926)",0.0997661588940441,0.229244097349429,"FST"
"801","GO_Biological_Process_2017","negative regulation of ubiquitin protein ligase activity (GO:1904667)",0.0997661588940441,0.229244097349429,"MAD2L1"
"802","GO_Biological_Process_2017","cardiac septum morphogenesis (GO:0060411)",0.0997661588940441,0.229244097349429,"HEY1"
"805","GO_Biological_Process_2017","establishment of protein localization to chromatin (GO:0071169)",0.0997661588940441,0.229244097349429,"H2AFY2"
"808","GO_Biological_Process_2017","cardiac ventricle morphogenesis (GO:0003208)",0.0997661588940441,0.229244097349429,"HEY1"
"809","GO_Biological_Process_2017","metanephric mesenchyme development (GO:0072075)",0.0997661588940441,0.229244097349429,"SIX1"
"817","GO_Biological_Process_2017","developmental growth (GO:0048589)",0.0997661588940441,0.229244097349429,"STRA6"
"819","GO_Biological_Process_2017","positive regulation of protein kinase C signaling (GO:0090037)",0.0997661588940441,0.229244097349429,"WNT5A"
"834","GO_Biological_Process_2017","very-low-density lipoprotein particle remodeling (GO:0034372)",0.0997661588940441,0.229244097349429,"CETP"
"840","GO_Biological_Process_2017","pharyngeal arch artery morphogenesis (GO:0061626)",0.0997661588940441,0.229244097349429,"BMP4"
"841","GO_Biological_Process_2017","chromatin assembly (GO:0031497)",0.0997661588940441,0.229244097349429,"TP53"
"846","GO_Biological_Process_2017","dorsal aorta morphogenesis (GO:0035912)",0.0997661588940441,0.229244097349429,"HEY1"
"850","GO_Biological_Process_2017","positive regulation of DNA biosynthetic process (GO:2000573)",0.0997661588940441,0.229244097349429,"MYC"
"882","GO_Biological_Process_2017","head development (GO:0060322)",0.0997661588940441,0.229244097349429,"STRA6"
"886","GO_Biological_Process_2017","motor neuron axon guidance (GO:0008045)",0.0997661588940441,0.229244097349429,"LHX9"
"887","GO_Biological_Process_2017","cellular response to hydroxyurea (GO:0072711)",0.0997661588940441,0.229244097349429,"TIMELESS"
"900","GO_Biological_Process_2017","regulation of cysteine-type endopeptidase activity involved in apoptotic process (GO:0043281)",0.0997661588940441,0.229244097349429,"NGFR"
"905","GO_Biological_Process_2017","positive regulation of transcription from RNA polymerase II promoter involved in cellular response to chemical stimulus (GO:1901522)",0.0997661588940441,0.229244097349429,"BMP2"
"906","GO_Biological_Process_2017","riboflavin metabolic process (GO:0006771)",0.0997661588940441,0.229244097349429,"ACP5"
"907","GO_Biological_Process_2017","negative regulation of keratinocyte proliferation (GO:0010839)",0.0997661588940441,0.229244097349429,"SNAI2"
"909","GO_Biological_Process_2017","keratinocyte proliferation (GO:0043616)",0.0997661588940441,0.229244097349429,"FERMT1"
"910","GO_Biological_Process_2017","positive regulation of histone deacetylation (GO:0031065)",0.0997661588940441,0.229244097349429,"TP53"
"918","GO_Biological_Process_2017","generation of neurons (GO:0048699)",0.0997661588940441,0.229244097349429,"SIX1"
"919","GO_Biological_Process_2017","thyroid gland development (GO:0030878)",0.0997661588940441,0.229244097349429,"SIX1"
"926","GO_Biological_Process_2017","negative regulation of cell adhesion mediated by integrin (GO:0033629)",0.0997661588940441,0.229244097349429,"SNAI2"
"927","GO_Biological_Process_2017","regulation of osteoblast differentiation (GO:0045667)",0.0997661588940441,0.229244097349429,"SNAI2"
"928","GO_Biological_Process_2017","embryonic eye morphogenesis (GO:0048048)",0.0997661588940441,0.229244097349429,"FBN2"
"940","GO_Biological_Process_2017","protein localization to chromatin (GO:0071168)",0.0997661588940441,0.229244097349429,"PLK1"
"942","GO_Biological_Process_2017","ganglioside biosynthetic process (GO:0001574)",0.0997661588940441,0.229244097349429,"ST8SIA2"
"943","GO_Biological_Process_2017","fructose 1,6-bisphosphate metabolic process (GO:0030388)",0.0997661588940441,0.229244097349429,"FBP1"
"947","GO_Biological_Process_2017","mannose metabolic process (GO:0006013)",0.0997661588940441,0.229244097349429,"MAN2B1"
"949","GO_Biological_Process_2017","cell cycle phase transition (GO:0044770)",0.0997661588940441,0.229244097349429,"TIMELESS"
"337","GO_Biological_Process_2017","oxidation-reduction process (GO:0055114)",0.102382270250341,0.234614412208547,"PXDN,DHRS2,PDIA5,LOXL2"
"342","GO_Biological_Process_2017","neutrophil degranulation (GO:0043312)",0.10430753592508,0.237376632198989,"CNN2,GRN,MMP25,PRDX4,NME2,MAN2B1,PTX3,LYZ,IQGAP2,CD68,MMP9"
"532","GO_Biological_Process_2017","negative regulation of cell death (GO:0060548)",0.104919803369576,0.237376632198989,"BMP4,SOX4"
"458","GO_Biological_Process_2017","retina homeostasis (GO:0001895)",0.109703739690331,0.237376632198989,"LYZ,RPE65"
"491","GO_Biological_Process_2017","negative regulation of cell migration (GO:0030336)",0.11073058086868,0.237376632198989,"SFRP2,SULF1,FAM60A"
"740","GO_Biological_Process_2017","arachidonic acid secretion (GO:0050482)",0.113184339490838,0.237376632198989,"ACE"
"742","GO_Biological_Process_2017","telomeric D-loop disassembly (GO:0061820)",0.113184339490838,0.237376632198989,"RECQL4"
"751","GO_Biological_Process_2017","neutrophil mediated immunity (GO:0002446)",0.113184339490838,0.237376632198989,"ACE"
"752","GO_Biological_Process_2017","eyelid development in camera-type eye (GO:0061029)",0.113184339490838,0.237376632198989,"STRA6"
"757","GO_Biological_Process_2017","atrioventricular valve morphogenesis (GO:0003181)",0.113184339490838,0.237376632198989,"BMP2"
"766","GO_Biological_Process_2017","histone phosphorylation (GO:0016572)",0.113184339490838,0.237376632198989,"CCNA2"
"769","GO_Biological_Process_2017","positive regulation of macrophage activation (GO:0043032)",0.113184339490838,0.237376632198989,"WNT5A"
"778","GO_Biological_Process_2017","DNA topological change (GO:0006265)",0.113184339490838,0.237376632198989,"TOP2A"
"782","GO_Biological_Process_2017","phospholipid homeostasis (GO:0055091)",0.113184339490838,0.237376632198989,"CETP"
"791","GO_Biological_Process_2017","mitotic sister chromatid cohesion (GO:0007064)",0.113184339490838,0.237376632198989,"CDCA5"
"794","GO_Biological_Process_2017","regulation of sensory perception of pain (GO:0051930)",0.113184339490838,0.237376632198989,"TMEM100"
"795","GO_Biological_Process_2017","positive regulation of synapse maturation (GO:0090129)",0.113184339490838,0.237376632198989,"CDC20"
"803","GO_Biological_Process_2017","phosphatidylcholine metabolic process (GO:0046470)",0.113184339490838,0.237376632198989,"CETP"
"812","GO_Biological_Process_2017","negative regulation of telomerase activity (GO:0051974)",0.113184339490838,0.237376632198989,"TP53"
"813","GO_Biological_Process_2017","ventricular septum development (GO:0003281)",0.113184339490838,0.237376632198989,"STRA6"
"815","GO_Biological_Process_2017","positive regulation of vasculogenesis (GO:2001214)",0.113184339490838,0.237376632198989,"TMEM100"
"818","GO_Biological_Process_2017","regulation of gene expression by genetic imprinting (GO:0006349)",0.113184339490838,0.237376632198989,"IGF2"
"824","GO_Biological_Process_2017","nucleoside triphosphate biosynthetic process (GO:0009142)",0.113184339490838,0.237376632198989,"NME2"
"832","GO_Biological_Process_2017","DNA damage induced protein phosphorylation (GO:0006975)",0.113184339490838,0.237376632198989,"CHEK1"
"833","GO_Biological_Process_2017","positive regulation of execution phase of apoptosis (GO:1900119)",0.113184339490838,0.237376632198989,"TP53"
"869","GO_Biological_Process_2017","endochondral ossification (GO:0001958)",0.113184339490838,0.237376632198989,"BMP4"
"892","GO_Biological_Process_2017","negative regulation of retinoic acid receptor signaling pathway (GO:0048387)",0.113184339490838,0.237376632198989,"EZH2"
"896","GO_Biological_Process_2017","regulation of pH (GO:0006885)",0.113184339490838,0.237376632198989,"ATP6V1B1"
"897","GO_Biological_Process_2017","cellular response to UV-B (GO:0071493)",0.113184339490838,0.237376632198989,"MFAP4"
"898","GO_Biological_Process_2017","protein localization to kinetochore (GO:0034501)",0.113184339490838,0.237376632198989,"BUB1B"
"903","GO_Biological_Process_2017","positive regulation of T cell chemotaxis (GO:0010820)",0.113184339490838,0.237376632198989,"WNT5A"
"921","GO_Biological_Process_2017","oligosaccharide catabolic process (GO:0009313)",0.113184339490838,0.237376632198989,"MAN2B1"
"922","GO_Biological_Process_2017","adipose tissue development (GO:0060612)",0.113184339490838,0.237376632198989,"SOX8"
"923","GO_Biological_Process_2017","glomerular basement membrane development (GO:0032836)",0.113184339490838,0.237376632198989,"SULF1"
"930","GO_Biological_Process_2017","chromatin-mediated maintenance of transcription (GO:0048096)",0.113184339490838,0.237376632198989,"CHEK1"
"364","GO_Biological_Process_2017","heart development (GO:0007507)",0.113902494545088,0.238288552020942,"BMP2,SOX4,STRA6"
"473","GO_Biological_Process_2017","male gonad development (GO:0008584)",0.114544117323523,0.239036234910876,"WNT5A,SOX8"
"330","GO_Biological_Process_2017","chemical synaptic transmission (GO:0007268)",0.114999397823339,0.239392310815417,"PCDHB2,PCDHB5,PRLHR,PCDHB3,TACR1"
"450","GO_Biological_Process_2017","Rho protein signal transduction (GO:0007266)",0.119438206885428,0.246647505079137,"NGFR,COL1A2"
"455","GO_Biological_Process_2017","chromatin organization (GO:0006325)",0.119438206885428,0.246647505079137,"TCF7L1,EZH2"
"689","GO_Biological_Process_2017","membrane protein proteolysis (GO:0033619)",0.126403180367548,0.246647505079137,"RET"
"692","GO_Biological_Process_2017","embryonic skeletal system morphogenesis (GO:0048704)",0.126403180367548,0.246647505079137,"SIX1"
"696","GO_Biological_Process_2017","energy reserve metabolic process (GO:0006112)",0.126403180367548,0.246647505079137,"MYC"
"727","GO_Biological_Process_2017","positive regulation of response to DNA damage stimulus (GO:2001022)",0.126403180367548,0.246647505079137,"MYC"
"731","GO_Biological_Process_2017","Notch signaling involved in heart development (GO:0061314)",0.126403180367548,0.246647505079137,"HEY1"
"739","GO_Biological_Process_2017","hair follicle development (GO:0001942)",0.126403180367548,0.246647505079137,"ALX4"
"746","GO_Biological_Process_2017","negative regulation of peptidyl-tyrosine phosphorylation (GO:0050732)",0.126403180367548,0.246647505079137,"SFRP2"
"750","GO_Biological_Process_2017","genitalia development (GO:0048806)",0.126403180367548,0.246647505079137,"WNT5A"
"761","GO_Biological_Process_2017","negative regulation of fatty acid biosynthetic process (GO:0045717)",0.126403180367548,0.246647505079137,"TRIB3"
"792","GO_Biological_Process_2017","neurotrophin TRK receptor signaling pathway (GO:0048011)",0.126403180367548,0.246647505079137,"NGFR"
"797","GO_Biological_Process_2017","axonal fasciculation (GO:0007413)",0.126403180367548,0.246647505079137,"EPHB2"
"799","GO_Biological_Process_2017","forebrain development (GO:0030900)",0.126403180367548,0.246647505079137,"VAX2"
"825","GO_Biological_Process_2017","cell cycle checkpoint (GO:0000075)",0.126403180367548,0.246647505079137,"TICRR"
"826","GO_Biological_Process_2017","anoikis (GO:0043276)",0.126403180367548,0.246647505079137,"BMF"
"857","GO_Biological_Process_2017","spinal cord development (GO:0021510)",0.126403180367548,0.246647505079137,"SOX4"
"864","GO_Biological_Process_2017","mitotic G1 DNA damage checkpoint (GO:0031571)",0.126403180367548,0.246647505079137,"TP53"
"870","GO_Biological_Process_2017","pattern specification process (GO:0007389)",0.126403180367548,0.246647505079137,"SIX1"
"873","GO_Biological_Process_2017","cardiac muscle tissue morphogenesis (GO:0055008)",0.126403180367548,0.246647505079137,"BMP2"
"879","GO_Biological_Process_2017","negative regulation of catenin import into nucleus (GO:0035414)",0.126403180367548,0.246647505079137,"SNAI2"
"883","GO_Biological_Process_2017","attachment of spindle microtubules to kinetochore (GO:0008608)",0.126403180367548,0.246647505079137,"NDC80"
"890","GO_Biological_Process_2017","positive regulation of protein homooligomerization (GO:0032464)",0.126403180367548,0.246647505079137,"BMF"
"893","GO_Biological_Process_2017","regulation of protein catabolic process (GO:0042176)",0.126403180367548,0.246647505079137,"FAM83D"
"895","GO_Biological_Process_2017","regulation of MAP kinase activity (GO:0043405)",0.126403180367548,0.246647505079137,"TRIB3"
"911","GO_Biological_Process_2017","protein deglycosylation (GO:0006517)",0.126403180367548,0.246647505079137,"MAN2B1"
"974","GO_Biological_Process_2017","oogenesis (GO:0048477)",0.126403180367548,0.246647505079137,"TRIP13"
"986","GO_Cellular_Component_2017","chromosome, centromeric region (GO:0000775)",6.12838653041113e-11,1.01731216404825e-08,"HELLS,CENPE,CENPF,CDCA5,NUF2,HJURP,BIRC5,CDCA8,KIF2C,NDC80"
"987","GO_Cellular_Component_2017","spindle midzone (GO:0051233)",2.38573672298128e-10,1.98016148007446e-08,"RACGAP1,PLK1,KIF14,CDCA8,BUB1B,CDC6,KIF20B,AURKA"
"990","GO_Cellular_Component_2017","kinetochore (GO:0000776)",1.43642701202212e-07,5.58954398062305e-06,"CDT1,CENPE,CENPF,CENPH,PLK1,BUB1B,KIF2C,NEK2,NDC80,MAD2L1"
"992","GO_Cellular_Component_2017","kinesin complex (GO:0005871)",1.68149756291604e-07,5.58954398062305e-06,"CENPE,KIF26A,KIF4A,KIF14,KIF23,KIF2C,KIF11,KIF20B"
"991","GO_Cellular_Component_2017","condensed chromosome kinetochore (GO:0000777)",1.68359758452502e-07,5.58954398062305e-06,"HJURP,BUB1B,BIRC5,NDC80,SPC25"
"993","GO_Cellular_Component_2017","spindle (GO:0005819)",1.26950555400612e-06,3.51229869941692e-05,"CDC20,TPX2,CENPF,PLK1,KIF23,KIF11,FBXO5,AURKA"
"989","GO_Cellular_Component_2017","endoplasmic reticulum lumen (GO:0005788)",2.06964540774318e-06,4.90801625264812e-05,"WNT5A,TNC,GPX8,LAMB1,PDIA5,COL1A1,BMP4,ADAMTS5,COL1A2,COL4A2,COL5A1,VGF,COL20A1,GPC3,COL6A3,ADAMTS7"
"988","GO_Cellular_Component_2017","centrosome (GO:0005813)",2.75501972701979e-06,5.71666593356607e-05,"PLK4,PCNA,PLK1,CKAP2,KIF23,WDR62,BRCA2,NDC80,KIF15,AURKA,CCNB2,CCNB1,ESPL1,HAUS8,CHEK1,POC1A,NEK2,KIF2C,KIF20B,DTL"
"996","GO_Cellular_Component_2017","spindle pole (GO:0000922)",3.72101944957882e-06,6.86321365144539e-05,"TPX2,CENPF,CCNB1,PLK1,POC1A,CDC6,KIF11,WDR62"
"994","GO_Cellular_Component_2017","microtubule cytoskeleton (GO:0015630)",2.55894042273127e-05,0.000424784110173391,"TPX2,CCNB2,CENPE,GAS2L3,PLK1,CKAP2,TACC3,KIF2C,AURKA,MCM2"
"1131","GO_Cellular_Component_2017","chromosome passenger complex (GO:0032133)",3.20316453897419e-05,0.000483386648608832,"BIRC5,CDCA8,AURKA"
"1001","GO_Cellular_Component_2017","basement membrane (GO:0005604)",6.28868232888835e-05,0.000869934388829555,"LAMB1,NID1,HSPG2,NID2,LOXL2"
"1002","GO_Cellular_Component_2017","mitotic spindle pole (GO:0097431)",7.63240567547935e-05,0.000962601830376563,"ASPM,KIF20B,FAM83D,AURKA"
"998","GO_Cellular_Component_2017","proteinaceous extracellular matrix (GO:0005578)",8.11832868992282e-05,0.000962601830376563,"BCAN,ACAN,POSTN,MMP25,LUM,COL6A3,HAPLN1,TIMP4"
"999","GO_Cellular_Component_2017","Golgi lumen (GO:0005796)",0.000109030873302617,0.00120660833121562,"BCAN,ACAN,MMP14,LUM,WNT5A,GPC3,SDC1,HSPG2"
"1105","GO_Cellular_Component_2017","condensed chromosome outer kinetochore (GO:0000940)",0.000173501244547672,0.0018000754121821,"CENPE,CENPF,BUB1B"
"997","GO_Cellular_Component_2017","nuclear chromatin (GO:0000790)",0.000230691180152225,0.00221167447333381,"RAD51AP1,H2AFY2,EME1,CDCA5,TCF12,TIMELESS,SNAI2,TP53,ASF1B,EZH2"
"1000","GO_Cellular_Component_2017","lysosomal lumen (GO:0043202)",0.000239820123614509,0.00221167447333381,"BCAN,ACAN,LUM,GPC3,SDC1,MAN2B1,HSPG2"
"1003","GO_Cellular_Component_2017","mitotic spindle (GO:0072686)",0.000590346688336172,0.00515776580335814,"TPX2,ESPL1,RACGAP1,KIF23,MAD2L1"
"1006","GO_Cellular_Component_2017","spindle microtubule (GO:0005876)",0.000975224532258255,0.00809436361774352,"KIF4A,PLK1,KIF11,AURKA"
"1010","GO_Cellular_Component_2017","cyclin-dependent protein kinase holoenzyme complex (GO:0000307)",0.00190729470950702,0.0148898400351866,"CCNA2,CDK4,CKS2"
"1146","GO_Cellular_Component_2017","condensin complex (GO:0000796)",0.00214797828079374,0.0148898400351866,"NCAPG,NCAPH"
"1149","GO_Cellular_Component_2017","plasma membrane protein complex (GO:0098797)",0.00214797828079374,0.0148898400351866,"RET,HSPG2"
"995","GO_Cellular_Component_2017","nucleolus (GO:0005730)",0.00215274795689445,0.0148898400351866,"PLK4,TOP2A,HJURP,CDCA8,SIX1,CDC6,PKMYT1,NPM3,MKI67,WEE1,MYCN,CENPH,CDK4,FANCD2,MYC,KIF20B,PHLDA1,DTL,TP53,MCM2"
"1005","GO_Cellular_Component_2017","chromatin (GO:0000785)",0.00414714901897094,0.0263782218789258,"CENPF,MYCN,CDK4,CHEK1,MCM2"
"1123","GO_Cellular_Component_2017","mitotic spindle midzone (GO:1990023)",0.00442254634916824,0.0263782218789258,"CENPE,KIF20B"
"1127","GO_Cellular_Component_2017","replication fork protection complex (GO:0031298)",0.00442254634916824,0.0263782218789258,"GINS2,GINS4"
"1004","GO_Cellular_Component_2017","nuclear chromosome, telomeric region (GO:0000784)",0.00444933863018026,0.0263782218789258,"PCNA,H2AFY2,MCM4,MCM5,BRCA2,MCM2"
"1115","GO_Cellular_Component_2017","microfibril (GO:0001527)",0.00743361245937707,0.0411326556085531,"FBN2,MFAP4"
"1116","GO_Cellular_Component_2017","nuclear replication fork (GO:0043596)",0.00743361245937707,0.0411326556085531,"PCNA,TONSL"
"1009","GO_Cellular_Component_2017","tertiary granule lumen (GO:1904724)",0.0090781278326228,0.0486119103295285,"CNN2,PTX3,LYZ,MMP9"
"1011","GO_Cellular_Component_2017","cytoplasmic microtubule (GO:0005881)",0.0139341771197434,0.0722835438086688,"CKAP2,KIF2C,GTSE1"
"1093","GO_Cellular_Component_2017","replication fork (GO:0005657)",0.0178913257920187,0.0899987903477304,"PCNA,TP53"
"1075","GO_Cellular_Component_2017","U2-type prespliceosome (GO:0071004)",0.0259672785238307,0.123159092427311,"LSM7,SNRPB"
"1079","GO_Cellular_Component_2017","condensed chromosome (GO:0000793)",0.0259672785238307,0.123159092427311,"FANCD2,MKI67"
"1076","GO_Cellular_Component_2017","ESC/E(Z) complex (GO:0035098)",0.0289302276656986,0.131599348987601,"H2AFY2,EZH2"
"1013","GO_Cellular_Component_2017","chromosome (GO:0005694)",0.0293323850153086,0.131599348987601,"RECQL4,CENPE,CDCA5"
"1008","GO_Cellular_Component_2017","nuclear body (GO:0016604)",0.0371146039807183,0.160058567078883,"CDT1,PCNA,FANCD2,TONSL,CDCA8,MKI67,TP53,SIM2"
"1052","GO_Cellular_Component_2017","U5 snRNP (GO:0005682)",0.0385683294165984,0.160058567078883,"WDR62,SNRPB"
"1058","GO_Cellular_Component_2017","anaphase-promoting complex (GO:0005680)",0.0385683294165984,0.160058567078883,"CDC20,BUB1B"
"1007","GO_Cellular_Component_2017","focal adhesion (GO:0005925)",0.0408623739104443,0.165442782173994,"MRC2,CNN2,MMP14,PTK7,ABCB4,RPLP0,NME2,TNC,KIF23,HSPG2"
"1039","GO_Cellular_Component_2017","nuclear chromosome (GO:0000228)",0.0530082769495919,0.209508904134101,"TOP2A,BIRC5"
"1027","GO_Cellular_Component_2017","U12-type spliceosomal complex (GO:0005689)",0.0608370011084739,0.221102648134387,"LSM7,SNRPB"
"1012","GO_Cellular_Component_2017","transcription factor complex (GO:0005667)",0.0643626732234408,0.221102648134387,"HES6,TCF7L1,SIX1,RCOR2"
"1014","GO_Cellular_Component_2017","specific granule lumen (GO:0035580)",0.065172380840463,0.221102648134387,"CNN2,PTX3,LYZ"
"1140","GO_Cellular_Component_2017","collagen type IV trimer (GO:0005587)",0.0723197506217802,0.221102648134387,"COL4A2"
"1141","GO_Cellular_Component_2017","microtubule minus-end (GO:0036449)",0.0723197506217802,0.221102648134387,"ASPM"
"1143","GO_Cellular_Component_2017","endolysosome lumen (GO:0036021)",0.0723197506217802,0.221102648134387,"CTSK"
"1144","GO_Cellular_Component_2017","cohesin complex (GO:0008278)",0.0723197506217802,0.221102648134387,"CDCA5"
"1145","GO_Cellular_Component_2017","Holliday junction resolvase complex (GO:0048476)",0.0723197506217802,0.221102648134387,"EME1"
"1147","GO_Cellular_Component_2017","U6 snRNP (GO:0005688)",0.0723197506217802,0.221102648134387,"LSM7"
"1148","GO_Cellular_Component_2017","Cul4B-RING E3 ubiquitin ligase complex (GO:0031465)",0.0723197506217802,0.221102648134387,"DTL"
"1150","GO_Cellular_Component_2017","macropinosome (GO:0044354)",0.0723197506217802,0.221102648134387,"MMP14"
"1151","GO_Cellular_Component_2017","deuterosome (GO:0098536)",0.0723197506217802,0.221102648134387,"PLK4"
"1074","GO_Cellular_Component_2017","chromosome, telomeric region (GO:0000781)",0.0732569014903091,0.221102648134387,"RECQL4,CHEK1"
"1133","GO_Cellular_Component_2017","DNA replication factor C complex (GO:0005663)",0.0861456428142601,0.228091135802464,"PCNA"
"1134","GO_Cellular_Component_2017","condensed chromosome, centromeric region (GO:0000779)",0.0861456428142601,0.228091135802464,"CENPE"
"1135","GO_Cellular_Component_2017","condensed nuclear chromosome, centromeric region (GO:0000780)",0.0861456428142601,0.228091135802464,"AURKA"
"1136","GO_Cellular_Component_2017","leading edge membrane (GO:0031256)",0.0861456428142601,0.228091135802464,"SCIMP"
"1137","GO_Cellular_Component_2017","spliceosomal tri-snRNP complex (GO:0097526)",0.0861456428142601,0.228091135802464,"LSM7"
"1139","GO_Cellular_Component_2017","postsynapse (GO:0098794)",0.0861456428142601,0.228091135802464,"EPHB2"
"1142","GO_Cellular_Component_2017","meiotic cohesin complex (GO:0030893)",0.0861456428142601,0.228091135802464,"REC8"
"1016","GO_Cellular_Component_2017","nuclear envelope (GO:0005635)",0.0865647081659954,0.228091135802464,"CENPF,NRM,DHRS2,LMNB1"
"1080","GO_Cellular_Component_2017","clathrin-coated vesicle membrane (GO:0030665)",0.0955325225447402,0.247181826513602,"SYT2,WNT5A"
"1128","GO_Cellular_Component_2017","U7 snRNP (GO:0005683)",0.0997661588940441,0.247181826513602,"SNRPB"
"1132","GO_Cellular_Component_2017","ciliary transition fiber (GO:0097539)",0.0997661588940441,0.247181826513602,"CENPF"
"1138","GO_Cellular_Component_2017","lateral element (GO:0000800)",0.0997661588940441,0.247181826513602,"BRCA2"
"1026","GO_Cellular_Component_2017","microtubule (GO:0005874)",0.101426824597966,0.247600777695034,"CENPE,KIF14,KIF11"
"1","KEGG_2016","Cell cycle_Homo sapiens_hsa04110",1.14131223263341e-22,1.64348961499211e-20,"PCNA,BUB1B,PKMYT1,CDC20,CCNB2,CCNB1,PTTG1,MYC,CHEK1,E2F2,CDKN2C,CDKN2A,PLK1,CDC6,CDC25A,GADD45G,CCNA2,WEE1,DBF4,ESPL1,CDK4,MCM4,MCM5,TP53,MAD2L1,MCM2"
"3","KEGG_2016","p53 signaling pathway_Homo sapiens_hsa04115",8.30895864109013e-07,5.9824502215849e-05,"CCNB2,CCNB1,TP53I3,CDK4,CDKN2A,CHEK1,TP53,GTSE1,GADD45G"
"2","KEGG_2016","HTLV-I infection_Homo sapiens_hsa05166",1.78042378194617e-06,6.7588237421055e-05,"EGR2,CDKN2C,PCNA,CDKN2A,WNT5A,BUB1B,CDC20,CCNB2,PTTG1,CDK4,MYC,CHEK1,E2F2,MYBL2,TP53,MAD2L1"
"5","KEGG_2016","Bladder cancer_Homo sapiens_hsa05219",2.21320573630368e-06,6.7588237421055e-05,"CDKN2A,CDK4,MMP2,MYC,E2F2,MMP9,TP53"
"4","KEGG_2016","Oocyte meiosis_Homo sapiens_hsa04114",2.34681379934219e-06,6.7588237421055e-05,"CDC20,CCNB2,CCNB1,PTTG1,ESPL1,PLK1,FBXO5,PKMYT1,REC8,MAD2L1,AURKA"
"8","KEGG_2016","ECM-receptor interaction_Homo sapiens_hsa04512",3.62796453041159e-06,8.70711487298781e-05,"COL1A1,COL1A2,COL4A2,TNC,COL6A3,SDC1,LAMB1,HMMR,HSPG2"
"6","KEGG_2016","Hepatitis B_Homo sapiens_hsa05161",1.23121809532105e-05,0.000253279151037474,"CCNA2,EGR2,PCNA,CREB3L4,CDK4,MYC,E2F2,BIRC5,TP53,HSPG2,MMP9"
"7","KEGG_2016","Pathways in cancer_Homo sapiens_hsa05200",3.12270082556367e-05,0.000562086148601461,"RET,TCF7L1,CDKN2A,MMP2,WNT5A,LAMB1,BRCA2,MMP9,BMP4,BMP2,COL4A2,CDK4,MYC,CKS2,BIRC5,E2F2,MET,TP53"
"9","KEGG_2016","MicroRNAs in cancer_Homo sapiens_hsa05206",0.000158351697673347,0.00253362716277355,"ST14,CDKN2A,CDCA5,TNC,KIF23,MMP9,CDC25A,MYC,E2F2,BMF,TP53,MET,SOX4,EZH2"
"12","KEGG_2016","DNA replication_Homo sapiens_hsa03030",0.000183322510244066,0.00263984414751455,"RNASEH2A,PCNA,MCM4,MCM5,MCM2"
"10","KEGG_2016","Proteoglycans in cancer_Homo sapiens_hsa05205",0.000244518578010095,0.00320097047576852,"LUM,MYC,MMP2,WNT5A,IGF2,GPC3,SDC1,TP53,HSPG2,MMP9,MET"
"11","KEGG_2016","Small cell lung cancer_Homo sapiens_hsa05222",0.000298815936312306,0.00358579123574767,"COL4A2,CDK4,MYC,CKS2,E2F2,LAMB1,TP53"
"13","KEGG_2016","Transcriptional misregulation in cancer_Homo sapiens_hsa05202",0.000382062408906372,0.00423207591403981,"NGFR,MYCN,CDKN2C,PAX7,MYC,SIX1,ETV1,TP53,MMP9,MET"
"14","KEGG_2016","Progesterone-mediated oocyte maturation_Homo sapiens_hsa04914",0.000661257012245151,0.0068015006973787,"CCNA2,CCNB2,CCNB1,PLK1,PKMYT1,CDC25A,MAD2L1"
"21","KEGG_2016","Thyroid cancer_Homo sapiens_hsa05216",0.000855134564820845,0.00820929182228012,"RET,TCF7L1,MYC,TP53"
"18","KEGG_2016","Fanconi anemia pathway_Homo sapiens_hsa03460",0.00113547626353922,0.010219286371853,"FANCI,BRIP1,EME1,FANCD2,BRCA2"
"15","KEGG_2016","Basal cell carcinoma_Homo sapiens_hsa05217",0.00134360074272915,0.011381088644294,"BMP4,BMP2,TCF7L1,WNT5A,TP53"
"19","KEGG_2016","Protein digestion and absorption_Homo sapiens_hsa04974",0.00227362967351469,0.0181890373881175,"COL1A1,COL1A2,COL5A1,COL4A2,ELN,COL6A3"
"17","KEGG_2016","Pancreatic cancer_Homo sapiens_hsa05212",0.0030229640767743,0.0229108856345,"CDK4,CDKN2A,E2F2,BRCA2,TP53"
"20","KEGG_2016","Melanoma_Homo sapiens_hsa05218",0.00414714901897094,0.0298594729365908,"CDK4,CDKN2A,E2F2,TP53,MET"
"22","KEGG_2016","Chronic myeloid leukemia_Homo sapiens_hsa05220",0.00467083116577372,0.0320285565653055,"CDK4,CDKN2A,MYC,E2F2,TP53"
"16","KEGG_2016","PI3K-Akt signaling pathway_Homo sapiens_hsa04151",0.00532966057624417,0.0348850510445073,"COL1A1,NGFR,COL1A2,COL4A2,CREB3L4,CDK4,MYC,TNC,COL6A3,LAMB1,TP53,MET"
"24","KEGG_2016","Hippo signaling pathway_Homo sapiens_hsa04390",0.00813220908932112,0.0504926573757889,"BMP4,BMP2,TCF7L1,MYC,WNT5A,BIRC5,SNAI2"
"25","KEGG_2016","TGF-beta signaling pathway_Homo sapiens_hsa04350",0.00841544289596482,0.0504926573757889,"BMP4,BMP2,MYC,FST,ID3"
"77","KEGG_2016","Homologous recombination_Homo sapiens_hsa03440",0.00898502181903056,0.051753725677616,"EME1,RAD54L,BRCA2"
"27","KEGG_2016","Non-small cell lung cancer_Homo sapiens_hsa05223",0.0096643213722144,0.0535254722153413,"CDK4,CDKN2A,E2F2,TP53"
"23","KEGG_2016","Viral carcinogenesis_Homo sapiens_hsa05203",0.0119962075956747,0.0639797738435983,"CDC20,CCNA2,EGR2,CREB3L4,CDKN2A,CDK4,CHEK1,TP53"
"30","KEGG_2016","Colorectal cancer_Homo sapiens_hsa05210",0.0136985797016061,0.0704498384654029,"TCF7L1,MYC,BIRC5,TP53"
"28","KEGG_2016","Glioma_Homo sapiens_hsa05214",0.0160625113519804,0.0797586770581097,"CDK4,CDKN2A,E2F2,TP53"
"26","KEGG_2016","AGE-RAGE signaling pathway in diabetic complications_Homo sapiens_hsa04933",0.017635302393162,0.0825542492156722,"COL1A1,COL1A2,COL4A2,CDK4,MMP2"
"32","KEGG_2016","Central carbon metabolism in cancer_Homo sapiens_hsa05230",0.0177720953172628,0.0825542492156722,"RET,MYC,TP53,MET"
"29","KEGG_2016","Wnt signaling pathway_Homo sapiens_hsa04310",0.0197754151528405,0.0889893681877823,"FRAT1,TCF7L1,SFRP2,MYC,WNT5A,TP53"
"31","KEGG_2016","Focal adhesion_Homo sapiens_hsa04510",0.0321111309356362,0.140121298628231,"COL1A1,COL1A2,COL4A2,TNC,COL6A3,LAMB1,MET"
"33","KEGG_2016","Lysosome_Homo sapiens_hsa04142",0.0371021311781427,0.157138437930957,"LAPTM4B,CTSK,ACP5,MAN2B1,CD68"
"46","KEGG_2016","Hedgehog signaling pathway_Homo sapiens_hsa04340",0.038393888494743,0.1579634269498,"BMP4,BMP2,WNT5A"
"39","KEGG_2016","Endometrial cancer_Homo sapiens_hsa05213",0.0423722745293672,0.169489098117469,"TCF7L1,MYC,TP53"
"35","KEGG_2016","Prostate cancer_Homo sapiens_hsa05215",0.0440652924798301,0.171497354516095,"TCF7L1,CREB3L4,E2F2,TP53"
"36","KEGG_2016","FoxO signaling pathway_Homo sapiens_hsa04068",0.0490843824040428,0.186003975425846,"PLK4,CCNB2,CCNB1,PLK1,GADD45G"
"34","KEGG_2016","Apoptosis_Homo sapiens_hsa04210",0.0586816353352112,0.216670653545395,"CTSK,BIRC5,TP53,GADD45G,LMNB1"
"37","KEGG_2016","Signaling pathways regulating pluripotency of stem cells_Homo sapiens_hsa04550",0.0616071800869783,0.219554637475588,"BMP4,BMP2,MYC,WNT5A,ID3"
"38","KEGG_2016","Amoebiasis_Homo sapiens_hsa05146",0.0625120842812437,0.219554637475588,"COL1A1,COL1A2,COL4A2,LAMB1"
