"","target","p","padj"
"Antiviral Agents","Antiviral Agents",0.003,0.369
"Antifungal Agents","Antifungal Agents",0.005,0.61
"Radiation-Sensitizing Agents","Radiation-Sensitizing Agents",0.011,1
"Phosphodiesterase Inhibitors","Phosphodiesterase Inhibitors",0.019,1
"Histone Deacetylase Inhibitors","Histone Deacetylase Inhibitors",0.038,1
"Antineoplastic Agents, Alkylating","Antineoplastic Agents, Alkylating",0.045,1
"Immunosuppressive Agents","Immunosuppressive Agents",0.055,1
"Protein Synthesis Inhibitors","Protein Synthesis Inhibitors",0.056,1
"Amebicides","Amebicides",0.071,1
"Emetics","Emetics",0.071,1
"Enzyme Inhibitors","Enzyme Inhibitors",0.079,1
"Estrogens","Estrogens",0.079,1
"Platelet Aggregation Inhibitors","Platelet Aggregation Inhibitors",0.109,1
"Antiprotozoal Agents","Antiprotozoal Agents",0.11,1
"Immunologic Factors","Immunologic Factors",0.11,1
"Protease Inhibitors","Protease Inhibitors",0.11,1
"Voltage-Gated Sodium Channel Blockers","Voltage-Gated Sodium Channel Blockers",0.113,1
"Cytochrome P-450 CYP3A Inducers","Cytochrome P-450 CYP3A Inducers",0.139,1
"Anti-Infective Agents","Anti-Infective Agents",0.151,1
"HIV Protease Inhibitors","HIV Protease Inhibitors",0.161,1
"Analgesics, Non-Narcotic","Analgesics, Non-Narcotic",0.202,1
"Adrenergic beta-2 Receptor Agonists","Adrenergic beta-2 Receptor Agonists",0.209,1
"Sympathomimetics","Sympathomimetics",0.209,1
"Tocolytic Agents","Tocolytic Agents",0.209,1
"Neuroprotective Agents","Neuroprotective Agents",0.211,1
"Anti-Ulcer Agents","Anti-Ulcer Agents",0.227,1
"Hypoglycemic Agents","Hypoglycemic Agents",0.235,1
"Estrogen Antagonists","Estrogen Antagonists",0.243,1
"Antitussive Agents","Antitussive Agents",0.247,1
"Protein Kinase Inhibitors","Protein Kinase Inhibitors",0.262,1
"Adrenergic alpha-1 Receptor Antagonists","Adrenergic alpha-1 Receptor Antagonists",0.289,1
"Cathartics","Cathartics",0.297,1
"Anticonvulsants","Anticonvulsants",0.302,1
"Cysteine Proteinase Inhibitors","Cysteine Proteinase Inhibitors",0.308,1
"Antineoplastic Agents","Antineoplastic Agents",0.331,1
"Antineoplastic Agents, Phytogenic","Antineoplastic Agents, Phytogenic",0.348,1
"Keratolytic Agents","Keratolytic Agents",0.36,1
"Anti-HIV Agents","Anti-HIV Agents",0.365,1
"Nucleic Acid Synthesis Inhibitors","Nucleic Acid Synthesis Inhibitors",0.381,1
"Anti-Arrhythmia Agents","Anti-Arrhythmia Agents",0.389,1
"Adrenergic alpha-2 Receptor Agonists","Adrenergic alpha-2 Receptor Agonists",0.414,1
"Sympatholytics","Sympatholytics",0.414,1
"Antidepressive Agents","Antidepressive Agents",0.417,1
"Antitubercular Agents","Antitubercular Agents",0.427,1
"Adrenergic alpha-1 Receptor Agonists","Adrenergic alpha-1 Receptor Agonists",0.432,1
"Nasal Decongestants","Nasal Decongestants",0.432,1
"Vasoconstrictor Agents","Vasoconstrictor Agents",0.432,1
"Antimalarials","Antimalarials",0.436,1
"Alkylating Agents","Alkylating Agents",0.439,1
"Cross-Linking Reagents","Cross-Linking Reagents",0.439,1
"Anti-Inflammatory Agents","Anti-Inflammatory Agents",0.443,1
"Anti-Infective Agents, Local","Anti-Infective Agents, Local",0.446,1
"Myeloablative Agonists","Myeloablative Agonists",0.455,1
"Glucocorticoids","Glucocorticoids",0.456,1
"Adjuvants, Immunologic","Adjuvants, Immunologic",0.469,1
"Bone Density Conservation Agents","Bone Density Conservation Agents",0.473,1
"Selective Estrogen Receptor Modulators","Selective Estrogen Receptor Modulators",0.473,1
"Gastrointestinal Agents","Gastrointestinal Agents",0.477,1
"Serotonin Antagonists","Serotonin Antagonists",0.486,1
"Coccidiostats","Coccidiostats",0.49,1
"Muscle Relaxants, Central","Muscle Relaxants, Central",0.506,1
"Uricosuric Agents","Uricosuric Agents",0.506,1
"Anti-Inflammatory Agents, Non-Steroidal","Anti-Inflammatory Agents, Non-Steroidal",0.515,1
"Antibiotics, Antineoplastic","Antibiotics, Antineoplastic",0.516,1
"Calcineurin Inhibitors","Calcineurin Inhibitors",0.516,1
"Bronchodilator Agents","Bronchodilator Agents",0.52,1
"Indicators and Reagents","Indicators and Reagents",0.52,1
"Topoisomerase I Inhibitors","Topoisomerase I Inhibitors",0.533,1
"Antimetabolites, Antineoplastic","Antimetabolites, Antineoplastic",0.54,1
"Antineoplastic Agents, Hormonal","Antineoplastic Agents, Hormonal",0.55,1
"Progestins","Progestins",0.564,1
"Antidepressive Agents, Second-Generation","Antidepressive Agents, Second-Generation",0.565,1
"Coloring Agents","Coloring Agents",0.581,1
"Narcotic Antagonists","Narcotic Antagonists",0.591,1
"Anti-Allergic Agents","Anti-Allergic Agents",0.605,1
"Antinematodal Agents","Antinematodal Agents",0.62,1
"Anticarcinogenic Agents","Anticarcinogenic Agents",0.625,1
"Anti-Anxiety Agents","Anti-Anxiety Agents",0.627,1
"Anti-Bacterial Agents","Anti-Bacterial Agents",0.634,1
"Teratogens","Teratogens",0.637,1
"Diuretics","Diuretics",0.645,1
"Sodium Chloride Symporter Inhibitors","Sodium Chloride Symporter Inhibitors",0.645,1
"Anticestodal Agents","Anticestodal Agents",0.655,1
"Adrenergic alpha-Antagonists","Adrenergic alpha-Antagonists",0.679,1
"Histamine H1 Antagonists","Histamine H1 Antagonists",0.679,1
"Cardiovascular Agents","Cardiovascular Agents",0.689,1
"Histamine H2 Antagonists","Histamine H2 Antagonists",0.693,1
"Analgesics","Analgesics",0.697,1
"Cytochrome P-450 CYP2C9 Inhibitors","Cytochrome P-450 CYP2C9 Inhibitors",0.722,1
"Cytochrome P-450 CYP2D6 Inhibitors","Cytochrome P-450 CYP2D6 Inhibitors",0.722,1
"Cytochrome P-450 CYP3A Inhibitors","Cytochrome P-450 CYP3A Inhibitors",0.722,1
"Potassium Channel Blockers","Potassium Channel Blockers",0.722,1
"Antimetabolites","Antimetabolites",0.739,1
"Reverse Transcriptase Inhibitors","Reverse Transcriptase Inhibitors",0.739,1
"Topoisomerase II Inhibitors","Topoisomerase II Inhibitors",0.755,1
"Antihypertensive Agents","Antihypertensive Agents",0.771,1
"Dopamine Antagonists","Dopamine Antagonists",0.777,1
"Anthelmintics","Anthelmintics",0.797,1
"Insecticides","Insecticides",0.797,1
"Histamine H1 Antagonists, Non-Sedating","Histamine H1 Antagonists, Non-Sedating",0.812,1
"Adrenergic Uptake Inhibitors","Adrenergic Uptake Inhibitors",0.815,1
"Phosphodiesterase 5 Inhibitors","Phosphodiesterase 5 Inhibitors",0.819,1
"Urological Agents","Urological Agents",0.819,1
"Calcium Channel Blockers","Calcium Channel Blockers",0.821,1
"Antirheumatic Agents","Antirheumatic Agents",0.822,1
"Cytochrome P-450 CYP1A2 Inhibitors","Cytochrome P-450 CYP1A2 Inhibitors",0.823,1
"Antiparasitic Agents","Antiparasitic Agents",0.827,1
"Antioxidants","Antioxidants",0.839,1
"Antidepressive Agents, Tricyclic","Antidepressive Agents, Tricyclic",0.842,1
"Contraceptives, Oral, Synthetic","Contraceptives, Oral, Synthetic",0.846,1
"Cardiotonic Agents","Cardiotonic Agents",0.855,1
"Vasodilator Agents","Vasodilator Agents",0.861,1
"GABA Antagonists","GABA Antagonists",0.862,1
"Antiemetics","Antiemetics",0.875,1
"Hydroxymethylglutaryl-CoA Reductase Inhibitors","Hydroxymethylglutaryl-CoA Reductase Inhibitors",0.881,1
"Tubulin Modulators","Tubulin Modulators",0.882,1
"Antipsychotic Agents","Antipsychotic Agents",0.924,1
"Cholinesterase Inhibitors","Cholinesterase Inhibitors",0.925,1
"Nootropic Agents","Nootropic Agents",0.925,1
"Antipruritics","Antipruritics",0.94,1
"Intercalating Agents","Intercalating Agents",0.959,1
"Trypanocidal Agents","Trypanocidal Agents",0.983,1
"Anticholesteremic Agents","Anticholesteremic Agents",0.989,1
