"","id","cmap_score","p","padj","sig_id","cell_id","pert_desc","pert_id","pert_type","pert_dose","pert_time","pert_time_unit","brew_prefix","is_gold","pert_mfc_id","pert_iname","pool_id","zmad_ref"
"141","32248",-1.11656441717791,0,0,"CPC006_SKLU1_6H:BRD-K28907958-001-02-7:11.1","SKLU1","-666","BRD-K28907958","trt_cp",11.1,"6","h","CPC006_SKLU1_6H","1","NULL","CD-437","epsilon","population"
"162","326013",-0.952965235173824,0,0,"LJP001_MCF10A_24H:BRD-K94294671-003-02-1:0.4","MCF10A","OSI-027","BRD-K94294671","trt_cp",0.4,"24","h","LJP001_MCF10A_24H","1","NULL","OSI-027","epsilon","population"
"77","18016",-0.95040899795501,0,0,"CPC006_A549_6H:BRD-A12230535-001-02-6:44.4","A549","Nutlin-3","BRD-A12230535","trt_cp",44.4,"6","h","CPC006_A549_6H","1","NULL","nutlin-3","epsilon","population"
"277","56955",-0.938820722563054,0,0,"CPC013_A549_24H:BRD-K47832606-001-13-7:10","A549","S1299","BRD-K47832606","trt_cp",10,"24","h","CPC013_A549_24H","1","NULL","floxuridine","epsilon","population"
"95","21732",-0.91291751874574,0,0,"CPC006_HA1E_24H:BRD-A19037878:10","HA1E","trichostatin-a","BRD-A19037878","trt_cp",10,"24","h","CPC006_HA1E_24H","1","NULL","trichostatin-a","epsilon","population"
"223","434321",-0.852079072937969,0.001,0.0564285714285714,"HOG001_A549_24H:BRD-A45889380-300-04-8:10","A549","quinacrine","BRD-A45889380","trt_cp",10,"24","h","HOG001_A549_24H","1","NULL","mepacrine","epsilon","population"
"124","28202",-0.83571915473756,0.001,0.0564285714285714,"CPC006_NCIH2073_6H:BRD-K73789395-001-06-5:102.71","NCIH2073","ZM 336372","BRD-K73789395","trt_cp",102.71,"6","h","CPC006_NCIH2073_6H","1","NULL","ZM-336372","epsilon","population"
"210","365945",-0.811520109066121,0.003,0.105333333333333,"RAD001_PC3_6H:BRD-K37890730-001-10-2:10","PC3","CAMPTOTHECIN","BRD-K37890730","trt_cp",10,"6","h","RAD001_PC3_6H","1","NULL","camptothecin","epsilon","population"
"39","13906",-0.806066802999318,0.003,0.105333333333333,"CPC004_PC3_24H:BRD-A35588707-001-03-0:10","PC3","TENIPOSIDE","BRD-A35588707","trt_cp",10,"24","h","CPC004_PC3_24H","1","NULL","teniposide","epsilon","population"
"135","31126",-0.794989775051125,0.003,0.105333333333333,"CPC005_PC3_24H:BRD-A19037878:10","PC3","trichostatin-a","BRD-A19037878","trt_cp",10,"24","h","CPC005_PC3_24H","1","NULL","trichostatin-a","epsilon","population"
"302","71176",-0.794308111792774,0.003,0.105333333333333,"CPC015_A375_6H:BRD-A34205397-001-03-7:10","A375","-666","BRD-A34205397","trt_cp",10,"6","h","CPC015_A375_6H","1","NULL","suloctidil","epsilon","population"
"388","96423",-0.791922290388548,0.004,0.105333333333333,"CPC018_HT29_6H:BRD-K03015355-003-01-5:10","HT29","-666","BRD-K03015355","trt_cp",10,"6","h","CPC018_HT29_6H","1","NULL","forskolin","epsilon","population"
"38","137934",-0.785957736877982,0.004,0.105333333333333,"DOS020_VCAP_24H:BRD-A79768653:10","VCAP","sirolimus","BRD-A79768653","trt_cp",10,"24","h","DOS020_VCAP_24H","1","NULL","sirolimus","epsilon","population"
"225","435282",-0.76414451261077,0.006,0.105333333333333,"HOG002_A549_6H:BRD-K15108141-001-01-7:3.7","A549","gemcitabine","BRD-K15108141","trt_cp",3.7,"6","h","HOG002_A549_6H","1","NULL","gemcitabine","epsilon","population"
"113","24921",-0.759713701431493,0.006,0.105333333333333,"CPC006_HT29_24H:BRD-K21672174-001-02-2:160","HT29","Ro 28-1675 ?","BRD-K21672174","trt_cp",160,"24","h","CPC006_HT29_24H","1","NULL","RO-28-1675","epsilon","population"
"206","35683",-0.753237900477164,0.006,0.105333333333333,"CPC007_A375_6H:BRD-K03067624-003-19-3:10","A375","EMETINE HYDROCHLORIDE","BRD-K03067624","trt_cp",10,"6","h","CPC007_A375_6H","1","NULL","emetine","epsilon","population"
"190","332862",-0.753067484662577,0.006,0.105333333333333,"NMH002_FIBRNPC_24H:BRD-A50287119-001-01-5:10","FIBRNPC","Rapamycin","BRD-A50287119","trt_cp",10,"24","h","NMH002_FIBRNPC_24H","1","NULL","sirolimus","epsilon","population"
"71","17656",-0.752897068847989,0.006,0.105333333333333,"CPC006_A375_24H:BRD-K92991072-001-02-3:10","A375","PAC 1","BRD-K92991072","trt_cp",10,"24","h","CPC006_A375_24H","1","NULL","PAC-1","epsilon","population"
"178","329323",-0.752385821404226,0.006,0.105333333333333,"LJP001_MDAMB231_24H:BRD-K64800655-001-03-3:10","MDAMB231","PHA-793887","BRD-K64800655","trt_cp",10,"24","h","LJP001_MDAMB231_24H","1","NULL","PHA-793887","epsilon","population"
"201","340084",-0.747443762781186,0.006,0.105333333333333,"MUC.CP002_NKDBA_24H:BRD-K60230970-001-10-0:1.1111","NKDBA","SA2688462","BRD-K60230970","trt_cp",1.1111,"24","h","MUC.CP002_NKDBA_24H","1","NULL","MG-132","epsilon","population"
"282","59185",-0.746932515337423,0.006,0.105333333333333,"CPC012_HA1E_6H:BRD-A59985574-003-01-9:10","HA1E","T542500","BRD-A59985574","trt_cp",10,"6","h","CPC012_HA1E_6H","1","NULL","topotecan","epsilon","population"
"172","328865",-0.746250852079073,0.006,0.105333333333333,"LJP001_MDAMB231_24H:BRD-K05804044-001-02-9:10","MDAMB231","AZ-628","BRD-K05804044","trt_cp",10,"24","h","LJP001_MDAMB231_24H","1","NULL","AZ-628","epsilon","population"
"371","902",-0.73227675528289,0.008,0.105333333333333,"CPC005_A375_24H:BRD-A72711497-236-02-0:10","A375","LASALOCID SODIUM","BRD-A72711497","trt_cp",10,"24","h","CPC005_A375_24H","1","NULL","lasalocid","epsilon","population"
"98","23040",-0.7280163599182,0.008,0.105333333333333,"CPC006_HCT116_6H:BRD-K78513633-001-07-4:177.6","HCT116","Lonidamine","BRD-K78513633","trt_cp",177.6,"6","h","CPC006_HCT116_6H","1","NULL","lonidamine","epsilon","population"
"128","29610",-0.727845944103613,0.008,0.105333333333333,"CPC006_OV7_6H:BRD-A35588707-001-03-0:1.25","OV7","TENIPOSIDE","BRD-A35588707","trt_cp",1.25,"6","h","CPC006_OV7_6H","1","NULL","teniposide","epsilon","population"
"161","325851",-0.716939331970007,0.008,0.105333333333333,"LJP001_MCF10A_24H:BRD-K85606544-001-04-2:0.4","MCF10A","HKI-272:Neratinib","BRD-K85606544","trt_cp",0.4,"24","h","LJP001_MCF10A_24H","1","NULL","neratinib","epsilon","population"
"281","59117",-0.715576005453306,0.008,0.105333333333333,"CPC013_HA1E_6H:BRD-K17210248-003-01-7:10","HA1E","S1216","BRD-K17210248","trt_cp",10,"6","h","CPC013_HA1E_6H","1","NULL","daunorubicin","epsilon","population"
"11","103714",-0.706884798909339,0.008,0.105333333333333,"CPD001_PC3_24H:BRD-K21680192-300-11-0:10","PC3","Mitoxantrone dihydrochloride","BRD-K21680192","trt_cp",10,"24","h","CPD001_PC3_24H","1","NULL","mitoxantrone","epsilon","population"
"197","33642",-0.702624403544649,0.008,0.105333333333333,"CPC006_SKMEL28_6H:BRD-A19037878:10","SKMEL28","trichostatin-a","BRD-A19037878","trt_cp",10,"6","h","CPC006_SKMEL28_6H","1","NULL","trichostatin-a","epsilon","population"
"144","322781",-0.701431492842536,0.008,0.105333333333333,"LJP001_BT20_24H:BRD-K79404599-001-05-1:0.4","BT20","LY317615:Enzastaurin","BRD-K79404599","trt_cp",0.4,"24","h","LJP001_BT20_24H","1","NULL","enzastaurin","epsilon","population"
"4","101742",-0.697341513292434,0.01,0.116176470588235,"CPC017_NPC_24H:BRD-K06426971-001-01-9:10","NPC","-666","BRD-K06426971","trt_cp",10,"24","h","CPC017_NPC_24H","1","NULL","ryuvidine","epsilon","population"
"28","115202",-0.697171097477846,0.01,0.116176470588235,"CPD002_PC3_24H:BRD-A19952358-001-07-1:10","PC3","Closantel","BRD-A19952358","trt_cp",10,"24","h","CPD002_PC3_24H","1","NULL","closantel","epsilon","population"
"29","115445",-0.693592365371506,0.01,0.116176470588235,"CPD002_PC3_24H:BRD-K82795137-001-18-9:10","PC3","Loratadine","BRD-K82795137","trt_cp",10,"24","h","CPD002_PC3_24H","1","NULL","loratadine","epsilon","population"
"308","73004",-0.688650306748466,0.01,0.116176470588235,"CPC014_A549_6H:BRD-A52886023-001-01-7:10","A549","A8674","BRD-A52886023","trt_cp",10,"6","h","CPC014_A549_6H","1","NULL","antimycin-a","epsilon","population"
"254","452429",-0.681152010906612,0.012,0.131666666666667,"ERG015_VCAP_24H:BRD-A19037878-001-01-5:0.4","VCAP","trichostatin-a","BRD-A19037878","trt_cp",0.4,"24","h","ERG015_VCAP_24H","1","NULL","trichostatin-a","epsilon","population"
"131","30092",-0.680640763462849,0.012,0.131666666666667,"CPC006_PC3_6H:BRD-K16406336-311-01-2:10","PC3","METHYLENE BLUE","BRD-K16406336","trt_cp",10,"6","h","CPC006_PC3_6H","1","NULL","methylene-blue","epsilon","population"
"329","77487",-0.673312883435583,0.015,0.137040816326531,"CPC016_HT29_6H:BRD-K08547377-003-03-2:10","HT29","-666","BRD-K08547377","trt_cp",10,"6","h","CPC016_HT29_6H","1","NULL","irinotecan","epsilon","population"
"236","440994",-0.671949556918882,0.016,0.137040816326531,"HOG001_MCF7_24H:BRD-A36630025-001-02-6:0.13704","MCF7","-666","BRD-A36630025","trt_cp",0.13704,"24","h","HOG001_MCF7_24H","1","NULL","SN-38","epsilon","population"
"92","20916",-0.671779141104294,0.016,0.137040816326531,"CPC006_EFO27_6H:BRD-A19633847-050-20-6:10","EFO27","PERHEXILINE MALEATE","BRD-A19633847","trt_cp",10,"6","h","CPC006_EFO27_6H","1","NULL","perhexiline","epsilon","population"
"177","329278",-0.671438309475119,0.016,0.137040816326531,"LJP002_MDAMB231_24H:BRD-K49865102-001-04-3:10","MDAMB231","PD0325901","BRD-K49865102","trt_cp",10,"24","h","LJP002_MDAMB231_24H","1","NULL","PD-0325901","epsilon","population"
"247","443585",-0.669734151329243,0.016,0.137040816326531,"HOG001_MCF7_6H:BRD-A75409952-001-01-6:10","MCF7","wortmannin","BRD-A75409952","trt_cp",10,"6","h","HOG001_MCF7_6H","1","NULL","wortmannin","epsilon","population"
"57","166122",-0.667518745739605,0.017,0.137040816326531,"ERG011_VCAP_6H:BRD-K82261406-001-03-8:2","VCAP","EWS-FLI-Inhibitor","BRD-K82261406","trt_cp",2,"6","h","ERG011_VCAP_6H","1","NULL","anisomycin","epsilon","population"
"108","23874",-0.665473755964553,0.017,0.137040816326531,"CPC006_HEPG2_6H:BRD-K73789395-001-06-5:102.71","HEPG2","ZM 336372","BRD-K73789395","trt_cp",102.71,"6","h","CPC006_HEPG2_6H","1","NULL","ZM-336372","epsilon","population"
"70","17565",-0.664962508520791,0.017,0.137040816326531,"CPC006_A375_24H:BRD-K92241597-001-02-9:80","A375","CHR 2797","BRD-K92241597","trt_cp",80,"24","h","CPC006_A375_24H","1","NULL","tosedostat","epsilon","population"
"312","73378",-0.661554192229039,0.017,0.137040816326531,"CPC015_A549_24H:BRD-A49160188-003-04-4:10","A549","-666","BRD-A49160188","trt_cp",10,"24","h","CPC015_A549_24H","1","NULL","donepezil","epsilon","population"
"82","19002",-0.6593387866394,0.017,0.137040816326531,"CPC006_AGS_6H:BRD-M86331534-373-01-5:10","AGS","BJM-ctd2-9","BRD-M86331534","trt_cp",10,"6","h","CPC006_AGS_6H","1","NULL","pyrvinium-pamoate","epsilon","population"
"32","11866",-0.656271301976824,0.017,0.137040816326531,"CPC004_PC3_6H:BRD-A48237631-001-03-0:10","PC3","MITOMYCIN C","BRD-A48237631","trt_cp",10,"6","h","CPC004_PC3_6H","1","NULL","mitomycin-c","epsilon","population"
"63","169134",-0.656271301976823,0.017,0.137040816326531,"HDAC002_HA1E_24H:BRD-K77908580-001-04-7:10","HA1E","MS275","BRD-K77908580","trt_cp",10,"24","h","HDAC002_HA1E_24H","1","NULL","entinostat","epsilon","population"
"89","20322",-0.655930470347648,0.017,0.137040816326531,"CPC006_DV90_6H:BRD-A36630025-001-02-6:0.35","DV90","-666","BRD-A36630025","trt_cp",0.35,"6","h","CPC006_DV90_6H","1","NULL","SN-38","epsilon","population"
"167","327264",-0.648602590320382,0.019,0.147156862745098,"LJP001_MCF7_24H:BRD-K13390322-001-02-2:2","MCF7","AT-7519:AT 7519","BRD-K13390322","trt_cp",2,"24","h","LJP001_MCF7_24H","1","NULL","AT-7519","epsilon","population"
"269","52740",-0.647920927062031,0.019,0.147156862745098,"CPC006_VCAP_24H:BRD-A62025033-001-01-8:10","VCAP","temsirolimus [CI779]","BRD-A62025033","trt_cp",10,"24","h","CPC006_VCAP_24H","1","NULL","temsirolimus","epsilon","population"
"307","72263",-0.645023858214042,0.022,0.161590909090909,"CPC016_A549_6H:BRD-A35588707-001-03-0:10","A549","-666","BRD-A35588707","trt_cp",10,"6","h","CPC016_A549_6H","1","NULL","teniposide","epsilon","population"
"12","103944",-0.637014314928425,0.023,0.161590909090909,"CPC020_PC3_24H:BRD-K21680192-003-15-1:10","PC3","mitoxantrone","BRD-K21680192","trt_cp",10,"24","h","CPC020_PC3_24H","1","NULL","mitoxantrone","epsilon","population"
"2","100826",-0.63667348329925,0.024,0.161590909090909,"CPD001_MCF7_24H:BRD-K77685957-300-06-7:10","MCF7","Dequalinium dichloride","BRD-K77685957","trt_cp",10,"24","h","CPD001_MCF7_24H","1","NULL","dequalinium","epsilon","population"
"80","18378",-0.634969325153374,0.024,0.161590909090909,"CPC006_A549_24H:BRD-A12230535-001-02-6:44.4","A549","Nutlin-3","BRD-A12230535","trt_cp",44.4,"24","h","CPC006_A549_24H","1","NULL","nutlin-3","epsilon","population"
"112","24896",-0.634458077709611,0.025,0.161590909090909,"CPC006_HT29_24H:BRD-K06980535-003-15-0:10","HT29","PROMAZINE HYDROCHLORIDE","BRD-K06980535","trt_cp",10,"24","h","CPC006_HT29_24H","1","NULL","promazine","epsilon","population"
"209","365413",-0.634117246080436,0.025,0.161590909090909,"PCLB001_MCF7_24H:BRD-A19037878-001-02-3:2.5","MCF7","trichostatin-a","BRD-A19037878","trt_cp",2.5,"24","h","PCLB001_MCF7_24H","1","NULL","trichostatin-a","epsilon","population"
"169","327886",-0.634117246080436,0.026,0.161590909090909,"LJP001_MCF7_24H:BRD-A45498368-001-03-0:0.08","MCF7","WYE-125132","BRD-A45498368","trt_cp",0.08,"24","h","LJP001_MCF7_24H","1","NULL","WYE-125132","epsilon","population"
"366","88643",-0.632242672119973,0.026,0.161590909090909,"CPC014_VCAP_24H:BRD-K84937637-001-03-2:10","VCAP","A-275","BRD-K84937637","trt_cp",10,"24","h","CPC014_VCAP_24H","1","NULL","sirolimus","epsilon","population"
"352","85187",-0.629004771642808,0.026,0.161590909090909,"CPC013_PC3_24H:BRD-K49328571-001-04-4:10","PC3","HY-10181","BRD-K49328571","trt_cp",10,"24","h","CPC013_PC3_24H","1","NULL","dasatinib","epsilon","population"
"121","27121",-0.625596455351057,0.026,0.161590909090909,"CPC006_MDST8_6H:BRD-K68336408-001-04-2:56.78","MDST8","Tyrphostin AG 1478","BRD-K68336408","trt_cp",56.78,"6","h","CPC006_MDST8_6H","1","NULL","tyrphostin-AG-1478","epsilon","population"
"151","32360",-0.625085207907294,0.026,0.161590909090909,"CPC006_SKLU1_6H:BRD-K23363278-001-01-3:1","SKLU1","CYT997","BRD-K23363278","trt_cp",1,"6","h","CPC006_SKLU1_6H","1","NULL","CYT-997","epsilon","population"
"130","30026",-0.624744376278119,0.026,0.161590909090909,"CPC006_PC3_6H:BRD-K74305673-001-01-3:10","PC3","IMD 0354","BRD-K74305673","trt_cp",10,"6","h","CPC006_PC3_6H","1","NULL","IKK-2-inhibitor-V","epsilon","population"
"87","20084",-0.623892297205181,0.027,0.161590909090909,"CPC006_COV644_6H:BRD-K88510285-001-01-2:0.04","COV644","B675700.cdx","BRD-K88510285","trt_cp",0.04,"6","h","CPC006_COV644_6H","1","NULL","bortezomib","epsilon","population"
"258","49155",-0.622188139059305,0.027,0.161590909090909,"CPC006_SW948_6H:BRD-A62025033-001-01-8:10","SW948","temsirolimus [CI779]","BRD-A62025033","trt_cp",10,"6","h","CPC006_SW948_6H","1","NULL","temsirolimus","epsilon","population"
"7","10209",-0.621506475800954,0.027,0.161590909090909,"CPC004_MCF7_6H:BRD-K98490050-001-01-8:10","MCF7","AMSACRINE","BRD-K98490050","trt_cp",10,"6","h","CPC004_MCF7_6H","1","NULL","amsacrine","epsilon","population"
"104","23695",-0.616394001363326,0.028,0.165074626865672,"CPC006_HEPG2_6H:BRD-M86331534-373-01-5:10","HEPG2","BJM-ctd2-9","BRD-M86331534","trt_cp",10,"6","h","CPC006_HEPG2_6H","1","NULL","pyrvinium-pamoate","epsilon","population"
"288","65356",-0.611281526925699,0.03,0.174264705882353,"CPC012_NPC_24H:BRD-A19037878:10","NPC","trichostatin-a","BRD-A19037878","trt_cp",10,"24","h","CPC012_NPC_24H","1","NULL","trichostatin-a","epsilon","population"
"43","14569",-0.604635310156783,0.031,0.174928571428571,"CPC003_VCAP_6H:BRD-K92093830-003-05-0:10","VCAP","Doxorubicin hydrochloride","BRD-K92093830","trt_cp",10,"6","h","CPC003_VCAP_6H","1","NULL","doxorubicin","epsilon","population"
"196","336164",-0.604464894342195,0.031,0.174928571428571,"MUC.CP003_MCF7_24H:BRD-K81418486-001-13-7:3.3333","MCF7","-666","BRD-K81418486","trt_cp",3.3333,"24","h","MUC.CP003_MCF7_24H","1","NULL","vorinostat","epsilon","population"
"88","20304",-0.603101567825494,0.032,0.178028169014085,"CPC006_COV644_6H:BRD-A79768653-001-02-1:10","COV644","sirolimus","BRD-A79768653","trt_cp",10,"6","h","CPC006_COV644_6H","1","NULL","sirolimus","epsilon","population"
"389","98496",-0.600034083162918,0.033,0.179066666666667,"CPC018_MCF7_6H:BRD-K63151507-001-01-6:10","MCF7","-666","BRD-K63151507","trt_cp",10,"6","h","CPC018_MCF7_6H","1","NULL","MNITMT","epsilon","population"
"65","17104",-0.597989093387866,0.034,0.179066666666667,"CPC006_A375_6H:BRD-K41859756-001-01-9:10","A375","-666","BRD-K41859756","trt_cp",10,"6","h","CPC006_A375_6H","1","NULL","NVP-AUY922","epsilon","population"
"22","112059",-0.596966598500341,0.034,0.179066666666667,"CPD002_MCF7_6H:BRD-K78643075-001-08-2:10","MCF7","Bromperidol","BRD-K78643075","trt_cp",10,"6","h","CPD002_MCF7_6H","1","NULL","bromperidol","epsilon","population"
"106","23825",-0.594239945466939,0.034,0.179066666666667,"CPC006_HEPG2_6H:BRD-K66874953-004-02-1:69.83","HEPG2","Pifithrin-a","BRD-K66874953","trt_cp",69.83,"6","h","CPC006_HEPG2_6H","1","NULL","pifithrin-alpha","epsilon","population"
"346","8273",-0.589468302658487,0.035,0.179545454545455,"CPC004_HCC515_24H:BRD-A27887842-001-03-2:10","HCC515","PREDNISOLONE","BRD-A27887842","trt_cp",10,"24","h","CPC004_HCC515_24H","1","NULL","prednisolone","epsilon","population"
"36","130411",-0.58640081799591,0.035,0.179545454545455,"DOS030_VCAP_6H:BRD-A19037878:10","VCAP","trichostatin-a","BRD-A19037878","trt_cp",10,"6","h","DOS030_VCAP_6H","1","NULL","trichostatin-a","epsilon","population"
"42","142130",-0.584867075664622,0.036,0.18,"DOS033_A375_24H:BRD-K81418486:0.5","A375","vorinostat","BRD-K81418486","trt_cp",0.5,"24","h","DOS033_A375_24H","1","NULL","vorinostat","epsilon","population"
"274","54506",-0.584355828220859,0.036,0.18,"CPC011_A375_6H:BRD-K55696337-003-16-0:10","A375","topotecan hcl","BRD-K55696337","trt_cp",10,"6","h","CPC011_A375_6H","1","NULL","topotecan","epsilon","population"
"317","74181",-0.582992501704158,0.037,0.1826875,"CPC014_A549_24H:BRD-K83963101-001-01-0:10","A549","HY-10180","BRD-K83963101","trt_cp",10,"24","h","CPC014_A549_24H","1","NULL","MLN-8054","epsilon","population"
"171","328540",-0.580436264485344,0.039,0.183392857142857,"LJP001_MDAMB231_6H:BRD-K78431006-001-04-5:10","MDAMB231","PF02341066:Crizotinib","BRD-K78431006","trt_cp",10,"6","h","LJP001_MDAMB231_6H","1","NULL","crizotinib","epsilon","population"
"273","54481",-0.579413769597819,0.039,0.183392857142857,"CPC011_A375_6H:BRD-K93880783-001-20-9:10","A375","stavudine","BRD-K93880783","trt_cp",10,"6","h","CPC011_A375_6H","1","NULL","stavudine","epsilon","population"
"326","7711",-0.57788002726653,0.039,0.183392857142857,"CPC004_HCC515_24H:BRD-A41519720-001-03-0:10","HCC515","EZETIMIBE","BRD-A41519720","trt_cp",10,"24","h","CPC004_HCC515_24H","1","NULL","ezetimibe","epsilon","population"
"52","15750",-0.576857532379005,0.039,0.183392857142857,"CPC004_VCAP_24H:BRD-K39987650-001-15-9:10","VCAP","BISACODYL","BRD-K39987650","trt_cp",10,"24","h","CPC004_VCAP_24H","1","NULL","bisacodyl","epsilon","population"
"117","25978",-0.575835037491479,0.04,0.183720930232558,"CPC005_MCF7_6H:BRD-A76941896-003-02-0:10","MCF7","Doxorubicin hydrochloride","BRD-A76941896","trt_cp",10,"6","h","CPC005_MCF7_6H","1","NULL","doxorubicin","epsilon","population"
"166","32721",-0.574130879345603,0.04,0.183720930232558,"CPC006_SKM1_6H:BRD-K74402642-003-01-2:10","SKM1","Chemistry 2804","BRD-K74402642","trt_cp",10,"6","h","CPC006_SKM1_6H","1","NULL","NSC-632839","epsilon","population"
"129","2987",-0.571574642126789,0.042,0.190689655172414,"CPC001_HA1E_6H:BRD-K86958018-001-01-9:10","HA1E","Olvanil","BRD-K86958018","trt_cp",10,"6","h","CPC001_HA1E_6H","1","NULL","olvanil","epsilon","population"
"372","9032",-0.570040899795501,0.045,0.19967032967033,"CPC004_HEPG2_6H:BRD-A58564983-001-03-8:10","HEPG2","SELAMECTIN","BRD-A58564983","trt_cp",10,"6","h","CPC004_HEPG2_6H","1","NULL","selamectin","epsilon","population"
"272","54292",-0.568507157464213,0.046,0.19967032967033,"CPC010_A375_6H:BRD-K10860596-003-06-3:10","A375","granisetron hcl","BRD-K10860596","trt_cp",10,"6","h","CPC010_A375_6H","1","NULL","granisetron","epsilon","population"
"188","332614",-0.568166325835038,0.046,0.19967032967033,"NMH002_FIBRNPC_24H:BRD-K04923131-001-11-3:10","FIBRNPC","BIO","BRD-K04923131","trt_cp",10,"24","h","NMH002_FIBRNPC_24H","1","NULL","GSK-3-inhibitor-IX","epsilon","population"
"271","54140",-0.56799591002045,0.046,0.19967032967033,"CPC012_A375_6H:BRD-A59985574-003-01-9:10","A375","T542500","BRD-A59985574","trt_cp",10,"6","h","CPC012_A375_6H","1","NULL","topotecan","epsilon","population"
"333","78856",-0.560838445807771,0.05,0.214673913043478,"CPC016_MCF7_6H:BRD-A82656074-003-01-2:10","MCF7","-666","BRD-A82656074","trt_cp",10,"6","h","CPC016_MCF7_6H","1","NULL","naltrindole","epsilon","population"
"304","720",-0.558963871847308,0.051,0.216612903225806,"CPC004_A375_6H:BRD-A19037878:10","A375","trichostatin-a","BRD-A19037878","trt_cp",10,"6","h","CPC004_A375_6H","1","NULL","trichostatin-a","epsilon","population"
"193","33440",-0.555385139740968,0.053,0.222712765957447,"CPC006_SKMEL28_6H:BRD-K74402642-003-01-2:10","SKMEL28","Chemistry 2804","BRD-K74402642","trt_cp",10,"6","h","CPC006_SKMEL28_6H","1","NULL","NSC-632839","epsilon","population"
"278","58155",-0.553510565780505,0.055,0.228684210526316,"CPC012_ASC_24H:BRD-A75409952:10","ASC","wortmannin","BRD-A75409952","trt_cp",10,"24","h","CPC012_ASC_24H","1","NULL","wortmannin","epsilon","population"
"323","76050",-0.551635991820041,0.057,0.229744897959184,"CPC014_HCC515_6H:BRD-K50168500-001-01-2:10","HCC515","S1019","BRD-K50168500","trt_cp",10,"6","h","CPC014_HCC515_6H","1","NULL","canertinib","epsilon","population"
"387","96274",-0.551635991820041,0.057,0.229744897959184,"CPC018_HT29_6H:BRD-A46747628-001-01-9:10","HT29","-666","BRD-A46747628","trt_cp",10,"6","h","CPC018_HT29_6H","1","NULL","ouabain","epsilon","population"
"297","6977",-0.549931833674165,0.057,0.229744897959184,"CPC003_HCC515_6H:BRD-A34205397-001-03-7:10","HCC515","SULOCTIDIL","BRD-A34205397","trt_cp",10,"6","h","CPC003_HCC515_6H","1","NULL","suloctidil","epsilon","population"
"358","8675",-0.548057259713701,0.06,0.239393939393939,"CPC003_HCC515_24H:BRD-K08996725-313-01-7:10","HCC515","Zolantidine dimaleate","BRD-K08996725","trt_cp",10,"24","h","CPC003_HCC515_24H","1","NULL","zolantidine","epsilon","population"
"25","114769",-0.546693933197001,0.062,0.2449,"CPD003_PC3_6H:BRD-K37682401-001-07-7:10","PC3","Piromidic acid","BRD-K37682401","trt_cp",10,"6","h","CPD003_PC3_6H","1","NULL","piromidic-acid","epsilon","population"
"268","52694",-0.543967280163599,0.068,0.260776699029126,"CPC006_VCAP_24H:BRD-K76703230-001-01-3:0.31","VCAP","YM-155","BRD-K76703230","trt_cp",0.31,"24","h","CPC006_VCAP_24H","1","NULL","YM-155","epsilon","population"
"284","61172",-0.543796864349012,0.068,0.260776699029126,"CPC013_HEPG2_6H:BRD-K87909389-001-02-0:10","HEPG2","HY-10005","BRD-K87909389","trt_cp",10,"6","h","CPC013_HEPG2_6H","1","NULL","alvocidib","epsilon","population"
"205","355911",-0.543626448534424,0.068,0.260776699029126,"NMH002_NPC_24H:BRD-K64994968-001-24-2:10","NPC","Progesterone","BRD-K64994968","trt_cp",10,"24","h","NMH002_NPC_24H","1","NULL","progesterone","epsilon","population"
"15","105072",-0.541922290388548,0.07,0.265865384615385,"CPC017_SKB_24H:BRD-K21667562-001-01-4:10","SKB","-666","BRD-K21667562","trt_cp",10,"24","h","CPC017_SKB_24H","1","NULL","AM-404","epsilon","population"
"182","330396",-0.54038854805726,0.071,0.267095238095238,"LJP002_SKBR3_6H:BRD-K50168500-001-03-8:0.08","SKBR3","PD-183805;Canertinib;CI-1033","BRD-K50168500","trt_cp",0.08,"6","h","LJP002_SKBR3_6H","1","NULL","canertinib","epsilon","population"
"344","82686",-0.531356509884117,0.075,0.2765,"CPC016_NPC_24H:BRD-A35588707-001-03-0:10","NPC","-666","BRD-A35588707","trt_cp",10,"24","h","CPC016_NPC_24H","1","NULL","teniposide","epsilon","population"
"231","436237",-0.526244035446489,0.076,0.2765,"CPC006_H1299_6H:BRD-K59184148-001-04-2:10","H1299","SB 216763","BRD-K59184148","trt_cp",10,"6","h","CPC006_H1299_6H","1","NULL","SB-216763","epsilon","population"
"383","94810",-0.526244035446489,0.076,0.2765,"CPC020_HCC515_6H:BRD-K79602928-003-10-8:10","HCC515","-666","BRD-K79602928","trt_cp",10,"6","h","CPC020_HCC515_6H","1","NULL","metformin","epsilon","population"
"343","82611",-0.525732788002727,0.077,0.2765,"CPC013_NEU_24H:BRD-K68202742-001-05-8:10","NEU","trichostatin-a","BRD-K68202742","trt_cp",10,"24","h","CPC013_NEU_24H","1","NULL","trichostatin-a","epsilon","population"
"363","88206",-0.525051124744376,0.077,0.2765,"CPC013_VCAP_6H:BRD-K82164249-001-01-9:10","VCAP","S1140","BRD-K82164249","trt_cp",10,"6","h","CPC013_VCAP_6H","1","NULL","andarine","epsilon","population"
"229","435780",-0.517552828902522,0.082,0.291801801801802,"AML001_CD34_24H:BRD-A19037878:1.11111","CD34","TRICHOSTATIN_A","BRD-A19037878","trt_cp",1.11111,"24","h","AML001_CD34_24H","1","NULL","trichostatin-a","epsilon","population"
"347","83210",-0.515678254942058,0.083,0.292723214285714,"CPC015_NPC_24H:BRD-K66353228-001-08-8:10","NPC","-666","BRD-K66353228","trt_cp",10,"24","h","CPC015_NPC_24H","1","NULL","zoxazolamine","epsilon","population"
"270","5365",-0.511077027948194,0.088,0.302260869565217,"CPC001_HA1E_24H:BRD-K05151076-001-01-8:10","HA1E","ZK 164015","BRD-K05151076","trt_cp",10,"24","h","CPC001_HA1E_24H","1","NULL","ZK-164015","epsilon","population"
"330","7749",-0.511077027948194,0.088,0.302260869565217,"CPC004_HCC515_24H:BRD-K66296774-001-02-0:10","HCC515","FLUVASTATIN","BRD-K66296774","trt_cp",10,"24","h","CPC004_HCC515_24H","1","NULL","fluvastatin","epsilon","population"
"368","89545",-0.509713701431493,0.088,0.302260869565217,"CPC018_A375_6H:BRD-K25906698-303-01-9:10","A375","-666","BRD-K25906698","trt_cp",10,"6","h","CPC018_A375_6H","1","NULL","immepip","epsilon","population"
"275","54546",-0.507498295841854,0.092,0.313275862068966,"CPC011_A375_6H:BRD-A75409952:10","A375","wortmannin","BRD-A75409952","trt_cp",10,"6","h","CPC011_A375_6H","1","NULL","wortmannin","epsilon","population"
"259","49467",-0.505282890252215,0.094,0.315336134453782,"CPC006_T3M10_6H:BRD-K68185022-001-06-4:70.07","T3M10","Ursolic Acid","BRD-K68185022","trt_cp",70.07,"6","h","CPC006_T3M10_6H","1","NULL","ursolic-acid","epsilon","population"
"134","3071",-0.501363326516701,0.095,0.315336134453782,"CPC003_HA1E_6H:BRD-K00312224-001-03-8:10","HA1E","PPT","BRD-K00312224","trt_cp",10,"6","h","CPC003_HA1E_6H","1","NULL","PPT","epsilon","population"
"40","13993",-0.499659168370825,0.095,0.315336134453782,"CPC003_PC3_24H:BRD-A60414806-065-01-6:10","PC3","VINCRISTINE SULFATE","BRD-A60414806","trt_cp",10,"24","h","CPC003_PC3_24H","1","NULL","vincristine","epsilon","population"
"90","20706",-0.498125426039537,0.096,0.316,"CPC006_EFO27_6H:BRD-K26664453-001-03-4:10","EFO27","-666","BRD-K26664453","trt_cp",10,"6","h","CPC006_EFO27_6H","1","NULL","cytochalasin-b","epsilon","population"
"249","445270",-0.494035446489434,0.102,0.330245901639344,"DOSBIO001_NEU_24H:BRD-A75409952:1.11111","NEU","wortmannin","BRD-A75409952","trt_cp",1.11111,"24","h","DOSBIO001_NEU_24H","1","NULL","wortmannin","epsilon","population"
"122","2796",-0.493524199045671,0.102,0.330245901639344,"CPC004_HA1E_6H:BRD-A31204924-001-07-6:10","HA1E","MITOTANE","BRD-A31204924","trt_cp",10,"6","h","CPC004_HA1E_6H","1","NULL","mitotane","epsilon","population"
"79","18280",-0.487559645535106,0.108,0.346829268292683,"CPC006_A549_24H:BRD-K47983010-001-02-1:10","A549","BX-795","BRD-K47983010","trt_cp",10,"24","h","CPC006_A549_24H","1","NULL","BX-795","epsilon","population"
"374","9059",-0.48653715064758,0.111,0.353588709677419,"CPC004_HEPG2_6H:BRD-K80431395-001-02-4:10","HEPG2","TRICIRIBINE","BRD-K80431395","trt_cp",10,"6","h","CPC004_HEPG2_6H","1","NULL","triciribine","epsilon","population"
"3","101213",-0.485514655760054,0.113,0.354246031746032,"CPD001_MCF7_24H:BRD-A45889380-336-04-2:10","MCF7","Quinacrine dihydrochloride dihydrate","BRD-A45889380","trt_cp",10,"24","h","CPD001_MCF7_24H","1","NULL","mepacrine","epsilon","population"
"328","77477",-0.485173824130879,0.113,0.354246031746032,"CPC016_HT29_6H:BRD-K06543683-066-01-3:10","HT29","-666","BRD-K06543683","trt_cp",10,"6","h","CPC016_HT29_6H","1","NULL","bisindolylmaleimide-ix","epsilon","population"
"395","99987",-0.477845944103613,0.118,0.367007874015748,"CPC018_MCF7_24H:BRD-K33882852-003-01-0:10","MCF7","-666","BRD-K33882852","trt_cp",10,"24","h","CPC018_MCF7_24H","1","NULL","ZK-93423","epsilon","population"
"252","450589",-0.475460122699387,0.119,0.3672265625,"AML001_U937_24H:BRD-A19037878:3.33333","U937","TRICHOSTATIN_A","BRD-A19037878","trt_cp",3.33333,"24","h","AML001_U937_24H","1","NULL","trichostatin-a","epsilon","population"
"142","322559",-0.468643490115883,0.125,0.379807692307692,"LJP001_BT20_24H:BRD-K49328571-001-06-9:10","BT20","Dasatinib:BMS-354825, Sprycel, BMS354825","BRD-K49328571","trt_cp",10,"24","h","LJP001_BT20_24H","1","NULL","dasatinib","epsilon","population"
"37","13719",-0.468643490115883,0.125,0.379807692307692,"CPC003_PC3_24H:BRD-K15588452-003-01-9:10","PC3","R-96544 hydrochloride","BRD-K15588452","trt_cp",10,"24","h","CPC003_PC3_24H","1","NULL","R-96544","epsilon","population"
"300","70987",-0.466428084526244,0.129,0.38609022556391,"CPC011_VCAP_24H:BRD-K75958195-050-04-8:10","VCAP","pizotyline","BRD-K75958195","trt_cp",10,"24","h","CPC011_VCAP_24H","1","NULL","pizotifen","epsilon","population"
"163","326938",-0.464042263122018,0.13,0.38609022556391,"LJP001_MCF7_6H:BRD-K51313569-001-03-7:0.4","MCF7","PD0332991","BRD-K51313569","trt_cp",0.4,"6","h","LJP001_MCF7_6H","1","NULL","palbociclib","epsilon","population"
"290","66118",-0.464042263122018,0.13,0.38609022556391,"CPC010_PC3_6H:BRD-K70578146-001-03-4:10","PC3","dactinomycin","BRD-K70578146","trt_cp",10,"6","h","CPC010_PC3_6H","1","NULL","dactinomycin","epsilon","population"
"50","151995",-0.459441036128153,0.137,0.40384328358209,"DOS050_MCF7_24H:BRD-A75409952:10","MCF7","wortmannin","BRD-A75409952","trt_cp",10,"24","h","DOS050_MCF7_24H","1","NULL","wortmannin","epsilon","population"
"365","8861",-0.455180640763463,0.145,0.424259259259259,"CPC004_HEPG2_6H:BRD-K51677086-001-07-0:10","HEPG2","ERYTHROMYCIN ETHYLSUCCINATE","BRD-K51677086","trt_cp",10,"6","h","CPC004_HEPG2_6H","1","NULL","erythromycin","epsilon","population"
"23","112754",-0.451431492842536,0.148,0.426715328467153,"DEB001_MCF7_6H:BRD-A19500257-001-04-7:10","MCF7","geldanamycin","BRD-A19500257","trt_cp",10,"6","h","DEB001_MCF7_6H","1","NULL","geldanamycin","epsilon","population"
"68","17529",-0.451431492842536,0.148,0.426715328467153,"CPC006_A375_24H:BRD-K56301217-001-01-7:11.1","A375","A112550.cdx","BRD-K56301217","trt_cp",11.1,"24","h","CPC006_A375_24H","1","NULL","ABT-737","epsilon","population"
"192","334218",-0.44904567143831,0.15,0.429347826086956,"MUC.CP006_MCF7_6H:BRD-K49049886-001-03-8:20","MCF7","CGS-15943","BRD-K49049886","trt_cp",20,"6","h","MUC.CP006_MCF7_6H","1","NULL","CGS-15943","epsilon","population"
"143","322582",-0.446659850034083,0.155,0.440467625899281,"LJP002_BT20_24H:BRD-K70401845-001-04-1:0.08","BT20","Erlotinib;OSI-774","BRD-K70401845","trt_cp",0.08,"24","h","LJP002_BT20_24H","1","NULL","erlotinib","epsilon","population"
"382","94269",-0.444444444444444,0.157,0.442288732394366,"CPC020_HA1E_6H:BRD-A88774919-001-02-8:10","HA1E","doxycycline","BRD-A88774919","trt_cp",10,"6","h","CPC020_HA1E_6H","1","NULL","doxycycline","epsilon","population"
"179","329338",-0.443421949556919,0.159,0.442288732394366,"LJP001_MDAMB231_24H:BRD-K56343971-001-04-9:0.4","MDAMB231","PLX4032:RG7204, R7204, RO5185426,","BRD-K56343971","trt_cp",0.4,"24","h","LJP001_MDAMB231_24H","1","NULL","vemurafenib","epsilon","population"
"123","27997",-0.442740286298569,0.159,0.442288732394366,"CPC006_NCIH2073_6H:BRD-K00615600-001-06-1:25","NCIH2073","AG14361","BRD-K00615600","trt_cp",25,"6","h","CPC006_NCIH2073_6H","1","NULL","AG-14361","epsilon","population"
"140","32205",-0.441036128152693,0.163,0.450244755244755,"CPC006_RMUGS_6H:BRD-A62025033-001-01-8:10","RMUGS","temsirolimus [CI779]","BRD-A62025033","trt_cp",10,"6","h","CPC006_RMUGS_6H","1","NULL","temsirolimus","epsilon","population"
"362","88064",-0.43694614860259,0.166,0.452206896551724,"CPC014_VCAP_6H:BRD-K01253243-001-01-4:10","VCAP","HY-10966","BRD-K01253243","trt_cp",10,"6","h","CPC014_VCAP_6H","1","NULL","SB-590885","epsilon","population"
"207","361451",-0.436775732788003,0.166,0.452206896551724,"RAD001_A549_6H:BRD-K01228321-318-03-5:0.0412","A549","-666","BRD-K01228321","trt_cp",0.0412,"6","h","RAD001_A549_6H","1","NULL","cisplatin","epsilon","population"
"216","4095",-0.43200408997955,0.171,0.462176870748299,"CPC002_HA1E_24H:BRD-K98521173-001-03-8:10","HA1E","Deoxycorticosterone","BRD-K98521173","trt_cp",10,"24","h","CPC002_HA1E_24H","1","NULL","desoxycortone","epsilon","population"
"292","66272",-0.431152010906612,0.172,0.462176870748299,"CPC011_PC3_6H:BRD-K74117820-066-08-2:10","PC3","nelfinavir","BRD-K74117820","trt_cp",10,"6","h","CPC011_PC3_6H","1","NULL","nelfinavir","epsilon","population"
"47","149737",-0.429277436946149,0.174,0.464391891891892,"DOS049_HT29_24H:BRD-A19037878:10","HT29","trichostatin-a","BRD-A19037878","trt_cp",10,"24","h","DOS049_HT29_24H","1","NULL","trichostatin-a","epsilon","population"
"335","79376",-0.416837082481254,0.185,0.490436241610738,"CPC015_MCF7_6H:BRD-K81839095-001-04-6:10","MCF7","-666","BRD-K81839095","trt_cp",10,"6","h","CPC015_MCF7_6H","1","NULL","estrone","epsilon","population"
"173","328971",-0.414792092706203,0.187,0.492433333333333,"LJP002_MDAMB231_24H:BRD-K87737963-001-02-9:0.4","MDAMB231","CYT387","BRD-K87737963","trt_cp",0.4,"24","h","LJP002_MDAMB231_24H","1","NULL","CYT387","epsilon","population"
"332","78633",-0.412065439672802,0.194,0.507483443708609,"CPC015_HT29_6H:BRD-A06352418-001-15-0:10","HT29","TERFENADINE","BRD-A06352418","trt_cp",10,"6","h","CPC015_HT29_6H","1","NULL","terfenadine","epsilon","population"
"109","24266",-0.406100886162236,0.199,0.512987012987013,"CPC006_HT115_6H:BRD-A62025033-001-01-8:10","HT115","temsirolimus [CI779]","BRD-A62025033","trt_cp",10,"6","h","CPC006_HT115_6H","1","NULL","temsirolimus","epsilon","population"
"373","90432",-0.403033401499659,0.2,0.512987012987013,"CPC020_A375_6H:BRD-K53790871-001-15-1:10","A375","triamcinolone acetonide","BRD-K53790871","trt_cp",10,"6","h","CPC020_A375_6H","1","NULL","triamcinolone","epsilon","population"
"195","335802",-0.403033401499659,0.2,0.512987012987013,"MUC.CP003_MCF7_24H:BRD-K02407574-001-04-8:0.3704","MCF7","-666","BRD-K02407574","trt_cp",0.3704,"24","h","MUC.CP003_MCF7_24H","1","NULL","parbendazole","epsilon","population"
"86","19954",-0.398261758691207,0.204,0.519870967741935,"CPC006_CORL23_6H:BRD-A75409952:10","CORL23","wortmannin","BRD-A75409952","trt_cp",10,"6","h","CPC006_CORL23_6H","1","NULL","wortmannin","epsilon","population"
"26","114907",-0.392467620995228,0.209,0.529198717948718,"CPD003_PC3_6H:BRD-K89104321-003-10-6:10","PC3","THIP Hydrochloride","BRD-K89104321","trt_cp",10,"6","h","CPD003_PC3_6H","1","NULL","gaboxadol","epsilon","population"
"377","91870",-0.388036809815951,0.215,0.5375,"CPC020_A549_6H:BRD-K81418486:10","A549","vorinostat","BRD-K81418486","trt_cp",10,"6","h","CPC020_A549_6H","1","NULL","vorinostat","epsilon","population"
"226","435404",-0.387866394001363,0.215,0.5375,"HOG001_A549_6H:BRD-A45889380-300-04-8:10","A549","quinacrine","BRD-A45889380","trt_cp",10,"6","h","HOG001_A549_6H","1","NULL","mepacrine","epsilon","population"
"246","443243",-0.379345603271984,0.226,0.561446540880503,"HOG002_MCF7_6H:BRD-A19500257-001-01-3:3.33","MCF7","geldanamycin","BRD-A19500257","trt_cp",3.33,"6","h","HOG002_MCF7_6H","1","NULL","geldanamycin","epsilon","population"
"84","19403",-0.37678936605317,0.228,0.562875,"CPC006_CL34_6H:BRD-A68631409-001-01-3:10","CL34","Evodiamine","BRD-A68631409","trt_cp",10,"6","h","CPC006_CL34_6H","1","NULL","evodiamine","epsilon","population"
"200","34",-0.37252897068848,0.234,0.571084337349398,"CPC004_A375_6H:BRD-A72758037-001-01-8:10","A375","ASIATIC ACID","BRD-A72758037","trt_cp",10,"6","h","CPC004_A375_6H","1","NULL","asiatic-acid","epsilon","population"
"66","173",-0.371165644171779,0.235,0.571084337349398,"CPC004_A375_6H:BRD-A94756469-001-03-9:10","A375","DIGOXIN","BRD-A94756469","trt_cp",10,"6","h","CPC004_A375_6H","1","NULL","digoxin","epsilon","population"
"139","321773",-0.368438991138378,0.239,0.571084337349398,"LJP001_BT20_6H:BRD-K76908866-001-03-5:0.4","BT20","CP724714","BRD-K76908866","trt_cp",0.4,"6","h","LJP001_BT20_6H","1","NULL","CP-724714","epsilon","population"
"174","328990",-0.368438991138378,0.24,0.571084337349398,"LJP002_MDAMB231_24H:BRD-K74065929-001-02-3:0.08","MDAMB231","Doramapimod;BIRB796","BRD-K74065929","trt_cp",0.08,"24","h","LJP002_MDAMB231_24H","1","NULL","doramapimod","epsilon","population"
"155","324533",-0.367757327880027,0.24,0.571084337349398,"LJP001_HS578T_24H:BRD-K20285085-001-03-0:2","HS578T","R406","BRD-K20285085","trt_cp",2,"24","h","LJP001_HS578T_24H","1","NULL","fostamatinib","epsilon","population"
"21","112044",-0.36758691206544,0.24,0.571084337349398,"CPD002_MCF7_6H:BRD-K72723676-003-12-9:10","MCF7","Benzethonium chloride","BRD-K72723676","trt_cp",10,"6","h","CPD002_MCF7_6H","1","NULL","benzethonium","epsilon","population"
"194","3354",-0.364519427402863,0.242,0.572395209580838,"CPC002_HA1E_6H:BRD-A24122750-001-02-9:10","HA1E","Saclofen","BRD-A24122750","trt_cp",10,"6","h","CPC002_HA1E_6H","1","NULL","saclofen","epsilon","population"
"238","441054",-0.3626448534424,0.245,0.572633136094675,"HOG003_MCF7_24H:BRD-K73319509-001-02-3:3.33","MCF7","-666","BRD-K73319509","trt_cp",3.33,"24","h","HOG003_MCF7_24H","1","NULL","PF-04217903","epsilon","population"
"137","31751",-0.360940695296524,0.245,0.572633136094675,"CPC006_RMGI_6H:BRD-K98548675-001-02-6:10","RMGI","Parthenolide","BRD-K98548675","trt_cp",10,"6","h","CPC006_RMGI_6H","1","NULL","parthenolide","epsilon","population"
"46","1477",-0.353101567825494,0.254,0.580225988700565,"CPC005_A549_24H:BRD-A84493640-001-03-3:10","A549","Atovaquone","BRD-A84493640","trt_cp",10,"24","h","CPC005_A549_24H","1","NULL","atovaquone","epsilon","population"
"217","4106",-0.353101567825494,0.254,0.580225988700565,"CPC001_HA1E_24H:BRD-K23478508-001-03-7:10","HA1E","Digoxin","BRD-K23478508","trt_cp",10,"24","h","CPC001_HA1E_24H","1","NULL","digoxin","epsilon","population"
"244","442421",-0.351567825494206,0.255,0.580225988700565,"HOG001_MCF7_24H:BRD-K68202742-001-10-8:0.013","MCF7","trichostatin-a","BRD-K68202742","trt_cp",0.013,"24","h","HOG001_MCF7_24H","1","NULL","trichostatin-a","epsilon","population"
"83","19020",-0.348159509202454,0.257,0.580225988700565,"CPC006_AGS_6H:BRD-K23363278-001-01-3:1","AGS","CYT997","BRD-K23363278","trt_cp",1,"6","h","CPC006_AGS_6H","1","NULL","CYT-997","epsilon","population"
"234","439818",-0.346966598500341,0.258,0.580225988700565,"DOSBIO001_HT29_24H:BRD-K81418486:10","HT29","vorinostat","BRD-K81418486","trt_cp",10,"24","h","DOSBIO001_HT29_24H","1","NULL","vorinostat","epsilon","population"
"99","23151",-0.345262440354465,0.258,0.580225988700565,"CPC006_HCT116_6H:BRD-A79465854-001-01-3:10","HCT116","auranofin","BRD-A79465854","trt_cp",10,"6","h","CPC006_HCT116_6H","1","NULL","auranofin","epsilon","population"
"198","337744",-0.342706203135651,0.26,0.580225988700565,"MUC.CP004_MCF7_24H:BRD-K77987382-001-08-2:40","MCF7","mebendazole","BRD-K77987382","trt_cp",40,"24","h","MUC.CP004_MCF7_24H","1","NULL","mebendazole","epsilon","population"
"350","84351",-0.341172460804363,0.26,0.580225988700565,"CPC014_PC3_6H:BRD-K94294671-003-01-3:10","PC3","A-1065","BRD-K94294671","trt_cp",10,"6","h","CPC014_PC3_6H","1","NULL","OSI-027","epsilon","population"
"101","23530",-0.329584185412406,0.272,0.600223463687151,"CPC006_HEC108_6H:BRD-A19500257:10","HEC108","geldanamycin","BRD-A19500257","trt_cp",10,"6","h","CPC006_HEC108_6H","1","NULL","geldanamycin","epsilon","population"
"126","29396",-0.327539195637355,0.272,0.600223463687151,"CPC006_OV7_6H:BRD-A13122391-001-01-9:0.08","OV7","16-HYDROXYTRIPTOLIDE","BRD-A13122391","trt_cp",0.08,"6","h","CPC006_OV7_6H","1","NULL","triptolide","epsilon","population"
"64","17039",-0.325664621676892,0.275,0.603472222222222,"CPC001_VCAP_24H:BRD-A19500257:10","VCAP","geldanamycin","BRD-A19500257","trt_cp",10,"24","h","CPC001_VCAP_24H","1","NULL","geldanamycin","epsilon","population"
"157","3252",-0.321063394683027,0.279,0.608867403314917,"CPC005_HA1E_6H:BRD-K58299615-001-02-7:10","HA1E","Ro 90-7501","BRD-K58299615","trt_cp",10,"6","h","CPC005_HA1E_6H","1","NULL","RO-90-7501","epsilon","population"
"127","29423",-0.311860940695296,0.287,0.622884615384615,"CPC006_OV7_6H:BRD-A31107743-001-01-3:0.09","OV7","89671","BRD-A31107743","trt_cp",0.09,"6","h","CPC006_OV7_6H","1","NULL","brefeldin-a","epsilon","population"
"100","23458",-0.30385139740968,0.295,0.636748633879781,"CPC006_HEC108_6H:BRD-K59597909-001-10-1:10","HEC108","Phenothiazine","BRD-K59597909","trt_cp",10,"6","h","CPC006_HEC108_6H","1","NULL","phenothiazine","epsilon","population"
"384","94908",-0.297886843899114,0.298,0.639728260869565,"CPC020_HCC515_6H:BRD-K92073408-001-10-8:10","HCC515","19-norethindrone","BRD-K92073408","trt_cp",10,"6","h","CPC020_HCC515_6H","1","NULL","norethisterone","epsilon","population"
"170","328452",-0.279822767552829,0.31,0.658333333333333,"LJP001_MDAMB231_6H:BRD-K79404599-001-05-1:10","MDAMB231","LY317615:Enzastaurin","BRD-K79404599","trt_cp",10,"6","h","LJP001_MDAMB231_6H","1","NULL","enzastaurin","epsilon","population"
"345","82706",-0.279652351738241,0.31,0.658333333333333,"CPC016_NPC_24H:BRD-A41995253-001-03-7:10","NPC","-666","BRD-A41995253","trt_cp",10,"24","h","CPC016_NPC_24H","1","NULL","brucine","epsilon","population"
"199","338434",-0.271472392638037,0.316,0.667486631016043,"NMH001_NEU_6H:BRD-A19500257-001-03-9:10","NEU","geldanamycin","BRD-A19500257","trt_cp",10,"6","h","NMH001_NEU_6H","1","NULL","geldanamycin","epsilon","population"
"353","8547",-0.265167007498296,0.321,0.672962962962963,"CPC004_HCC515_24H:BRD-K09631521-001-05-7:10","HCC515","THIOTEPA","BRD-K09631521","trt_cp",10,"24","h","CPC004_HCC515_24H","1","NULL","thiotepa","epsilon","population"
"381","9316",-0.263803680981595,0.322,0.672962962962963,"CPC004_HT29_6H:BRD-K14920963-304-01-9:10","HT29","ERYTHROSINE SODIUM","BRD-K14920963","trt_cp",10,"6","h","CPC004_HT29_6H","1","NULL","erythrosine","epsilon","population"
"385","94922",-0.259032038173142,0.329,0.683973684210526,"CPC020_HCC515_6H:BRD-K55044200-001-11-2:10","HCC515","amoxicillin crystalline","BRD-K55044200","trt_cp",10,"6","h","CPC020_HCC515_6H","1","NULL","amoxicillin","epsilon","population"
"280","5910",-0.251874573960464,0.332,0.686596858638744,"CPC002_HCC515_6H:BRD-K18619710-001-03-7:10","HCC515","Digoxigenin","BRD-K18619710","trt_cp",10,"6","h","CPC002_HCC515_6H","1","NULL","digoxigenin","epsilon","population"
"208","361515",-0.218984321745058,0.353,0.726223958333333,"RAD001_A549_6H:BRD-K57080016-001-03-5:0.0137","A549","AZD6244","BRD-K57080016","trt_cp",0.0137,"6","h","RAD001_A549_6H","1","NULL","selumetinib","epsilon","population"
"369","8981",-0.19478527607362,0.371,0.759300518134715,"CPC004_HEPG2_6H:BRD-K75958195-037-04-5:10","HEPG2","PIZOTYLINE MALATE","BRD-K75958195","trt_cp",10,"6","h","CPC004_HEPG2_6H","1","NULL","pizotifen","epsilon","population"
"31","116354",-0.190865712338105,0.375,0.763530927835051,"CVD001_PHH_6H:BRD-K47150025-001-01-2:10","PHH","-666","BRD-K47150025","trt_cp",10,"6","h","CVD001_PHH_6H","1","NULL","KI-8751","epsilon","population"
"118","260",-0.18626448534424,0.379,0.767717948717949,"CPC005_A375_6H:BRD-K66093087-001-02-3:10","A375","FGIN-1-43","BRD-K66093087","trt_cp",10,"6","h","CPC005_A375_6H","1","NULL","FGIN-1-43","epsilon","population"
"256","47649",-0.181152010906612,0.383,0.76994923857868,"CPC006_SNUC4_6H:BRD-K40853697-001-04-9:160","SNUC4","STAT3 Inhibitor VI, S31-201","BRD-K40853697","trt_cp",160,"6","h","CPC006_SNUC4_6H","1","NULL","STAT3-inhibitor-VI","epsilon","population"
"301","71138",-0.179959100204499,0.384,0.76994923857868,"CPC016_A375_6H:BRD-A19661776-003-13-6:10","A375","-666","BRD-A19661776","trt_cp",10,"6","h","CPC016_A375_6H","1","NULL","mianserin","epsilon","population"
"115","25455",-0.175357873210634,0.389,0.776035353535354,"CPC006_LOVO_6H:BRD-K01868942-001-02-1:160","LOVO","3-(piperidin-1-yl)propyl-4-amino-5-chloro-2methoxybenzoate . Hydrochloride","BRD-K01868942","trt_cp",160,"6","h","CPC006_LOVO_6H","1","NULL","RS-23597-190","epsilon","population"
"390","9851",-0.157975460122699,0.407,0.80786432160804,"CPC005_HT29_24H:BRD-A15034104-002-03-6:10","HT29","Bergenin monohydrate","BRD-A15034104","trt_cp",10,"24","h","CPC005_HT29_24H","1","NULL","bergenin","epsilon","population"
"316","73789",-0.144001363326517,0.422,0.829303482587065,"CPC015_A549_24H:BRD-K66296774-001-02-0:10","A549","-666","BRD-K66296774","trt_cp",10,"24","h","CPC015_A549_24H","1","NULL","fluvastatin","epsilon","population"
"62","167351",-0.143319700068166,0.422,0.829303482587065,"ERG011_VCAP_24H:BRD-K40175214-001-04-1:1","VCAP","torin1","BRD-K40175214","trt_cp",1,"24","h","ERG011_VCAP_24H","1","NULL","torin-1","epsilon","population"
"376","9124",-0.129345603271984,0.439,0.857761506276151,"CPC005_HT29_6H:BRD-A65145453-001-02-0:10","HT29","ATPA","BRD-A65145453","trt_cp",10,"6","h","CPC005_HT29_6H","1","NULL","ATPA","epsilon","population"
"114","25175",-0.122358554873892,0.447,0.857761506276151,"CPC006_JHUEM2_6H:BRD-K01976263-003-04-5:0.63","JHUEM2","Emetine Dihydrochloride Hydrate (74)","BRD-K01976263","trt_cp",0.63,"6","h","CPC006_JHUEM2_6H","1","NULL","emetine","epsilon","population"
"30","116335",-0.121165644171779,0.448,0.857761506276151,"CVD001_PHH_6H:BRD-K40255344-001-03-6:2.5","PHH","-666","BRD-K40255344","trt_cp",2.5,"6","h","CVD001_PHH_6H","1","NULL","tyrphostin-A9","epsilon","population"
"6","102021",-0.111963190184049,0.451,0.857761506276151,"CPC018_NPC_24H:BRD-K51318897-001-07-0:10","NPC","-666","BRD-K51318897","trt_cp",10,"24","h","CPC018_NPC_24H","1","NULL","fenbendazole","epsilon","population"
"303","71518",-0.109236537150648,0.455,0.857761506276151,"CPC016_A375_6H:BRD-K41160163-001-01-9:10","A375","-666","BRD-K41160163","trt_cp",10,"6","h","CPC016_A375_6H","1","NULL","fenobam","epsilon","population"
"260","5007",-0.106169052488071,0.458,0.857761506276151,"CPC004_HA1E_24H:BRD-K82941592-238-02-9:10","HA1E","ROSUVASTATIN CALCIUM","BRD-K82941592","trt_cp",10,"24","h","CPC004_HA1E_24H","1","NULL","rosuvastatin","epsilon","population"
"338","80268",-0.105828220858896,0.458,0.857761506276151,"CPC015_MCF7_24H:BRD-A68930007-001-03-1:10","MCF7","-666","BRD-A68930007","trt_cp",10,"24","h","CPC015_MCF7_24H","1","NULL","ouabain","epsilon","population"
"298","700",-0.0991820040899796,0.462,0.857761506276151,"CPC005_A375_6H:BRD-K48300629-001-03-8:10","A375","Zonisamide","BRD-K48300629","trt_cp",10,"6","h","CPC005_A375_6H","1","NULL","zonisamide","epsilon","population"
"56","16611",-0.0891274710293115,0.465,0.857761506276151,"CPC003_VCAP_24H:BRD-K00312224-001-03-8:10","VCAP","PPT","BRD-K00312224","trt_cp",10,"24","h","CPC003_VCAP_24H","1","NULL","PPT","epsilon","population"
"230","436078",-0.081799591002045,0.471,0.857761506276151,"CPC006_H1299_6H:BRD-K70792160-003-02-0:24","H1299","Akt inhibitor X","BRD-K70792160","trt_cp",24,"6","h","CPC006_H1299_6H","1","NULL","10-DEBC","epsilon","population"
"359","87472",-0.0703817314246763,0.477,0.857761506276151,"CPC014_SKB_24H:BRD-K50140147-001-01-0:10","SKB","S1108","BRD-K50140147","trt_cp",10,"24","h","CPC014_SKB_24H","1","NULL","NVP-TAE684","epsilon","population"
"266","52145",-0.0695296523517382,0.477,0.857761506276151,"CPC006_VCAP_24H:BRD-K08845546-001-02-2:22.2","VCAP","FK506","BRD-K08845546","trt_cp",22.2,"24","h","CPC006_VCAP_24H","1","NULL","tacrolimus","epsilon","population"
"60","167105",-0.0688479890933879,0.477,0.857761506276151,"ERG011_VCAP_24H:BRD-K03406345-001-12-0:10","VCAP","EWS-FLI-Inhibitor","BRD-K03406345","trt_cp",10,"24","h","ERG011_VCAP_24H","1","NULL","azacitidine","epsilon","population"
"325","76508",-0.066291751874574,0.478,0.857761506276151,"CPC016_HEPG2_6H:BRD-K36007650-300-02-3:10","HEPG2","-666","BRD-K36007650","trt_cp",10,"6","h","CPC016_HEPG2_6H","1","NULL","puromycin","epsilon","population"
"215","3976",-0.0656100886162236,0.479,0.857761506276151,"CPC002_HA1E_24H:BRD-K54142781-003-02-7:10","HA1E","Cirazoline hydrochloride","BRD-K54142781","trt_cp",10,"24","h","CPC002_HA1E_24H","1","NULL","cirazoline","epsilon","population"
"211","3673",-0.060838445807771,0.484,0.857761506276151,"CPC001_HA1E_24H:BRD-K68336408-001-03-4:10","HA1E","AG-1478","BRD-K68336408","trt_cp",10,"24","h","CPC001_HA1E_24H","1","NULL","tyrphostin-AG-1478","epsilon","population"
"241","441892",-0.0550443081117928,0.489,0.857761506276151,"HOG003_MCF7_24H:BRD-K60230970-001-04-3:10.5126","MCF7","MG-132","BRD-K60230970","trt_cp",10.5126,"24","h","HOG003_MCF7_24H","1","NULL","MG-132","epsilon","population"
"314","7351",-0.0501022494887526,0.489,0.857761506276151,"CPC004_HCC515_24H:BRD-K91290917-336-03-8:10","HCC515","Amodiaquin dihydrochloride dihydrate","BRD-K91290917","trt_cp",10,"24","h","CPC004_HCC515_24H","1","NULL","amodiaquine","epsilon","population"
"78","18136",-0.0426039536468985,0.494,0.857761506276151,"CPC006_A549_6H:BRD-A19037878:10","A549","trichostatin-a","BRD-A19037878","trt_cp",10,"6","h","CPC006_A549_6H","1","NULL","trichostatin-a","epsilon","population"
"145","322782",-0.0422631220177232,0.494,0.857761506276151,"LJP001_BT20_24H:BRD-K79404599-001-05-1:0.08","BT20","LY317615:Enzastaurin","BRD-K79404599","trt_cp",0.08,"24","h","LJP001_BT20_24H","1","NULL","enzastaurin","epsilon","population"
"263","5127",-0.0400477164280845,0.495,0.857761506276151,"CPC005_HA1E_24H:BRD-A52588987-004-04-1:10","HA1E","SKF 83566 hydrobromide","BRD-A52588987","trt_cp",10,"24","h","CPC005_HA1E_24H","1","NULL","SKF-83566","epsilon","population"
"243","442419",-0.0332310838445807,0.496,0.857761506276151,"HOG001_MCF7_24H:BRD-K68202742-001-10-8:0.1235","MCF7","trichostatin-a","BRD-K68202742","trt_cp",0.1235,"24","h","HOG001_MCF7_24H","1","NULL","trichostatin-a","epsilon","population"
"367","88755",-0.0286298568507157,0.497,0.857761506276151,"CPC014_VCAP_24H:BRD-K83963101-001-01-0:10","VCAP","HY-10180","BRD-K83963101","trt_cp",10,"24","h","CPC014_VCAP_24H","1","NULL","MLN-8054","epsilon","population"
"337","80103",-0.0238582140422631,0.501,0.857761506276151,"CPC016_MCF7_6H:BRD-A19037878:10","MCF7","trichostatin-a","BRD-A19037878","trt_cp",10,"6","h","CPC016_MCF7_6H","1","NULL","trichostatin-a","epsilon","population"
"213","3857",-0.0197682344921608,0.501,0.857761506276151,"CPC003_HA1E_24H:BRD-K17497770-001-01-0:10","HA1E","Butein","BRD-K17497770","trt_cp",10,"24","h","CPC003_HA1E_24H","1","NULL","butein","epsilon","population"
"105","23779",-0.0194274028629857,0.501,0.857761506276151,"CPC006_HEPG2_6H:BRD-K68065987-300-03-4:10","HEPG2","MK-2206","BRD-K68065987","trt_cp",10,"6","h","CPC006_HEPG2_6H","1","NULL","MK-2206","epsilon","population"
"164","327107",-0.0189161554192229,0.501,0.857761506276151,"LJP001_MCF7_6H:BRD-K59369769-001-11-2:0.08","MCF7","VX680:Tozasertib, MK-0457","BRD-K59369769","trt_cp",0.08,"6","h","LJP001_MCF7_6H","1","NULL","tozasertib","epsilon","population"
"55","165985",-0.0136332651670074,0.504,0.857761506276151,"ERG011_VCAP_6H:BRD-K57080016-001-09-2:0.4","VCAP","AZD-6244","BRD-K57080016","trt_cp",0.4,"6","h","ERG011_VCAP_6H","1","NULL","selumetinib","epsilon","population"
"111","24652",-0.00783912747102927,0.504,0.857761506276151,"CPC006_HT29_24H:BRD-A81541225-001-02-7:10","HT29","-666","BRD-A81541225","trt_cp",10,"24","h","CPC006_HT29_24H","1","NULL","oligomycin-a","epsilon","population"
"81","1879",-0.00732788002726642,0.504,0.857761506276151,"CPC004_HA1E_6H:BRD-K17561142-003-16-8:10","HA1E","AMIODARONE HYDROCHLORIDE","BRD-K17561142","trt_cp",10,"6","h","CPC004_HA1E_6H","1","NULL","amiodarone","epsilon","population"
"204","354697",-0.00102249488752562,0.504,0.857761506276151,"NMH002_NEU_24H:BRD-K89732114-300-10-5:10","NEU","Trifluoperazine.2HCl","BRD-K89732114","trt_cp",10,"24","h","NMH002_NEU_24H","1","NULL","trifluoperazine","epsilon","population"
"91","20803",0.0141445126107703,0.51,0.857761506276151,"CPC006_EFO27_6H:BRD-K64890080-001-03-9:10","EFO27","BI 2536","BRD-K64890080","trt_cp",10,"6","h","CPC006_EFO27_6H","1","NULL","BI-2536","epsilon","population"
"322","76048",0.0156782549420586,0.51,0.857761506276151,"CPC014_HCC515_6H:BRD-K86930074-001-01-9:10","HCC515","S1017","BRD-K86930074","trt_cp",10,"6","h","CPC014_HCC515_6H","1","NULL","cediranib","epsilon","population"
"191","334203",0.0230061349693252,0.515,0.857761506276151,"MUC.CP001_MCF7_6H:BRD-K49049886-001-03-8:10","MCF7","CGS-15943","BRD-K49049886","trt_cp",10,"6","h","MUC.CP001_MCF7_6H","1","NULL","CGS-15943","epsilon","population"
"136","3160",0.024369461486026,0.516,0.857761506276151,"CPC002_HA1E_6H:BRD-K97399794-001-08-8:10","HA1E","Quercetin","BRD-K97399794","trt_cp",10,"6","h","CPC002_HA1E_6H","1","NULL","quercetin","epsilon","population"
"386","95968",0.0277777777777778,0.517,0.857761506276151,"CPC017_HEPG2_6H:BRD-K73397362-001-01-7:10","HEPG2","-666","BRD-K73397362","trt_cp",10,"6","h","CPC017_HEPG2_6H","1","NULL","purmorphamine","epsilon","population"
"49","1502",0.0303340149965917,0.517,0.857761506276151,"CPC005_A549_24H:BRD-K54095730-001-01-5:10","A549","CMPD-1","BRD-K54095730","trt_cp",10,"24","h","CPC005_A549_24H","1","NULL","CMPD-1","epsilon","population"
"69","17535",0.0354464894342195,0.519,0.857761506276151,"CPC006_A375_24H:BRD-K88560311-011-02-2:10","A375","AG-014699 (PF-01367338)","BRD-K88560311","trt_cp",10,"24","h","CPC006_A375_24H","1","NULL","rucaparib","epsilon","population"
"189","332857",0.038173142467621,0.522,0.859125,"NMH002_FIBRNPC_24H:BRD-K97399794-001-12-0:10","FIBRNPC","Quercetin","BRD-K97399794","trt_cp",10,"24","h","NMH002_FIBRNPC_24H","1","NULL","quercetin","epsilon","population"
"265","51912",0.0489093387866394,0.528,0.859897119341564,"CPC006_VCAP_24H:BRD-K53414658-001-01-7:10","VCAP","-666","BRD-K53414658","trt_cp",10,"24","h","CPC006_VCAP_24H","1","NULL","tivozanib","epsilon","population"
"67","17359",0.0501022494887525,0.528,0.859897119341564,"CPC006_A375_6H:BRD-K12502280-001-01-5:11.1","A375","TG101348","BRD-K12502280","trt_cp",11.1,"6","h","CPC006_A375_6H","1","NULL","TG-101348","epsilon","population"
"293","66373",0.0516359918200409,0.529,0.859897119341564,"CPC011_PC3_6H:BRD-K44094599-001-02-9:10","PC3","tacrolimus","BRD-K44094599","trt_cp",10,"6","h","CPC011_PC3_6H","1","NULL","tacrolimus","epsilon","population"
"235","440645",0.0576005453306067,0.532,0.861229508196721,"PCLB001_JURKAT_6H:BRD-A19037878-001-02-3:1.11","JURKAT","trichostatin-a","BRD-A19037878","trt_cp",1.11,"6","h","PCLB001_JURKAT_6H","1","NULL","trichostatin-a","epsilon","population"
"41","14120",0.0673142467620995,0.541,0.868373015873016,"ASG001_PC3_24H:BRD-A61304759-001-01-0:10","PC3","tanespimycin","BRD-A61304759","trt_cp",10,"24","h","ASG001_PC3_24H","1","NULL","tanespimycin","epsilon","population"
"184","330651",0.0814587593728698,0.546,0.868373015873016,"LJP002_SKBR3_6H:BRD-K56751279-001-01-8:0.08","SKBR3","Y39983","BRD-K56751279","trt_cp",0.08,"6","h","LJP002_SKBR3_6H","1","NULL","Y-39983","epsilon","population"
"51","153873",0.0824812542603954,0.548,0.868373015873016,"DOS046_PC3_24H:BRD-A19500257:10","PC3","geldanamycin","BRD-A19500257","trt_cp",10,"24","h","DOS046_PC3_24H","1","NULL","geldanamycin","epsilon","population"
"380","92648",0.0898091342876619,0.55,0.868373015873016,"CPC017_A549_24H:BRD-K62289640-003-01-9:10","A549","-666","BRD-K62289640","trt_cp",10,"24","h","CPC017_A549_24H","1","NULL","lylamine","epsilon","population"
"212","37959",0.0969665985003408,0.553,0.868373015873016,"CPC009_A549_6H:BRD-K55070890-001-02-1:10","A549","thiothixene","BRD-K55070890","trt_cp",10,"6","h","CPC009_A549_6H","1","NULL","thiothixene","epsilon","population"
"132","30373",0.0998636673483299,0.553,0.868373015873016,"CPC006_PC3_6H:BRD-K15108141-001-01-7:0.08","PC3","gemcitabine","BRD-K15108141","trt_cp",0.08,"6","h","CPC006_PC3_6H","1","NULL","gemcitabine","epsilon","population"
"394","99933",0.101738241308793,0.554,0.868373015873016,"CPC017_MCF7_24H:BRD-K28761384-003-03-6:10","MCF7","-666","BRD-K28761384","trt_cp",10,"24","h","CPC017_MCF7_24H","1","NULL","zuclopenthixol","epsilon","population"
"44","14634",0.102249488752556,0.554,0.868373015873016,"CPC004_VCAP_6H:BRD-A97104540-004-08-5:10","VCAP","FENOTEROL HYDROBROMIDE","BRD-A97104540","trt_cp",10,"6","h","CPC004_VCAP_6H","1","NULL","fenoterol","epsilon","population"
"279","5824",0.110429447852761,0.559,0.872747035573123,"CPC004_HCC515_6H:BRD-A10188456-001-03-1:10","HCC515","DEXAMETHASONE","BRD-A10188456","trt_cp",10,"6","h","CPC004_HCC515_6H","1","NULL","dexamethasone","epsilon","population"
"228","435525",0.123892297205181,0.565,0.87323754789272,"HOG003_A549_6H:BRD-K68202742-001-10-8:10","A549","trichostatin-a","BRD-K68202742","trt_cp",10,"6","h","HOG003_A549_6H","1","NULL","trichostatin-a","epsilon","population"
"342","80896",0.124403544648943,0.565,0.87323754789272,"CPC016_MCF7_24H:BRD-K91699951-001-03-7:10","MCF7","-666","BRD-K91699951","trt_cp",10,"24","h","CPC016_MCF7_24H","1","NULL","benzonatate","epsilon","population"
"361","87735",0.128493524199046,0.57,0.87323754789272,"CPC014_VCAP_6H:BRD-K68174511-001-01-7:10","VCAP","-666","BRD-K68174511","trt_cp",10,"6","h","CPC014_VCAP_6H","1","NULL","torin-2","epsilon","population"
"183","33051",0.128834355828221,0.57,0.87323754789272,"CPC006_SKMEL1_6H:BRD-K88510285-001-01-2:0.04","SKMEL1","B675700.cdx","BRD-K88510285","trt_cp",0.04,"6","h","CPC006_SKMEL1_6H","1","NULL","bortezomib","epsilon","population"
"24","113064",0.133776414451261,0.574,0.87323754789272,"CPD003_MCF7_24H:BRD-K22901619-001-01-9:10","MCF7","Norgestimate","BRD-K22901619","trt_cp",10,"24","h","CPD003_MCF7_24H","1","NULL","norgestimate","epsilon","population"
"310","73191",0.135139740967962,0.574,0.87323754789272,"CPC014_A549_6H:BRD-K50140147-001-01-0:10","A549","S1108","BRD-K50140147","trt_cp",10,"6","h","CPC014_A549_6H","1","NULL","NVP-TAE684","epsilon","population"
"240","441832",0.138207225630538,0.576,0.87323754789272,"HOG003_MCF7_24H:BRD-K94920105-001-01-3:10","MCF7","DR-2313","BRD-K94920105","trt_cp",10,"24","h","HOG003_MCF7_24H","1","NULL","DR-2313","epsilon","population"
"159","325434",0.142297205180641,0.577,0.87323754789272,"LJP002_MCF10A_6H:BRD-K94176593-001-03-7:10","MCF10A","TWS119","BRD-K94176593","trt_cp",10,"6","h","LJP002_MCF10A_6H","1","NULL","TWS-119","epsilon","population"
"391","98958",0.147580095432856,0.581,0.873471698113207,"CPD001_MCF7_6H:BRD-K86301799-001-28-0:10","MCF7","Dipyridamole","BRD-K86301799","trt_cp",10,"6","h","CPD001_MCF7_6H","1","NULL","dipyridamole","epsilon","population"
"306","72111",0.152010906612134,0.584,0.873471698113207,"CPC014_A375_6H:BRD-K13514097-001-01-2:10","A375","S1120","BRD-K13514097","trt_cp",10,"6","h","CPC014_A375_6H","1","NULL","everolimus","epsilon","population"
"339","80446",0.152351738241309,0.584,0.873471698113207,"CPC015_MCF7_24H:BRD-K19352500-070-05-8:10","MCF7","-666","BRD-K19352500","trt_cp",10,"24","h","CPC015_MCF7_24H","1","NULL","prochlorperazine","epsilon","population"
"61","167286",0.156441717791411,0.586,0.873471698113207,"ERG011_VCAP_24H:BRD-K56851771-001-04-3:0.4","VCAP","enzalutamide","BRD-K56851771","trt_cp",0.4,"24","h","ERG011_VCAP_24H","1","NULL","enzalutamide","epsilon","population"
"10","103698",0.174676209952284,0.611,0.906605166051661,"CPD001_PC3_24H:BRD-A07932845-103-02-3:10","PC3","Methiothepin maleate","BRD-A07932845","trt_cp",10,"24","h","CPD001_PC3_24H","1","NULL","metitepine","epsilon","population"
"154","324480",0.179277436946149,0.616,0.906605166051661,"LJP001_HS578T_24H:BRD-K99545815-001-02-2:10","HS578T","PF562271","BRD-K99545815","trt_cp",10,"24","h","LJP001_HS578T_24H","1","NULL","PF-562271","epsilon","population"
"220","432483",0.180640763462849,0.616,0.906605166051661,"BRAF001_A375_6H:BRD-K09951645-001-02-7:10","A375","dabrafenib","BRD-K09951645","trt_cp",10,"6","h","BRAF001_A375_6H","1","NULL","dabrafenib","epsilon","population"
"16","1064",0.184219495569189,0.621,0.906605166051661,"CPC005_A375_24H:BRD-A62021152-003-01-8:10","A375","WAY 161503 hydrochloride","BRD-A62021152","trt_cp",10,"24","h","CPC005_A375_24H","1","NULL","WAY-161503","epsilon","population"
"379","92637",0.185241990456714,0.621,0.906605166051661,"CPC017_A549_24H:BRD-K60762818-003-15-3:10","A549","-666","BRD-K60762818","trt_cp",10,"24","h","CPC017_A549_24H","1","NULL","desipramine","epsilon","population"
"102","23555",0.188650306748466,0.622,0.906605166051661,"CPC006_HEC108_6H:BRD-K81418486-001-13-7:11.1","HEC108","vorinostat","BRD-K81418486","trt_cp",11.1,"6","h","CPC006_HEC108_6H","1","NULL","vorinostat","epsilon","population"
"305","72050",0.192399454669393,0.626,0.909080882352941,"CPC014_A375_6H:BRD-K19687926-379-01-7:10","A375","HY-50898","BRD-K19687926","trt_cp",10,"6","h","CPC014_A375_6H","1","NULL","lapatinib","epsilon","population"
"227","435461",0.194444444444444,0.63,0.909653284671533,"HOG003_A549_6H:BRD-A61304759-001-01-0:10","A549","tanespimycin","BRD-A61304759","trt_cp",10,"6","h","HOG003_A549_6H","1","NULL","tanespimycin","epsilon","population"
"85","19948",0.195978186775733,0.631,0.909653284671533,"CPC006_CORL23_6H:BRD-A19037878:10","CORL23","trichostatin-a","BRD-A19037878","trt_cp",10,"6","h","CPC006_CORL23_6H","1","NULL","trichostatin-a","epsilon","population"
"20","111544",0.208588957055215,0.645,0.924528985507246,"CVD001_HUH7_24H:BRD-K47869605-001-18-9:2.5","HUH7","-666","BRD-K47869605","trt_cp",2.5,"24","h","CVD001_HUH7_24H","1","NULL","podophyllotoxin","epsilon","population"
"255","453999",0.20961145194274,0.646,0.924528985507246,"ERG012_VCAP_6H:BRD-K81418486-001-15-2:0.08","VCAP","vorinostat","BRD-K81418486","trt_cp",0.08,"6","h","ERG012_VCAP_6H","1","NULL","vorinostat","epsilon","population"
"296","69312",0.220518064076346,0.657,0.92825,"CPC009_VCAP_6H:BRD-A67981824-236-01-2:10","VCAP","cefotaxime","BRD-A67981824","trt_cp",10,"6","h","CPC009_VCAP_6H","1","NULL","cefotaxime","epsilon","population"
"324","76274",0.220518064076346,0.658,0.92825,"CPC016_HEPG2_6H:BRD-A64977602-001-04-3:10","HEPG2","-666","BRD-A64977602","trt_cp",10,"6","h","CPC016_HEPG2_6H","1","NULL","mirtazapine","epsilon","population"
"318","74194",0.220858895705521,0.658,0.92825,"CPC014_A549_24H:BRD-K49669041-001-02-7:10","A549","HY-11005","BRD-K49669041","trt_cp",10,"24","h","CPC014_A549_24H","1","NULL","BX-912","epsilon","population"
"237","441010",0.222051806407635,0.658,0.92825,"HOG002_MCF7_24H:BRD-K12762134-001-01-3:1.2333","MCF7","-666","BRD-K12762134","trt_cp",1.2333,"24","h","HOG002_MCF7_24H","1","NULL","XAV-939","epsilon","population"
"313","73496",0.228357191547376,0.664,0.93338078291815,"CPC015_A549_24H:BRD-A98702003-304-03-0:10","A549","-666","BRD-A98702003","trt_cp",10,"24","h","CPC015_A549_24H","1","NULL","carbenoxolone","epsilon","population"
"150","323398",0.234662576687117,0.67,0.934379310344828,"LJP001_HS578T_6H:BRD-K49669041-001-03-5:10","HS578T","BX-912","BRD-K49669041","trt_cp",10,"6","h","LJP001_HS578T_6H","1","NULL","BX-912","epsilon","population"
"45","14664",0.238752556237219,0.674,0.934379310344828,"CPC003_VCAP_6H:BRD-K28168037-001-01-3:10","VCAP","Fenretinide","BRD-K28168037","trt_cp",10,"6","h","CPC003_VCAP_6H","1","NULL","fenretinide","epsilon","population"
"222","432959",0.240627130197682,0.675,0.934379310344828,"HOG002_A549_24H:BRD-K41859756-001-01-9:3.33","A549","-666","BRD-K41859756","trt_cp",3.33,"24","h","HOG002_A549_24H","1","NULL","NVP-AUY922","epsilon","population"
"125","2838",0.243353783231084,0.678,0.934379310344828,"CPC001_HA1E_6H:BRD-K09549677-300-01-8:10","HA1E","Mibefradil dihydrochloride","BRD-K09549677","trt_cp",10,"6","h","CPC001_HA1E_6H","1","NULL","mibefradil","epsilon","population"
"309","73019",0.25068166325835,0.681,0.934379310344828,"CPC014_A549_6H:BRD-K18135438-001-08-4:10","A549","BL-053","BRD-K18135438","trt_cp",10,"6","h","CPC014_A549_6H","1","NULL","chenodeoxycholic-acid","epsilon","population"
"299","70865",0.255794137695978,0.682,0.934379310344828,"CPC011_VCAP_24H:BRD-A52282606-001-05-5:10","VCAP","lacidipine","BRD-A52282606","trt_cp",10,"24","h","CPC011_VCAP_24H","1","NULL","lacidipine","epsilon","population"
"360","87503",0.257327880027266,0.682,0.934379310344828,"CPC013_SKB_24H:BRD-K71823332-001-01-1:10","SKB","S1297","BRD-K71823332","trt_cp",10,"24","h","CPC013_SKB_24H","1","NULL","epothilone-a","epsilon","population"
"349","84027",0.265167007498296,0.686,0.934379310344828,"CPC014_NPC_24H:BRD-A75409952:10","NPC","wortmannin","BRD-A75409952","trt_cp",10,"24","h","CPC014_NPC_24H","1","NULL","wortmannin","epsilon","population"
"9","103242",0.267893660531697,0.686,0.934379310344828,"CPC020_PC3_24H:BRD-K51418664-001-02-0:10","PC3","-666","BRD-K51418664","trt_cp",10,"24","h","CPC020_PC3_24H","1","NULL","mitomycin-c","epsilon","population"
"1","10020",0.280845262440354,0.692,0.937448630136986,"CPC005_HT29_24H:BRD-A83937277-001-03-0:10","HT29","Mephenytoin","BRD-A83937277","trt_cp",10,"24","h","CPC005_HT29_24H","1","NULL","mephenytoin","epsilon","population"
"116","25484",0.283231083844581,0.693,0.937448630136986,"CPC006_LOVO_6H:BRD-K02113016-001-01-4:44.4","LOVO","AZD2281 (KU59436)","BRD-K02113016","trt_cp",44.4,"6","h","CPC006_LOVO_6H","1","NULL","olaparib","epsilon","population"
"8","102224",0.28544648943422,0.696,0.938293515358362,"CPC018_NPC_24H:BRD-K97399794-001-10-4:10","NPC","-666","BRD-K97399794","trt_cp",10,"24","h","CPC018_NPC_24H","1","NULL","quercetin","epsilon","population"
"181","330251",0.291240627130198,0.7,0.94047619047619,"LJP002_SKBR3_6H:BRD-K12343256-001-01-4:10","SKBR3","JTP-74057;GSK1120212;GSK-1120212","BRD-K12343256","trt_cp",10,"6","h","LJP002_SKBR3_6H","1","NULL","trametinib","epsilon","population"
"375","90652",0.295501022494888,0.705,0.942946127946128,"CPC018_A549_6H:BRD-A95696820-001-01-4:10","A549","-666","BRD-A95696820","trt_cp",10,"6","h","CPC018_A549_6H","1","NULL","acadesine","epsilon","population"
"291","66143",0.300613496932515,0.708,0.942946127946128,"CPC010_PC3_6H:BRD-K76534306-001-17-7:10","PC3","enrofloxacin","BRD-K76534306","trt_cp",10,"6","h","CPC010_PC3_6H","1","NULL","enrofloxacin","epsilon","population"
"283","59272",0.301806407634629,0.709,0.942946127946128,"CPC010_HA1E_6H:BRD-K43736954-001-18-1:10","HA1E","cortisone","BRD-K43736954","trt_cp",10,"6","h","CPC010_HA1E_6H","1","NULL","cortisone","epsilon","population"
"334","79211",0.319018404907976,0.727,0.963640939597315,"CPC014_MCF7_6H:BRD-K56957086-001-02-2:10","MCF7","-666","BRD-K56957086","trt_cp",10,"6","h","CPC014_MCF7_6H","1","NULL","dacinostat","epsilon","population"
"152","323753",0.325835037491479,0.735,0.970986622073579,"LJP002_HS578T_6H:BRD-K74514084-001-01-3:2","HS578T","Pazopanibhydrochloride;GW786034","BRD-K74514084","trt_cp",2,"6","h","LJP002_HS578T_6H","1","NULL","pazopanib","epsilon","population"
"19","111510",0.338957055214724,0.747,0.978344370860927,"CVD001_HUH7_24H:BRD-K37312348-001-05-1:3.825","HUH7","-666","BRD-K37312348","trt_cp",3.825,"24","h","CVD001_HUH7_24H","1","NULL","kenpaullone","epsilon","population"
"289","6539",0.339127471029312,0.747,0.978344370860927,"CPC002_HCC515_6H:BRD-K91263825-001-03-6:10","HCC515","NORTRIPTYLINE","BRD-K91263825","trt_cp",10,"6","h","CPC002_HCC515_6H","1","NULL","nortriptyline","epsilon","population"
"34","12134",0.339979550102249,0.748,0.978344370860927,"CPC004_PC3_6H:BRD-K96799727-001-01-7:10","PC3","Pifithrin- ?","BRD-K96799727","trt_cp",10,"6","h","CPC004_PC3_6H","1","NULL","pifithrin-mu","epsilon","population"
"348","83251",0.350886162235856,0.758,0.988151815181518,"CPC015_NPC_24H:BRD-K71266197-236-01-9:10","NPC","-666","BRD-K71266197","trt_cp",10,"24","h","CPC015_NPC_24H","1","NULL","PSB-06126","epsilon","population"
"168","32739",0.361281526925699,0.766,0.993327868852459,"CPC006_SKM1_6H:BRD-K76964878-001-01-8:24","SKM1","EX 527","BRD-K76964878","trt_cp",24,"6","h","CPC006_SKM1_6H","1","NULL","EX-527","epsilon","population"
"165","327137",0.361963190184049,0.767,0.993327868852459,"LJP001_MCF7_6H:BRD-K72420232-001-05-7:2","MCF7","WZ4002","BRD-K72420232","trt_cp",2,"6","h","LJP001_MCF7_6H","1","NULL","WZ-4002","epsilon","population"
"276","55835",0.36826857532379,0.77,0.993954248366013,"CPC011_A549_6H:BRD-K96471533-001-04-1:10","A549","nitazoxanide","BRD-K96471533","trt_cp",10,"6","h","CPC011_A549_6H","1","NULL","nitazoxanide","epsilon","population"
"233","439659",0.372869802317655,0.779,1,"DOSBIO001_HT29_24H:BRD-A19500257:0.37037","HT29","geldanamycin","BRD-A19500257","trt_cp",0.37037,"24","h","DOSBIO001_HT29_24H","1","NULL","geldanamycin","epsilon","population"
"107","23838",0.374403544648943,0.782,1,"CPC006_HEPG2_6H:BRD-K64634304-001-01-5:40","HEPG2","Retinoic acid","BRD-K64634304","trt_cp",40,"6","h","CPC006_HEPG2_6H","1","NULL","tretinoin","epsilon","population"
"149","323352",0.382924335378323,0.791,1,"LJP001_HS578T_6H:BRD-K57080016-001-08-4:0.4","HS578T","AZD6244:Selumetinib, Array142886","BRD-K57080016","trt_cp",0.4,"6","h","LJP001_HS578T_6H","1","NULL","selumetinib","epsilon","population"
"287","63454",0.386503067484663,0.797,1,"CPC011_MCF7_6H:BRD-K64994968-001-23-4:10","MCF7","progesterone","BRD-K64994968","trt_cp",10,"6","h","CPC011_MCF7_6H","1","NULL","progesterone","epsilon","population"
"393","99597",0.389400136332652,0.804,1,"CPC017_MCF7_24H:BRD-A98378129-001-01-4:10","MCF7","-666","BRD-A98378129","trt_cp",10,"24","h","CPC017_MCF7_24H","1","NULL","talniflumate","epsilon","population"
"295","6670",0.389570552147239,0.804,1,"CPC002_HCC515_6H:BRD-K91509126-001-04-6:10","HCC515","PICEATANNOL","BRD-K91509126","trt_cp",10,"6","h","CPC002_HCC515_6H","1","NULL","piceatannol","epsilon","population"
"253","450716",0.391274710293115,0.805,1,"AML001_U937_6H:BRD-A19500257:3.33333","U937","GELDANAMYCIN","BRD-A19500257","trt_cp",3.33333,"6","h","AML001_U937_6H","1","NULL","geldanamycin","epsilon","population"
"138","321688",0.394171779141104,0.809,1,"LJP001_BT20_6H:BRD-K19540840-001-04-5:2","BT20","AZD0530:Saracatinib","BRD-K19540840","trt_cp",2,"6","h","LJP001_BT20_6H","1","NULL","saracatinib","epsilon","population"
"232","436289",0.394171779141104,0.809,1,"CPC006_H1299_6H:BRD-K15108141-001-01-7:0.08","H1299","gemcitabine","BRD-K15108141","trt_cp",0.08,"6","h","CPC006_H1299_6H","1","NULL","gemcitabine","epsilon","population"
"364","88365",0.395023858214042,0.811,1,"CPC013_VCAP_24H:BRD-K11663430-001-01-5:10","VCAP","-666","BRD-K11663430","trt_cp",10,"24","h","CPC013_VCAP_24H","1","NULL","pyroxamide","epsilon","population"
"185","330758",0.39519427402863,0.811,1,"LJP001_SKBR3_24H:BRD-K19540840-001-04-5:0.4","SKBR3","AZD0530:Saracatinib","BRD-K19540840","trt_cp",0.4,"24","h","LJP001_SKBR3_24H","1","NULL","saracatinib","epsilon","population"
"224","434578",0.399795501022495,0.814,1,"HOG002_A549_6H:BRD-K12762134-001-01-3:3.7","A549","-666","BRD-K12762134","trt_cp",3.7,"6","h","HOG002_A549_6H","1","NULL","XAV-939","epsilon","population"
"33","11905",0.40081799591002,0.814,1,"CPC002_PC3_6H:BRD-K60640630-001-03-7:10","PC3","Mometasone furoate","BRD-K60640630","trt_cp",10,"6","h","CPC002_PC3_6H","1","NULL","mometasone","epsilon","population"
"218","4193",0.416325835037491,0.835,1,"CPC001_HA1E_24H:BRD-K63979671-001-03-6:10","HA1E","Etifenin","BRD-K63979671","trt_cp",10,"24","h","CPC001_HA1E_24H","1","NULL","etifenin","epsilon","population"
"27","115027",0.421608725289707,0.84,1,"DEB001_PC3_6H:BRD-A75409952-001-05-7:0.1","PC3","wortmannin","BRD-A75409952","trt_cp",0.1,"6","h","DEB001_PC3_6H","1","NULL","wortmannin","epsilon","population"
"378","92230",0.422460804362645,0.841,1,"CPC018_A549_24H:BRD-K15196155-001-01-5:10","A549","-666","BRD-K15196155","trt_cp",10,"24","h","CPC018_A549_24H","1","NULL","IBC-293","epsilon","population"
"356","8613",0.426721199727335,0.846,1,"CPC002_HCC515_24H:BRD-K50325075-001-01-3:10","HCC515","UCL 2077","BRD-K50325075","trt_cp",10,"24","h","CPC002_HCC515_24H","1","NULL","UCL-2077","epsilon","population"
"286","61382",0.431152010906612,0.851,1,"CPC010_HEPG2_6H:BRD-A75769826-311-05-1:10","HEPG2","sdm25n","BRD-A75769826","trt_cp",10,"6","h","CPC010_HEPG2_6H","1","NULL","SDM25N","epsilon","population"
"203","35081",0.435241990456714,0.855,1,"CPC005_VCAP_24H:BRD-A19500257:10","VCAP","geldanamycin","BRD-A19500257","trt_cp",10,"24","h","CPC005_VCAP_24H","1","NULL","geldanamycin","epsilon","population"
"331","78359",0.436094069529652,0.856,1,"CPC014_HT29_6H:BRD-K81528515-001-03-9:10","HT29","HY-10159","BRD-K81528515","trt_cp",10,"6","h","CPC014_HT29_6H","1","NULL","nilotinib","epsilon","population"
"285","61281",0.453817314246762,0.878,1,"CPC013_HEPG2_6H:BRD-K31553034-001-01-4:10","HEPG2","S1456","BRD-K31553034","trt_cp",10,"6","h","CPC013_HEPG2_6H","1","NULL","zibotentan","epsilon","population"
"340","80450",0.453817314246762,0.878,1,"CPC015_MCF7_24H:BRD-K21450440-001-08-8:10","MCF7","-666","BRD-K21450440","trt_cp",10,"24","h","CPC015_MCF7_24H","1","NULL","benzthiazide","epsilon","population"
"392","99010",0.457907293796864,0.882,1,"CPD001_MCF7_6H:BRD-A32988684-003-07-9:10","MCF7","Heptaminol hydrochloride","BRD-A32988684","trt_cp",10,"6","h","CPD001_MCF7_6H","1","NULL","heptaminol","epsilon","population"
"357","86394",0.458418541240627,0.883,1,"CPC016_SKB_24H:BRD-A94669766-001-04-2:10","SKB","-666","BRD-A94669766","trt_cp",10,"24","h","CPC016_SKB_24H","1","NULL","naringenin","epsilon","population"
"94","21534",0.459270620313565,0.883,1,"CPC006_HA1E_24H:BRD-K98530306-003-07-6:10","HA1E","CLONIDINE HYDROCHLORIDE","BRD-K98530306","trt_cp",10,"24","h","CPC006_HA1E_24H","1","NULL","clonidine","epsilon","population"
"175","329219",0.46455351056578,0.888,1,"LJP001_MDAMB231_24H:BRD-K68065987-300-06-7:0.08","MDAMB231","MK2206","BRD-K68065987","trt_cp",0.08,"24","h","LJP001_MDAMB231_24H","1","NULL","MK-2206","epsilon","population"
"146","322788",0.464553510565781,0.888,1,"LJP002_BT20_24H:BRD-K56277358-001-03-4:0.08","BT20","MGCD265","BRD-K56277358","trt_cp",0.08,"24","h","LJP002_BT20_24H","1","NULL","MGCD-265","epsilon","population"
"221","432499",0.465405589638718,0.889,1,"BRAF001_A375_6H:BRD-K36862742-001-19-9:10","A375","hydro-flumethiazide","BRD-K36862742","trt_cp",10,"6","h","BRAF001_A375_6H","1","NULL","hydroflumethiazide","epsilon","population"
"267","5228",0.465746421267894,0.889,1,"CPC004_HA1E_24H:BRD-K64514229-001-01-1:10","HA1E","TOLTRAZURIL","BRD-K64514229","trt_cp",10,"24","h","CPC004_HA1E_24H","1","NULL","toltrazuril","epsilon","population"
"315","73666",0.466768916155419,0.889,1,"CPC015_A549_24H:BRD-K38323065-001-09-0:10","A549","-666","BRD-K38323065","trt_cp",10,"24","h","CPC015_A549_24H","1","NULL","phenacetin","epsilon","population"
"264","51538",0.467280163599182,0.889,1,"CPC006_VCAP_6H:BRD-A23770159-001-02-3:11.1","VCAP","Rapamycin","BRD-A23770159","trt_cp",11.1,"6","h","CPC006_VCAP_6H","1","NULL","sirolimus","epsilon","population"
"294","66396",0.471540558963872,0.891,1,"CPC011_PC3_6H:BRD-A41450521-075-09-0:10","PC3","tosufloxacin","BRD-A41450521","trt_cp",10,"6","h","CPC011_PC3_6H","1","NULL","tosufloxacin","epsilon","population"
"59","16677",0.471710974778459,0.891,1,"CPC001_VCAP_24H:BRD-K73397362-001-01-7:10","VCAP","Purmorphamine","BRD-K73397362","trt_cp",10,"24","h","CPC001_VCAP_24H","1","NULL","purmorphamine","epsilon","population"
"327","77201",0.475460122699387,0.894,1,"CPC014_HEPG2_6H:BRD-A19500257:10","HEPG2","geldanamycin","BRD-A19500257","trt_cp",10,"6","h","CPC014_HEPG2_6H","1","NULL","geldanamycin","epsilon","population"
"14","1049",0.479379686434901,0.899,1,"CPC005_A375_24H:BRD-K95739795-001-01-1:10","A375","Tetrabenazine","BRD-K95739795","trt_cp",10,"24","h","CPC005_A375_24H","1","NULL","tetrabenazine","epsilon","population"
"180","329458",0.487389229720518,0.905,1,"LJP001_MDAMB231_24H:BRD-K59369769-001-11-2:10","MDAMB231","VX680:Tozasertib, MK-0457","BRD-K59369769","trt_cp",10,"24","h","LJP001_MDAMB231_24H","1","NULL","tozasertib","epsilon","population"
"153","324436",0.487730061349693,0.905,1,"LJP002_HS578T_24H:BRD-A37704979-001-05-7:0.4","HS578T","PB203580;RWJ64809;SB203580","BRD-A37704979","trt_cp",0.4,"24","h","LJP002_HS578T_24H","1","NULL","SB-203580","epsilon","population"
"54","1627",0.488922972051806,0.906,1,"CPC005_A549_24H:BRD-A85472596-001-01-4:10","A549","L 670596","BRD-A85472596","trt_cp",10,"24","h","CPC005_A549_24H","1","NULL","L-670596","epsilon","population"
"5","101765",0.489945466939332,0.906,1,"CPC018_NPC_24H:BRD-K08640512-003-01-5:10","NPC","-666","BRD-K08640512","trt_cp",10,"24","h","CPC018_NPC_24H","1","NULL","RS-100329","epsilon","population"
"160","325449",0.490286298568507,0.907,1,"LJP002_MCF10A_6H:BRD-K91900765-001-02-7:0.08","MCF10A","VX-745","BRD-K91900765","trt_cp",0.08,"6","h","LJP002_MCF10A_6H","1","NULL","VX-745","epsilon","population"
"219","432479",0.492842535787321,0.908,1,"PCLB001_A375_6H:BRD-K07572174-001-22-0:10","A375","curcumin","BRD-K07572174","trt_cp",10,"6","h","PCLB001_A375_6H","1","NULL","curcumin","epsilon","population"
"147","322947",0.496250852079073,0.911,1,"LJP001_BT20_24H:BRD-A79768653-001-05-4:0.4","BT20","Rapamycin:Sirolimus","BRD-A79768653","trt_cp",0.4,"24","h","LJP001_BT20_24H","1","NULL","sirolimus","epsilon","population"
"251","449827",0.496250852079073,0.911,1,"CPC006_RKO_6H:BRD-A58048407-001-10-5:10","RKO","nimodipine","BRD-A58048407","trt_cp",10,"6","h","CPC006_RKO_6H","1","NULL","nimodipine","epsilon","population"
"18","11133",0.497614178595774,0.911,1,"CPC004_PC3_6H:BRD-A22032524-074-04-0:10","PC3","AMLODIPINE BESYLATE","BRD-A22032524","trt_cp",10,"6","h","CPC004_PC3_6H","1","NULL","amlodipine","epsilon","population"
"148","323341",0.501704158145876,0.913,1,"LJP001_HS578T_6H:BRD-K19540840-001-04-5:0.08","HS578T","AZD0530:Saracatinib","BRD-K19540840","trt_cp",0.08,"6","h","LJP001_HS578T_6H","1","NULL","saracatinib","epsilon","population"
"239","441081",0.507327880027266,0.917,1,"HOG002_MCF7_24H:BRD-K18910433-001-19-2:3.3333","MCF7","17b-estradiol","BRD-K18910433","trt_cp",3.3333,"24","h","HOG002_MCF7_24H","1","NULL","estradiol","epsilon","population"
"202","34689",0.508691206543967,0.918,1,"CPC005_VCAP_6H:BRD-A52660433-066-01-3:10","VCAP","Tetrindole mesylate","BRD-A52660433","trt_cp",10,"6","h","CPC005_VCAP_6H","1","NULL","tetrindole","epsilon","population"
"354","85976",0.510565780504431,0.92,1,"CPC014_PHH_24H:BRD-K99291625-001-06-4:10","PHH","EI-286","BRD-K99291625","trt_cp",10,"24","h","CPC014_PHH_24H","1","NULL","SB-203580","epsilon","population"
"311","73325",0.516359918200409,0.922,1,"CPC015_A549_24H:BRD-A29437505-001-01-6:10","A549","-666","BRD-A29437505","trt_cp",10,"24","h","CPC015_A549_24H","1","NULL","RWJ-21757","epsilon","population"
"133","30482",0.517211997273347,0.923,1,"CPC006_PC3_24H:BRD-K95609758-001-02-9:10","PC3","-666","BRD-K95609758","trt_cp",10,"24","h","CPC006_PC3_24H","1","NULL","BMS-191011","epsilon","population"
"262","5120",0.517893660531697,0.924,1,"CPC004_HA1E_24H:BRD-K67439147-001-01-7:10","HA1E","SIB 1893","BRD-K67439147","trt_cp",10,"24","h","CPC004_HA1E_24H","1","NULL","SIB-1893","epsilon","population"
"341","80559",0.526244035446489,0.928,1,"CPC016_MCF7_24H:BRD-K39746403-084-03-1:10","MCF7","-666","BRD-K39746403","trt_cp",10,"24","h","CPC016_MCF7_24H","1","NULL","erythromycin","epsilon","population"
"76","17894",0.52692569870484,0.928,1,"CPC006_A549_6H:BRD-K06854232-001-03-3:10","A549","AM580","BRD-K06854232","trt_cp",10,"6","h","CPC006_A549_6H","1","NULL","AM-580","epsilon","population"
"74","17775",0.527948193592365,0.93,1,"CPC006_A375_24H:BRD-K41260949-236-02-8:10","A375","valproic acid","BRD-K41260949","trt_cp",10,"24","h","CPC006_A375_24H","1","NULL","valproic-acid","epsilon","population"
"320","74571",0.528289025221541,0.93,1,"CPC016_ASC_24H:BRD-K00662280-001-04-5:10","ASC","-666","BRD-K00662280","trt_cp",10,"24","h","CPC016_ASC_24H","1","NULL","CL-218872","epsilon","population"
"17","106804",0.530163599182004,0.932,1,"CPC020_VCAP_24H:BRD-K75089421-003-21-1:10","VCAP","pronestyl","BRD-K75089421","trt_cp",10,"24","h","CPC020_VCAP_24H","1","NULL","procainamide","epsilon","population"
"97","2276",0.53254942058623,0.933,1,"CPC002_HA1E_6H:BRD-K98521173-001-03-8:10","HA1E","Deoxycorticosterone","BRD-K98521173","trt_cp",10,"6","h","CPC002_HA1E_6H","1","NULL","desoxycortone","epsilon","population"
"96","21821",0.532890252215406,0.933,1,"CPC006_HCC15_6H:BRD-K95609758-001-02-9:10","HCC15","-666","BRD-K95609758","trt_cp",10,"6","h","CPC006_HCC15_6H","1","NULL","BMS-191011","epsilon","population"
"158","325212",0.537661895023858,0.942,1,"LJP001_MCF10A_6H:BRD-K83963101-001-02-8:10","MCF10A","MLN8054","BRD-K83963101","trt_cp",10,"6","h","LJP001_MCF10A_6H","1","NULL","MLN-8054","epsilon","population"
"35","12890",0.54038854805726,0.942,1,"CPC003_PC3_24H:BRD-K71059170-001-02-5:10","PC3","Cefixime","BRD-K71059170","trt_cp",10,"24","h","CPC003_PC3_24H","1","NULL","cefixime","epsilon","population"
"355","8611",0.542092706203136,0.943,1,"CPC001_HCC515_24H:BRD-A14574269-051-01-4:10","HCC515","UB 165 fumarate","BRD-A14574269","trt_cp",10,"24","h","CPC001_HCC515_24H","1","NULL","UB-165","epsilon","population"
"156","32483",0.545841854124063,0.946,1,"CPC006_SKLU1_6H:BRD-K20285085-001-01-4:10","SKLU1","R406","BRD-K20285085","trt_cp",10,"6","h","CPC006_SKLU1_6H","1","NULL","fostamatinib","epsilon","population"
"48","149766",0.547034764826176,0.946,1,"DOS051_HT29_24H:BRD-K81418486:0.1","HT29","vorinostat","BRD-K81418486","trt_cp",0.1,"24","h","DOS051_HT29_24H","1","NULL","vorinostat","epsilon","population"
"186","331062",0.552488070892979,0.947,1,"LJP002_SKBR3_24H:BRD-K02113016-001-05-5:10","SKBR3","KU-0059436;AZD2281;Olaparib","BRD-K02113016","trt_cp",10,"24","h","LJP002_SKBR3_24H","1","NULL","olaparib","epsilon","population"
"336","79705",0.554362644853442,0.948,1,"CPC014_MCF7_6H:BRD-K43164539-001-05-7:10","MCF7","BL-051","BRD-K43164539","trt_cp",10,"6","h","CPC014_MCF7_6H","1","NULL","cholic-acid","epsilon","population"
"187","331064",0.561690524880709,0.951,1,"LJP002_SKBR3_24H:BRD-K02113016-001-05-5:0.4","SKBR3","KU-0059436;AZD2281;Olaparib","BRD-K02113016","trt_cp",0.4,"24","h","LJP002_SKBR3_24H","1","NULL","olaparib","epsilon","population"
"13","104309",0.563224267211997,0.951,1,"CPC017_PHH_24H:BRD-K15791587-003-01-7:10","PHH","-666","BRD-K15791587","trt_cp",10,"24","h","CPC017_PHH_24H","1","NULL","L-733060","epsilon","population"
"370","89814",0.569700068166326,0.958,1,"CPC018_A375_6H:BRD-K51662849-001-03-9:10","A375","-666","BRD-K51662849","trt_cp",10,"6","h","CPC018_A375_6H","1","NULL","ilomastat","epsilon","population"
"319","74524",0.575153374233129,0.959,1,"CPC015_ASC_24H:BRD-A78391468-001-01-0:10","ASC","-666","BRD-A78391468","trt_cp",10,"24","h","CPC015_ASC_24H","1","NULL","prednisolone","epsilon","population"
"242","442346",0.580606680299932,0.959,1,"HOG001_MCF7_24H:BRD-K50128260-001-01-6:0.3704","MCF7","sildenafil","BRD-K50128260","trt_cp",0.3704,"24","h","HOG001_MCF7_24H","1","NULL","sildenafil","epsilon","population"
"214","39374",0.598159509202454,0.965,1,"CPC009_HA1E_6H:BRD-A74500471-001-14-8:10","HA1E","ethambutol","BRD-A74500471","trt_cp",10,"6","h","CPC009_HA1E_6H","1","NULL","ethambutol","epsilon","population"
"120","26757",0.609406952965235,0.97,1,"CPC006_MCF7_24H:BRD-K32107296-001-03-7:10","MCF7","Temozolomide","BRD-K32107296","trt_cp",10,"24","h","CPC006_MCF7_24H","1","NULL","temozolomide","epsilon","population"
"53","15788",0.616564417177914,0.971,1,"CPC002_VCAP_24H:BRD-K59574735-001-05-0:10","VCAP","Bestatin","BRD-K59574735","trt_cp",10,"24","h","CPC002_VCAP_24H","1","NULL","ubenimex","epsilon","population"
"245","442656",0.620824812542604,0.972,1,"HOG002_MCF7_6H:BRD-K18910433-001-19-2:0.0045","MCF7","17b-estradiol","BRD-K18910433","trt_cp",0.0045,"6","h","HOG002_MCF7_6H","1","NULL","estradiol","epsilon","population"
"103","23637",0.630197682344922,0.975,1,"CPC006_HEPG2_6H:BRD-K93754473-001-06-0:28.39","HEPG2","-666","BRD-K93754473","trt_cp",28.39,"6","h","CPC006_HEPG2_6H","1","NULL","tamoxifen","epsilon","population"
"73","17748",0.630368098159509,0.975,1,"CPC006_A375_24H:BRD-A69951442-001-01-3:10","A375","dexamethasone","BRD-A69951442","trt_cp",10,"24","h","CPC006_A375_24H","1","NULL","dexamethasone","epsilon","population"
"119","26716",0.634287661895024,0.978,1,"CPC006_MCF7_24H:BRD-A56592690-001-01-9:30","MCF7","PX12","BRD-A56592690","trt_cp",30,"24","h","CPC006_MCF7_24H","1","NULL","PX-12","epsilon","population"
"110","2450",0.660702113156101,0.986,1,"CPC004_HA1E_6H:BRD-K09602097-001-04-5:10","HA1E","Forskolin","BRD-K09602097","trt_cp",10,"6","h","CPC004_HA1E_6H","1","NULL","forskolin","epsilon","population"
"257","47964",0.670074982958419,0.989,1,"CPC006_SNUC5_6H:BRD-K67868012-003-01-5:11.1","SNUC5","PI 103 hydrochloride","BRD-K67868012","trt_cp",11.1,"6","h","CPC006_SNUC5_6H","1","NULL","PI-103","epsilon","population"
"351","84586",0.671608725289707,0.989,1,"CPC014_PC3_6H:BRD-K86930074-001-01-9:10","PC3","S1017","BRD-K86930074","trt_cp",10,"6","h","CPC014_PC3_6H","1","NULL","cediranib","epsilon","population"
"321","74751",0.697000681663258,0.994,1,"CPC015_ASC_24H:BRD-K40887525-001-14-4:10","ASC","-666","BRD-K40887525","trt_cp",10,"24","h","CPC015_ASC_24H","1","NULL","ritanserin","epsilon","population"
"58","166238",0.720006816632583,0.998,1,"ERG005_VCAP_6H:BRD-K18910433-001-14-3:1","VCAP","estradiol","BRD-K18910433","trt_cp",1,"6","h","ERG005_VCAP_6H","1","NULL","estradiol","epsilon","population"
"250","4474",0.726482617586912,0.999,1,"CPC001_HA1E_24H:BRD-A43930669-003-01-0:10","HA1E","L 368899 hydrochloride","BRD-A43930669","trt_cp",10,"24","h","CPC001_HA1E_24H","1","NULL","L-368899","epsilon","population"
"72","17739",0.730572597137014,0.999,1,"CPC006_A375_24H:BRD-K71799949-001-20-8:96","A375","carbamazepine","BRD-K71799949","trt_cp",96,"24","h","CPC006_A375_24H","1","NULL","carbamazepine","epsilon","population"
"176","329220",0.762440354464894,1,1,"LJP001_MDAMB231_24H:BRD-K83963101-001-02-8:10","MDAMB231","MLN8054","BRD-K83963101","trt_cp",10,"24","h","LJP001_MDAMB231_24H","1","NULL","MLN-8054","epsilon","population"
"93","21390",0.807770961145194,1,1,"CPC006_HA1E_6H:BRD-K89732114-001-05-9:10","HA1E","trifluoperazine","BRD-K89732114","trt_cp",10,"6","h","CPC006_HA1E_6H","1","NULL","trifluoperazine","epsilon","population"
"248","4451",0.823108384458078,1,1,"CPC002_HA1E_24H:BRD-K22010301-001-01-2:10","HA1E","JLK 6","BRD-K22010301","trt_cp",10,"24","h","CPC002_HA1E_24H","1","NULL","JLK-6","epsilon","population"
"261","51002",0.839468302658487,1,1,"CPC006_VCAP_6H:BRD-K08703257-001-06-3:36.72","VCAP","Aminobenzamide (3-ABA) [3-aminobenzamide (3-ABA)]","BRD-K08703257","trt_cp",36.72,"6","h","CPC006_VCAP_6H","1","NULL","3-amino-benzamide","epsilon","population"
"75","17850",0.918029993183367,1,1,"CPC006_A549_6H:BRD-K96799727-001-02-5:10","A549","-666","BRD-K96799727","trt_cp",10,"6","h","CPC006_A549_6H","1","NULL","pifithrin-mu","epsilon","population"
