"","log2FoldChange","logCPM","LR","pvalue","padj","Symbol","tax_id","GeneID","LocusTag","chromosome","map_location","description","type","Symbol_autho","name","status","other","value","up_down"
"40086",-6.29069594242422,-2.58603798139805,36.0426958268795,1.93041034450803e-09,0.000108216873502776,"CELA3A",9606,10136,"RP11-26H16.2","1","1p36.12","chymotrypsin-like elastase family, member 3A","protein-coding","CELA3A","chymotrypsin-like elastase family, member 3A","O","chymotrypsin-like elastase family member",-6.29069594242422,"down"
"40339",-5.99151429861671,-2.12557683573015,32.1135103547277,1.45422501101989e-08,0.000806687698112953,"MUC7",9606,4589,"NULL","4","4q13.3","mucin 7, secreted","protein-coding","MUC7","mucin 7, secreted","O","MUC-7|apo-MG2|mucin 7, salivary|mucin-7|",-5.99151429861671,"down"
"2437",-5.23588061250972,-2.55257544002268,35.3214731189476,2.79533033609707e-09,0.000156449048250681,"REG1A",9606,5967,"NULL","2","2p12","regenerating islet-derived 1 alpha","protein-coding","REG1A","regenerating islet-derived 1 alpha","O","REG-1-alpha|islet cells regeneration fac",-5.23588061250972,"down"
"45661",-4.64577191993233,-4.05203817110047,32.0268772707272,1.52054204806114e-08,0.000843292619854707,"HSPC047",NA,NA,NA,NA,NA,NA,NA,NA,NA,NA,NA,-4.64577191993233,"down"
"17395",-3.72294840884781,-0.771700890023245,35.2283853386048,2.93218437709446e-09,0.000164070376820321,"FEZF1",9606,389549,"NULL","7","7q31.32","FEZ family zinc finger 1","protein-coding","FEZF1","FEZ family zinc finger 1","O","fez family zinc finger protein 1|zinc fi",-3.72294840884781,"down"
"37696",-3.63476619798397,-4.10470194619479,32.0828026395941,1.47739340580994e-08,0.000819451026466539,"RP11-342C20.2",NA,NA,NA,NA,NA,NA,NA,NA,NA,NA,NA,-3.63476619798397,"down"
"58382",-3.59378763933338,-3.18696523782011,32.6439782645209,1.10681795244579e-08,0.000614948054378882,"SFTPA1",9606,653509,"RP11-589B3.2","10","10q22.3","surfactant protein A1","protein-coding","SFTPA1","surfactant protein A1","O","35 kDa pulmonary surfactant-associated p",-3.59378763933338,"down"
"36930",-3.5271621988226,-4.19970486531391,33.7663497053238,6.21445537098497e-09,0.00034644345802167,"RP11-510C10.4",NA,NA,NA,NA,NA,NA,NA,NA,NA,NA,NA,-3.5271621988226,"down"
"53369",-3.49866832485554,-4.20068497361578,35.1568499927114,3.04189524614286e-09,0.00017017274575497,"AC090696.2",NA,NA,NA,NA,NA,NA,NA,NA,NA,NA,NA,-3.49866832485554,"down"
"23027",-3.44209976343092,-3.93787254282368,33.1491527898581,8.53535561164572e-09,0.000474949863010026,"RP11-451G4.2",NA,NA,NA,NA,NA,NA,NA,NA,NA,NA,NA,-3.44209976343092,"down"
"35328",-3.24975339591962,-4.18489484433076,34.2579200702226,4.82706962761816e-09,0.000269495297309922,"RP11-638L3.4",NA,NA,NA,NA,NA,NA,NA,NA,NA,NA,NA,-3.24975339591962,"down"
"42157",-3.18429221602103,-3.59761605704751,34.8081199175521,3.63852768570751e-09,0.000203379143520307,"IYD",9606,389434,"NULL","6","6q25.1","iodotyrosine deiodinase","protein-coding","IYD","iodotyrosine deiodinase","O","IYD-1|iodotyrosine dehalogenase 1",-3.18429221602103,"down"
"30972",-3.14890240221348,-2.33426241777485,34.8606138672622,3.54173514107058e-09,0.000197997161326409,"HBD",9606,3045,"NULL","11","11p15.5","hemoglobin, delta","protein-coding","HBD","hemoglobin, delta","O","delta globin|delta-globin chain|hemoglob",-3.14890240221348,"down"
"30973",-3.14890240221348,-2.33426241777485,34.8606138672622,3.54173514107058e-09,0.000197997161326409,"HBD",9606,100187828,"NULL","NULL","NULL","hypophosphatemic bone disease","unknown","NULL","NULL","NULL","NULL",-3.14890240221348,"down"
"34136",-3.14447030434755,-2.35675795897255,35.94649455388,2.02810920374928e-09,0.000113669436542536,"SFTPB",9606,6439,"NULL","2","2p12-p11.2","surfactant protein B","protein-coding","SFTPB","surfactant protein B","O","18 kDa pulmonary-surfactant protein|6 kD",-3.14447030434755,"down"
"5681",-3.1428073796801,-2.20161343883841,35.1173068987709,3.1042954117417e-09,0.000173644972446595,"DEFA1",9606,1667,"NULL","8","8p23.1","defensin, alpha 1","protein-coding","DEFA1","defensin, alpha 1","O","defensin, alpha 1, myeloid-related seque",-3.1428073796801,"down"
"19360",-3.06805939748997,-4.19776993043786,32.9822125235479,9.30059039505333e-09,0.000517261635411286,"LINC00917",NA,NA,NA,NA,NA,NA,NA,NA,NA,NA,NA,-3.06805939748997,"down"
"4074",-3.05541613025803,-3.34853107715795,31.8732885072266,1.64564710712638e-08,0.000912297386777653,"RP11-402P6.9",NA,NA,NA,NA,NA,NA,NA,NA,NA,NA,NA,-3.05541613025803,"down"
"7679",-3.05207828877907,-0.800864224927788,34.9227428976882,3.43050294161264e-09,0.000191813141477329,"KLK5",9606,25818,"UNQ570/PRO1132","19","19q13.33","kallikrein-related peptidase 5","protein-coding","KLK5","kallikrein-related peptidase 5","O","kallikrein 5|kallikrein-5|kallikrein-lik",-3.05207828877907,"down"
"52314",-3.03259569580009,1.87924664195392,31.9034247220074,1.62031225229278e-08,0.000898284909548592,"PCDH11Y",9606,83259,"NULL","Y","Yp11.2","protocadherin 11 Y-linked","protein-coding","PCDH11Y","protocadherin 11 Y-linked","O","PCDH-Y|protocadherin 22|protocadherin Y|",-3.03259569580009,"down"
"14371",-3.01760392448409,-4.20048323692728,33.3108047471087,7.85450247990039e-09,0.000437322989075894,"SLURP1",9606,57152,"NULL","8","8q24.3","secreted LY6/PLAUR domain containing 1","protein-coding","SLURP1","secreted LY6/PLAUR domain containing 1","O","ARS(component B)-81/S|SLURP-1|anti-neopl",-3.01760392448409,"down"
"48343",-2.97364702143021,-3.15746254557775,31.7506465817446,1.75290896144585e-08,0.000971479675522906,"CATSPERD",9606,257062,"NULL","19","19p13.3","catsper channel auxiliary subunit delta","protein-coding","CATSPERD","catsper channel auxiliary subunit delta","O","catSper-delta|catSperdelta|cation channe",-2.97364702143021,"down"
"40098",-2.97183413453363,-3.10596242572761,35.2293898805888,2.93067230342163e-09,0.000163988699410261,"GFRA4",9606,64096,"RP5-964F7.1","20","20p13-p12","GDNF family receptor alpha 4","protein-coding","GFRA4","GDNF family receptor alpha 4","O","GDNF family receptor alpha-4|GDNF recept",-2.97183413453363,"down"
"18262",-2.95891842887045,-4.15393712490819,35.5682695034841,2.46266476473364e-09,0.000137899376166025,"RP11-461F11.3",NA,NA,NA,NA,NA,NA,NA,NA,NA,NA,NA,-2.95891842887045,"down"
"36195",-2.94272417345169,-3.34243078705366,34.1193630960684,5.18329142588987e-09,0.000289212111690377,"SLC30A8",9606,169026,"NULL","8","8q24.11","solute carrier family 30 (zinc transporter), member 8","protein-coding","SLC30A8","solute carrier family 30 (zinc transporter), member 8","O","zinc transporter 8|zinc transporter ZnT-",-2.94272417345169,"down"
"25047",-2.91701086463479,-0.530779729739216,35.8935825772031,2.08393973822752e-09,0.000116775647171318,"KIF12",9606,113220,"NULL","9","9q32","kinesin family member 12","protein-coding","KIF12","kinesin family member 12","O","kinesin-like protein KIF12",-2.91701086463479,"down"
"29130",-2.89218519030038,-4.15977863561569,33.7583262840757,6.24013892790431e-09,0.000347869024813881,"RP13-494C23.1",NA,NA,NA,NA,NA,NA,NA,NA,NA,NA,NA,-2.89218519030038,"down"
"26167",-2.87754470706656,-4.28919804310424,33.044436956631,9.00764098643221e-09,0.000501077052793251,"RP11-522B15.1",NA,NA,NA,NA,NA,NA,NA,NA,NA,NA,NA,-2.87754470706656,"down"
"58203",-2.85019883572337,0.0836792753578268,32.5584802268277,1.15659365901971e-08,0.000642441513839091,"OTOS",9606,150677,"NULL","2","2q37.3","otospiralin","protein-coding","OTOS","otospiralin","O","NULL",-2.85019883572337,"down"
"17845",-2.84494012748749,-3.90228262995436,33.1178459605996,8.67389467234779e-09,0.000482580803990742,"THRB-IT1",9606,100874274,"NULL","3","NULL","THRB intronic transcript 1 (non-protein coding)","miscRNA","THRB-IT1","THRB intronic transcript 1 (non-protein coding)","O","NULL",-2.84494012748749,"down"
"41252",-2.83819497540965,-4.25345251522848,31.7581190509898,1.74617770685884e-08,0.000967801532249445,"RP11-464C19.3",NA,NA,NA,NA,NA,NA,NA,NA,NA,NA,NA,-2.83819497540965,"down"
"30854",-2.83539542958211,-2.24687111087548,32.4024325059974,1.25329493414607e-08,0.000695841880387242,"CRYGD",9606,1421,"NULL","2","2q33.3","crystallin, gamma D","protein-coding","CRYGD","crystallin, gamma D","O","gamma crystallin 4|gamma-D-crystallin|ga",-2.83539542958211,"down"
"47156",-2.81948312770759,-1.54632680888143,34.1374242654271,5.13540493127268e-09,0.000286576136784741,"LINC00460",9606,728192,"NULL","13","13q33.3","long intergenic non-protein coding RNA 460","miscRNA","LINC00460","long intergenic non-protein coding RNA 460","O","NULL",-2.81948312770759,"down"
"52720",-2.80368840764401,-4.21679441331348,31.7382649319007,1.76411970445437e-08,0.000977657499011567,"RP11-23I7.1",NA,NA,NA,NA,NA,NA,NA,NA,NA,NA,NA,-2.80368840764401,"down"
"48107",-2.79821463536621,-4.15748541737143,32.1636286812489,1.41719074342586e-08,0.000786243252545231,"PSAPL1",9606,768239,"NULL","4","4p16.1","prosaposin-like 1 (gene/pseudogene)","protein-coding","PSAPL1","prosaposin-like 1 (gene/pseudogene)","O","proactivator polypeptide-like 1|prosapos",-2.79821463536621,"down"
"46575",-2.71572953683467,-3.58712644573723,33.2049335798646,8.29398329433873e-09,0.000461609934229716,"C22orf42",9606,150297,"RP1-127L4.6","22","22q12.3","chromosome 22 open reading frame 42","protein-coding","C22orf42","chromosome 22 open reading frame 42","O","uncharacterized protein C22orf42",-2.71572953683467,"down"
"41051",-2.68645649350436,-3.74637701681916,35.6646940574901,2.34373351917241e-09,0.000131270170675328,"AC104667.3",NA,NA,NA,NA,NA,NA,NA,NA,NA,NA,NA,-2.68645649350436,"down"
"33925",-2.6760842932407,1.40453136320156,34.233626757762,4.88770428584728e-09,0.000272841428644567,"PTGER3",9606,5733,"RP5-952N6.2","1","1p31.2","prostaglandin E receptor 3 (subtype EP3)","protein-coding","PTGER3","prostaglandin E receptor 3 (subtype EP3)","O","PGE receptor, EP3 subtype|PGE2 receptor ",-2.6760842932407,"down"
"30619",-2.67183168335828,-3.93857463605212,34.174287831208,5.03903724309406e-09,0.000281243785648809,"RP11-688I9.5",NA,NA,NA,NA,NA,NA,NA,NA,NA,NA,NA,-2.67183168335828,"down"
"29413",-2.65071234314947,-3.32820584888799,33.7371135815344,6.30855556754989e-09,0.000351651504446366,"AC103563.9",NA,NA,NA,NA,NA,NA,NA,NA,NA,NA,NA,-2.65071234314947,"down"
"57686",-2.64030371014265,-3.75237172356723,33.8112005091555,6.07282237373306e-09,0.000338578065802739,"IFNA13",9606,3447,"NULL","9","9p22","interferon, alpha 13","protein-coding","IFNA13","interferon, alpha 13","O","IFN-alpha-1/13|interferon alpha-1/13|int",-2.64030371014265,"down"
"42018",-2.63916747225505,1.64691114594533,34.5555127417952,4.14266645983930e-09,0.000231446632444762,"RP11-809C18.3",NA,NA,NA,NA,NA,NA,NA,NA,NA,NA,NA,-2.63916747225505,"down"
"11720",-2.63501593530153,-4.07222896645095,33.3642209803788,7.64169763753064e-09,0.000425543216341169,"BOK-AS1",9606,100379249,"NULL","2","2q37.3","BOK antisense RNA 1","miscRNA","BOK-AS1","BOK antisense RNA 1","O","NULL",-2.63501593530153,"down"
"11321",-2.63211575559107,-3.52828920763944,36.0145203326496,1.95852603965833e-09,0.000109791052731167,"C2orf54",9606,79919,"NULL","2","2q37.3","chromosome 2 open reading frame 54","protein-coding","C2orf54","chromosome 2 open reading frame 54","O","uncharacterized protein C2orf54",-2.63211575559107,"down"
"51615",-2.61831687613282,-0.492730856526214,34.6818540637682,3.88233588111759e-09,0.000216968223052137,"PCK1",9606,5105,"NULL","20","20q13.31","phosphoenolpyruvate carboxykinase 1 (soluble)","protein-coding","PCK1","phosphoenolpyruvate carboxykinase 1 (soluble)","O","PEP carboxykinase|phosphoenolpyruvate ca",-2.61831687613282,"down"
"29748",-2.61262967806072,2.14514917050913,33.4864010633117,7.1764004376376e-09,0.000399754209978165,"CPLX3",9606,594855,"Nbla11589","15","15q24.1","complexin 3","protein-coding","CPLX3","complexin 3","O","CPX III|complexin III|complexin-3",-2.61262967806072,"down"
"47484",-2.59928522786512,-3.79577614598668,35.031791407402,3.24365995179405e-09,0.000181408170123986,"SMPD4P1",9606,645280,"NULL","22","22q11.21","sphingomyelin phosphodiesterase 4, neutral membrane (neutral sphingomyelinase-3) pseudogene 1","pseudo","SMPD4P1","sphingomyelin phosphodiesterase 4, neutral membrane (neutral sphingomyelinase-3) pseudogene 1","O","NULL",-2.59928522786512,"down"
"38888",-2.59048076718136,-4.03292769936105,34.2463143860042,4.85594216804873e-09,0.00027108297153132,"LINC01167",NA,NA,NA,NA,NA,NA,NA,NA,NA,NA,NA,-2.59048076718136,"down"
"2165",-2.58741392994854,-2.02560398151449,36.1308717141507,1.84500648684675e-09,0.000103445823704523,"ARHGAP40",9606,343578,"RP5-1100H13.4","20","20q11.23","Rho GTPase activating protein 40","protein-coding","ARHGAP40","Rho GTPase activating protein 40","O","rho GTPase-activating protein 40|rho-typ",-2.58741392994854,"down"
"42269",-2.57230511948973,-2.73131971056194,35.7988587283736,2.18776015107142e-09,0.000122567074703625,"VN1R51P",9606,100312801,"NULL","9","9q22.33","vomeronasal 1 receptor 51 pseudogene","pseudo","VN1R51P","vomeronasal 1 receptor 51 pseudogene","O","NULL",-2.57230511948973,"down"
"56165",-2.5705705953145,-4.03839781780504,31.814671560529,1.69606721235874e-08,0.000940163977154694,"CEACAM8",9606,1088,"NULL","19","19q13.2","carcinoembryonic antigen-related cell adhesion molecule 8","protein-coding","CEACAM8","carcinoembryonic antigen-related cell adhesion molecule 8","O","CD67 antigen|carcinoembryonic antigen CG",-2.5705705953145,"down"
"26860",-2.56444021357444,-3.8552283134186,33.1410697690834,8.57091095434654e-09,0.000476911198232704,"AMELX",9606,265,"NULL","X","Xp22.31-p22.1","amelogenin, X-linked","protein-coding","AMELX","amelogenin, X-linked","O","amelogenesis imperfecta 1|amelogenin (X ",-2.56444021357444,"down"
"20966",-2.56190642848855,-2.19317047367112,35.5309589507238,2.51028925314272e-09,0.000140551095283461,"RP11-454P21.1",NA,NA,NA,NA,NA,NA,NA,NA,NA,NA,NA,-2.56190642848855,"down"
"21333",-2.55606397922705,-3.6725754226863,32.3717259474319,1.27325651647293e-08,0.000706848355119947,"RP11-473E2.4",NA,NA,NA,NA,NA,NA,NA,NA,NA,NA,NA,-2.55606397922705,"down"
"17637",-2.54020445525978,-2.91510904435775,33.4017611158744,7.49560590069979e-09,0.000417452779427673,"PLA2G4D",9606,283748,"NULL","15","15q15.1","phospholipase A2, group IVD (cytosolic)","protein-coding","PLA2G4D","phospholipase A2, group IVD (cytosolic)","O","cPLA2-delta|cytosolic phospholipase A2 d",-2.54020445525978,"down"
"2924",-2.53841008981883,-3.91985710607232,35.8993622460381,2.07776714937166e-09,0.000116433915516489,"AC079776.3",NA,NA,NA,NA,NA,NA,NA,NA,NA,NA,NA,-2.53841008981883,"down"
"24402",-2.52709739117666,3.31628632663878,32.477734370002,1.20565978789026e-08,0.000669575219802735,"RARRES2",9606,5919,"NULL","7","7q36.1","retinoic acid receptor responder (tazarotene induced) 2","protein-coding","RARRES2","retinoic acid receptor responder (tazarotene induced) 2","O","RAR-responsive protein TIG2|chemerin|ret",-2.52709739117666,"down"
"31388",-2.51717839188557,-3.88912239655161,34.3280847494797,4.65613949686612e-09,0.00025998951722601,"TUSC7",NA,NA,NA,NA,NA,NA,NA,NA,NA,NA,NA,-2.51717839188557,"down"
"53946",-2.51494516880772,-2.61906799976678,35.8186941435518,2.16559955189057e-09,0.000121329880494221,"RP11-385D13.1",NA,NA,NA,NA,NA,NA,NA,NA,NA,NA,NA,-2.51494516880772,"down"
"13931",-2.50427426103251,-3.77681819234856,31.7286785881703,1.77284879249042e-08,0.000982424158358568,"AC098826.5",NA,NA,NA,NA,NA,NA,NA,NA,NA,NA,NA,-2.50427426103251,"down"
"12287",-2.48444077470658,-3.33575369159972,32.9529894369438,9.44144563024458e-09,0.000525029350052271,"F11",9606,2160,"NULL","4","4q35","coagulation factor XI","protein-coding","F11","coagulation factor XI","O","PTA|plasma thromboplastin antecedent",-2.48444077470658,"down"
"30715",-2.48274076687964,1.09902525461452,35.5034216469728,2.54602936701477e-09,0.000142542000141689,"C4orf50",9606,389197,"NULL","4","4p16.2","chromosome 4 open reading frame 50","protein-coding","C4orf50","chromosome 4 open reading frame 50","O","uncharacterized protein C4orf50",-2.48274076687964,"down"
"45733",-2.47947182844182,2.34868723738956,35.0844787949251,3.15707182976201e-09,0.000176581341582249,"CPNE7",9606,27132,"NULL","16","16q24.3","copine VII","protein-coding","CPNE7","copine VII","O","copine 7|copine-7",-2.47947182844182,"down"
"21999",-2.45803933693407,-2.30858522250459,33.1771904899337,8.41316524165413e-09,0.000468201058863294,"ANKRD1",9606,27063,"NULL","10","10q23.31","ankyrin repeat domain 1 (cardiac muscle)","protein-coding","ANKRD1","ankyrin repeat domain 1 (cardiac muscle)","O","ankyrin repeat domain-containing protein",-2.45803933693407,"down"
"50537",-2.43520860021534,-3.72537818710581,34.3992556009865,4.48894938219149e-09,0.000250698845096631,"CTD-3128G10.6",NA,NA,NA,NA,NA,NA,NA,NA,NA,NA,NA,-2.43520860021534,"down"
"4962",-2.41951975720204,1.46318807775558,33.3969419117179,7.51420275352692e-09,0.000418473465546667,"PNMT",9606,5409,"NULL","17","17q","phenylethanolamine N-methyltransferase","protein-coding","PNMT","phenylethanolamine N-methyltransferase","O","noradrenaline N-methyltransferase|phenyl",-2.41951975720204,"down"
"6532",-2.40089905733436,-1.77342929506357,33.9420117930462,5.67793254414603e-09,0.000316663975919568,"SLC4A1",9606,6521,"NULL","17","17q21.31","solute carrier family 4, anion exchanger, member 1 (erythrocyte membrane protein band 3, Diego blood group)","protein-coding","SLC4A1","solute carrier family 4, anion exchanger, member 1 (erythrocyte membrane protein band 3, Diego blood group)","O","Froese blood group|Swann blood group|Wal",-2.40089905733436,"down"
"40888",-2.38691105427801,-0.75196853363055,33.7952263274714,6.12289223503748e-09,0.000341357364995574,"SLC16A12",9606,387700,"RP11-168O10.10-001","10","10q23.31","solute carrier family 16, member 12 (monocarboxylic acid transporter 12)","protein-coding","SLC16A12","solute carrier family 16, member 12 (monocarboxylic acid transporter 12)","O","monocarboxylate transporter 12",-2.38691105427801,"down"
"36985",-2.38070119361243,-1.68957291320089,35.2761871213263,2.86109007882091e-09,0.000160112322990976,"RP3-470B24.5",NA,NA,NA,NA,NA,NA,NA,NA,NA,NA,NA,-2.38070119361243,"down"
"53784",-2.37540686384618,-3.17651620637308,35.4968212073826,2.55467137760997e-09,0.000143020722404116,"SIRPB3P",NA,NA,NA,NA,NA,NA,NA,NA,NA,NA,NA,-2.37540686384618,"down"
"57542",-2.37151070960041,3.7970904103887,34.4034786177752,4.47922004722592e-09,0.000250164439637568,"CLDN10",9606,9071,"RP11-23E3.4","13","13q31-q34","claudin 10","protein-coding","CLDN10","claudin 10","O","OSP-like protein|claudin-10",-2.37151070960041,"down"
"14385",-2.35067758580895,4.40288005559989,33.0742700788167,8.87048383042958e-09,0.000493482756454458,"LCNL1",9606,401562,"NULL","9","9q34.3","lipocalin-like 1","protein-coding","LCNL1","lipocalin-like 1","O","lipocalin-like 1 protein",-2.35067758580895,"down"
"31340",-2.34939793568556,-1.66386505503111,32.837686438665,1.00183656142002e-08,0.000556930962859006,"RP11-13K12.2",NA,NA,NA,NA,NA,NA,NA,NA,NA,NA,NA,-2.34939793568556,"down"
"34128",-2.34721966154379,-3.89132238643999,33.0400758489762,9.02786825792279e-09,0.000502193227583471,"RP11-381K20.4",NA,NA,NA,NA,NA,NA,NA,NA,NA,NA,NA,-2.34721966154379,"down"
"40015",-2.34307829851767,-3.98640100155392,34.5965712328374,4.05620125437532e-09,0.000226640245088221,"CHORDC2P",9606,317775,"NULL","14","14q32.11","cysteine and histidine-rich domain (CHORD) containing 2 pseudogene","pseudo","CHORDC2P","cysteine and histidine-rich domain (CHORD) containing 2 pseudogene","O","NULL",-2.34307829851767,"down"
"15606",-2.34298068309301,-3.87975636900754,33.8742692427428,5.87911147732313e-09,0.000327825135087015,"RP11-523L20.2",NA,NA,NA,NA,NA,NA,NA,NA,NA,NA,NA,-2.34298068309301,"down"
"47083",-2.33338665223929,-2.35281138163262,35.3148891822109,2.80479600186604e-09,0.000156973213040435,"CLDN3",9606,1365,"NULL","7","7q11.23","claudin 3","protein-coding","CLDN3","claudin 3","O","CPE-R 2|CPE-receptor 2|Clostridium perfr",-2.33338665223929,"down"
"52661",-2.32628490668121,-1.13395946062139,33.5489156574219,6.94941061148317e-09,0.000387172513397562,"MYOCD",9606,93649,"NULL","17","17p11.2","myocardin","protein-coding","MYOCD","myocardin","O","NULL",-2.32628490668121,"down"
"13991",-2.324985753461,-1.06400403729719,34.5634636004368,4.12577981982604e-09,0.000230507318533681,"RP11-339B21.8",NA,NA,NA,NA,NA,NA,NA,NA,NA,NA,NA,-2.324985753461,"down"
"14971",-2.31816213517836,-1.23682812432699,33.8291110878603,6.01717048566442e-09,0.000335493357598705,"ANKRD30BL",9606,554226,"NULL","2","2q21.2","ankyrin repeat domain 30B-like","pseudo","ANKRD30BL","ankyrin repeat domain 30B-like","O","NULL",-2.31816213517836,"down"
"20150",-2.31682281180755,-3.19838493146774,33.1239460068693,8.64672520308247e-09,0.0004810778501239,"RP4-673D20.6",NA,NA,NA,NA,NA,NA,NA,NA,NA,NA,NA,-2.31682281180755,"down"
"41663",-2.30452467839783,-3.59208908150553,34.1570884202475,5.0837719979356e-09,0.000283710063888792,"NPPB",9606,4879,"NULL","1","1p36.2","natriuretic peptide B","protein-coding","NPPB","natriuretic peptide B","O","brain type natriuretic peptide|gamma-bra",-2.30452467839783,"down"
"44550",-2.3019679231229,-3.70465528991065,34.1501936429702,5.10181642563678e-09,0.000284706865632661,"RP11-552E20.4",NA,NA,NA,NA,NA,NA,NA,NA,NA,NA,NA,-2.3019679231229,"down"
"13229",-2.29995270424549,-0.706954469383569,35.773339641216,2.21660501108212e-09,0.000124176429325831,"DNM1P47",9606,100216544,"NULL","15","15q26.3","DNM1 pseudogene 47","pseudo","DNM1P47","DNM1 pseudogene 47","O","NULL",-2.29995270424549,"down"
"27599",-2.2964711098031,-2.95163555831676,35.0495879897079,3.21414970921879e-09,0.000179760964937189,"RP11-417L19.2",NA,NA,NA,NA,NA,NA,NA,NA,NA,NA,NA,-2.2964711098031,"down"
"7925",-2.28767180307858,-3.65264559768166,35.1772912926191,3.01013234821399e-09,0.000168413894750225,"RP11-358N4.3",NA,NA,NA,NA,NA,NA,NA,NA,NA,NA,NA,-2.28767180307858,"down"
"24080",-2.27624129031303,-2.75508378616737,32.1961492761602,1.39366695489697e-08,0.000773262173255033,"NMRK2",9606,27231,"NULL","19","19p13.3","nicotinamide riboside kinase 2","protein-coding","NMRK2","nicotinamide riboside kinase 2","O","NRK 2|RNK 2|integrin beta 1 binding prot",-2.27624129031303,"down"
"2569",-2.26267640308681,-3.02219636956478,32.8248136598371,1.00849272668075e-08,0.000560600936907297,"AC061992.2",NA,NA,NA,NA,NA,NA,NA,NA,NA,NA,NA,-2.26267640308681,"down"
"14366",-2.25691402388259,-3.44890257779339,33.8021380384711,6.10117745680407e-09,0.00034015284557174,"LCT",9606,3938,"NULL","2","2q21","lactase","protein-coding","LCT","lactase","O","lactase-glycosylceramidase|lactase-phlor",-2.25691402388259,"down"
"13876",-2.23590790586798,-1.10833217546232,35.0529784138574,3.20855828100236e-09,0.000179451456098181,"CTD-2325P2.4",NA,NA,NA,NA,NA,NA,NA,NA,NA,NA,NA,-2.23590790586798,"down"
"57324",-2.22904058986361,-2.19414620020396,33.0870721852919,8.81226966603844e-09,0.000490252998330717,"MT1JP",9606,4498,"NULL","16","16q13","metallothionein 1J, pseudogene","pseudo","MT1JP","metallothionein 1J, pseudogene","O","NULL",-2.22904058986361,"down"
"45390",-2.22082284560637,-0.185445792158983,35.9612605131993,2.01279781434972e-09,0.00011282134308993,"RP11-190A12.8",NA,NA,NA,NA,NA,NA,NA,NA,NA,NA,NA,-2.22082284560637,"down"
"50641",-2.21561955416518,-2.94221690638647,33.1936440958009,8.34227654181458e-09,0.000464272716381607,"FLJ42969",9606,441374,"NULL","8","8q22.3","uncharacterized LOC441374","miscRNA","NULL","NULL","NULL","NULL",-2.21561955416518,"down"
"15624",-2.21028180772582,-3.81203341230193,31.9868090807938,1.55223031000857e-08,0.00086077379611215,"AOX3P",NA,NA,NA,NA,NA,NA,NA,NA,NA,NA,NA,-2.21028180772582,"down"
"44715",-2.20550849445592,3.6768169704501,33.4914861186583,7.15766242846606e-09,0.000398717585577702,"LPPR3",9606,79948,"NULL","19","19p13.3","lipid phosphate phosphatase-related protein type 3","protein-coding","NULL","NULL","NULL","PAP-2-like protein 2|plasticity-related ",-2.20550849445592,"down"
"50148",-2.19726135373197,-3.18395154293917,34.1682567041344,5.05467882424815e-09,0.000282106679860113,"RP11-1090M7.1",NA,NA,NA,NA,NA,NA,NA,NA,NA,NA,NA,-2.19726135373197,"down"
"18502",-2.19237047483598,-3.78779640049348,35.6442858852232,2.36841577973269e-09,0.000132645494159709,"MAGI1-IT1",9606,151877,"NULL","3","3p14.3","MAGI1 intronic transcript 1 (non-protein coding)","unknown","MAGI1-IT1","MAGI1 intronic transcript 1 (non-protein coding)","O","NULL",-2.19237047483598,"down"
"21270",-2.1778623796013,3.4475882985358,31.9155407872348,1.61023699017303e-08,0.000892763694461633,"NOS1",9606,4842,"NULL","12","12q24.2-q24.31","nitric oxide synthase 1 (neuronal)","protein-coding","NOS1","nitric oxide synthase 1 (neuronal)","O","NOS type I|constitutive NOS|neuronal NOS",-2.1778623796013,"down"
"13556",-2.1658495956661,-1.49532859254405,33.1517533804413,8.52394765332048e-09,0.000474332115064325,"S100A14",9606,57402,"NULL","1","1q21.3","S100 calcium binding protein A14","protein-coding","S100A14","S100 calcium binding protein A14","O","S100 calcium-binding protein A14|S114|br",-2.1658495956661,"down"
"18359",-2.15928949105138,-2.51348323430332,35.2691278333322,2.87147951218067e-09,0.000160687993501631,"ELANE",9606,1991,"NULL","19","19p13.3","elastase, neutrophil expressed","protein-coding","ELANE","elastase, neutrophil expressed","O","PMN elastase|bone marrow serine protease",-2.15928949105138,"down"
"10942",-2.15844377471806,-1.57033763121351,34.9883857329145,3.31677804593604e-09,0.000185480861884835,"CPA2",9606,1358,"NULL","7","7q32","carboxypeptidase A2 (pancreatic)","protein-coding","CPA2","carboxypeptidase A2 (pancreatic)","O","carboxypeptidase A2",-2.15844377471806,"down"
"14506",-2.14817674447902,0.440351557654354,34.0546520468799,5.35856422656223e-09,0.000298943581071454,"DNAH12",9606,201625,"hCG_1779312","3","3p14.3","dynein, axonemal, heavy chain 12","protein-coding","DNAH12","dynein, axonemal, heavy chain 12","O","axonemal beta dynein heavy chain 12|axon",-2.14817674447902,"down"
"4137",-2.14783988881216,-2.84504996398811,35.9558375598284,2.01840758731629e-09,0.000113133763676666,"LINC00930",NA,NA,NA,NA,NA,NA,NA,NA,NA,NA,NA,-2.14783988881216,"down"
"43377",-2.14464907015744,-1.61578684780578,34.212109193575,4.94204756439802e-09,0.000275855210949568,"ADAMTS7P4",NA,NA,NA,NA,NA,NA,NA,NA,NA,NA,NA,-2.14464907015744,"down"
"20489",-2.12478651548397,3.31240189121366,34.0945814827432,5.24972476417997e-09,0.000292913642942186,"MT1G",9606,4495,"NULL","16","16q13","metallothionein 1G","protein-coding","MT1G","metallothionein 1G","O","MT-1G|MT-1K|MT-IG|metallothionein 1K|met",-2.12478651548397,"down"
"46422",-2.11966535947166,-1.12440147638086,32.2356309830192,1.36563284500985e-08,0.000757789665695967,"RP11-286E11.1",NA,NA,NA,NA,NA,NA,NA,NA,NA,NA,NA,-2.11966535947166,"down"
"37333",-2.1181491871027,4.88518996613701,35.1256770414324,3.09098100855571e-09,0.000172903295656589,"ARHGDIG",9606,398,"LA16c-314G4.1","16","16p13.3","Rho GDP dissociation inhibitor (GDI) gamma","protein-coding","ARHGDIG","Rho GDP dissociation inhibitor (GDI) gamma","O","RhoGDI gamma|rho GDI 3|rho GDP-dissociat",-2.1181491871027,"down"
"24928",-2.11729541986351,-1.23738912250492,34.6371676042586,3.97248619133199e-09,0.000221990473344014,"PACRG-AS1",9606,285796,"NULL","6","6q26","PACRG antisense RNA 1","miscRNA","PACRG-AS1","PACRG antisense RNA 1","O","NULL",-2.11729541986351,"down"
"18139",-2.11341562090062,-3.04916417864025,34.262143152767,4.81660618727308e-09,0.000268920756647831,"AC097374.2",NA,NA,NA,NA,NA,NA,NA,NA,NA,NA,NA,-2.11341562090062,"down"
"36810",-2.11048640010636,-2.93843329064081,33.9621174713854,5.6195610939367e-09,0.000313425400453225,"CTD-2104P17.1",NA,NA,NA,NA,NA,NA,NA,NA,NA,NA,NA,-2.11048640010636,"down"
"46699",-2.10205751931042,-1.77456932776414,35.0943451225141,3.14111638095218e-09,0.000175695203652179,"RHOXF1",9606,158800,"NULL","X","Xq24","Rhox homeobox family, member 1","protein-coding","RHOXF1","Rhox homeobox family, member 1","O","PEPP subfamily gene 1|ovary-, testis- an",-2.10205751931042,"down"
"14408",-2.09755907159205,-3.69411838899871,33.9232057075265,5.7330804693292e-09,0.000319716698533082,"RP11-982M15.8",NA,NA,NA,NA,NA,NA,NA,NA,NA,NA,NA,-2.09755907159205,"down"
"2326",-2.09509282274736,-3.39042097217749,33.5556270679233,6.92547304659684e-09,0.000385852730791143,"RP11-486B10.4",NA,NA,NA,NA,NA,NA,NA,NA,NA,NA,NA,-2.09509282274736,"down"
"23626",-2.08884478353797,2.63742473560655,32.8785765404929,9.80983862351046e-09,0.000545397597951311,"GRIP2",9606,80852,"NULL","3","3p24-p23","glutamate receptor interacting protein 2","protein-coding","GRIP2","glutamate receptor interacting protein 2","O","GRIP-2|glutamate receptor-interacting pr",-2.08884478353797,"down"
"58274",-2.08202269427176,1.14463825498107,34.8131389326477,3.62915982088956e-09,0.000202859146508263,"PDE4C",9606,5143,"NULL","19","19p13.11","phosphodiesterase 4C, cAMP-specific","protein-coding","PDE4C","phosphodiesterase 4C, cAMP-specific","O","PDE21|cAMP-specific 3',5'-cyclic phospho",-2.08202269427176,"down"
"24549",-2.07437734009555,-3.74867729861522,32.1132413930263,1.45442634939507e-08,0.00080678484027294,"RP11-317J9.1",NA,NA,NA,NA,NA,NA,NA,NA,NA,NA,NA,-2.07437734009555,"down"
"11678",-2.07387550633517,-1.40683758319808,34.3450338439849,4.61576655063317e-09,0.000257744404187356,"RP11-319G9.3",NA,NA,NA,NA,NA,NA,NA,NA,NA,NA,NA,-2.07387550633517,"down"
"56055",-2.07307368712103,2.17825853893567,33.7410564687756,6.29578210550171e-09,0.000350945781906982,"MUSTN1",9606,389125,"NULL","3","3p21.1","musculoskeletal, embryonic nuclear protein 1","protein-coding","MUSTN1","musculoskeletal, embryonic nuclear protein 1","O","musculoskeletal embryonic nuclear protei",-2.07307368712103,"down"
"55265",-2.06952703160689,-3.51619024694685,32.9661796021171,9.37760643094096e-09,0.000521488693624627,"PROZ",9606,8858,"NULL","13","13q34","protein Z, vitamin K-dependent plasma glycoprotein","protein-coding","PROZ","protein Z, vitamin K-dependent plasma glycoprotein","O","vitamin K-dependent protein Z",-2.06952703160689,"down"
"21104",-2.05780345683919,-3.72913276614648,31.7698157871912,1.73569314797401e-08,0.000962042641127553,"RP11-554E23.2",NA,NA,NA,NA,NA,NA,NA,NA,NA,NA,NA,-2.05780345683919,"down"
"3378",-2.04526988547005,-0.381809680459667,31.9472645701521,1.58415294780785e-08,0.000878396968029977,"AC006946.16",NA,NA,NA,NA,NA,NA,NA,NA,NA,NA,NA,-2.04526988547005,"down"
"6979",-2.03133849487836,-3.06853114479954,33.4773995484067,7.20969081648528e-09,0.000401589721923195,"RP5-1024N4.5",NA,NA,NA,NA,NA,NA,NA,NA,NA,NA,NA,-2.03133849487836,"down"
"14859",-2.0225568866619,-1.67339086847207,35.4741481787943,2.58458173469616e-09,0.000144690054671761,"ERICH5",NA,NA,NA,NA,NA,NA,NA,NA,NA,NA,NA,-2.0225568866619,"down"
"28133",-2.00606203627595,4.46974915532026,35.891672180514,2.08598404472554e-09,0.000116888115946196,"SH3GL3",9606,6457,"NULL","15","15q24","SH3-domain GRB2-like 3","protein-coding","SH3GL3","SH3-domain GRB2-like 3","O","SH3 domain protein 2C|SH3 domain-contain",-2.00606203627595,"down"
"22316",2.00658381733693,2.80504709245572,35.5766462905478,2.45209732317906e-09,0.000137310093806058,"TMEM45A",9606,55076,"NULL","3","3q12.2","transmembrane protein 45A","protein-coding","TMEM45A","transmembrane protein 45A","O","DNA polymerase-transactivated protein 4|",2.00658381733693,"up"
"8065",2.00720727722131,4.77247820823396,35.8329140695698,2.14985117206856e-09,0.000120449711617485,"KIAA1211",9606,57482,"NULL","4","4q12","KIAA1211","protein-coding","KIAA1211","KIAA1211","O","uncharacterized protein KIAA1211",2.00720727722131,"up"
"53528",2.01101902642557,0.221828226525878,35.9724832174295,2.0012380265757e-09,0.000112177396341674,"YBX1P10",9606,158373,"NULL","9","9p13.1","Y box binding protein 1 pseudogene 10","pseudo","YBX1P10","Y box binding protein 1 pseudogene 10","O","NULL",2.01101902642557,"up"
"2164",2.01231069643266,3.87970370388863,32.0870295242523,1.47418248871891e-08,0.000817684801017718,"CASQ1",9606,844,"RP11-536C5.6","1","1q21","calsequestrin 1 (fast-twitch, skeletal muscle)","protein-coding","CASQ1","calsequestrin 1 (fast-twitch, skeletal muscle)","O","calmitin|calmitine|calsequestrin, skelet",2.01231069643266,"up"
"21846",2.02464342264153,0.97831823241131,32.1998651015139,1.39100413064121e-08,0.000771798641886273,"FOXO3B",9606,2310,"NULL","17","17p11.2","forkhead box O3B pseudogene","pseudo","FOXO3B","forkhead box O3B pseudogene","O","NULL",2.02464342264153,"up"
"51953",2.02808550664852,2.72077228224094,32.2718790474455,1.34039239095129e-08,0.00074386416128233,"GINS1",9606,9837,"RP4-691N24.2","20","20p11.21","GINS complex subunit 1 (Psf1 homolog)","protein-coding","GINS1","GINS complex subunit 1 (Psf1 homolog)","O","DNA replication complex GINS protein PSF",2.02808550664852,"up"
"28937",2.0303400697943,2.94355865406199,33.5545835326769,6.92918959124575e-09,0.000386052868886666,"FAM110A",9606,83541,"NULL","20","20p13","family with sequence similarity 110, member A","protein-coding","FAM110A","family with sequence similarity 110, member A","O","protein FAM110A",2.0303400697943,"up"
"18627",2.06730617779272,3.41975401631591,31.9099850542469,1.6148491139854e-08,0.000895304645775785,"CDON",9606,50937,"NULL","11","11q24.2","cell adhesion associated, oncogene regulated","protein-coding","CDON","cell adhesion associated, oncogene regulated","O","Cdon homolog|cell adhesion molecule-rela",2.06730617779272,"up"
"10768",2.09824501307067,-0.0204887585328224,35.4226141358722,2.65387653277616e-09,0.000148556046675211,"CTD-2561J22.2",NA,NA,NA,NA,NA,NA,NA,NA,NA,NA,NA,2.09824501307067,"up"
"9096",2.09970767742115,4.66867661574087,34.7755415385981,3.69992592749787e-09,0.000206799959865639,"KCNN2",9606,3781,"NULL","5","5q22.3","potassium intermediate/small conductance calcium-activated channel, subfamily N, member 2","protein-coding","KCNN2","potassium intermediate/small conductance calcium-activated channel, subfamily N, member 2","O","apamin-sensitive small-conductance Ca2+-",2.09970767742115,"up"
"50576",2.11119658421354,2.396000867087,32.7093589434869,1.07020685476073e-08,0.00059470324712199,"PRR11",9606,55771,"NULL","17","17q22","proline rich 11","protein-coding","PRR11","proline rich 11","O","proline-rich protein 11|transcription re",2.11119658421354,"up"
"18319",2.1524902412012,1.04274616106525,34.914308288195,3.44539607049428e-09,0.000192642430489547,"RAB39A",9606,54734,"NULL","11","11q22.3","RAB39A, member RAS oncogene family","protein-coding","RAB39A","RAB39A, member RAS oncogene family","O","RAB39, member RAS oncogene family|rab-39",2.1524902412012,"up"
"53089",2.1573265087103,-1.1070440648815,34.2310754849561,4.89411620496928e-09,0.000273189566561385,"RP11-212P7.3",NA,NA,NA,NA,NA,NA,NA,NA,NA,NA,NA,2.1573265087103,"up"
"10647",2.19249017602213,6.02431325738067,32.9336224992846,9.53596944408328e-09,0.000530276188846583,"DLL1",9606,28514,"UNQ146/PRO172","6","6q27","delta-like 1 (Drosophila)","protein-coding","DLL1","delta-like 1 (Drosophila)","O","H-Delta-1|delta-like protein 1|drosophil",2.19249017602213,"up"
"23547",2.23361398372303,5.60418128044326,32.4167829567907,1.24407383238108e-08,0.000690759554691272,"MEST",9606,4232,"NULL","7","7q32","mesoderm specific transcript","protein-coding","MEST","mesoderm specific transcript","O","mesoderm-specific transcript homolog pro",2.23361398372303,"up"
"9687",2.27093826600854,0.291277346119031,34.1348229843077,5.14227443279033e-09,0.000286949197898566,"RP11-21L23.2",NA,NA,NA,NA,NA,NA,NA,NA,NA,NA,NA,2.27093826600854,"up"
"27507",2.28093168572454,1.08658627122441,32.4660369192597,1.21293872252016e-08,0.000673593390164344,"AC073283.4",NA,NA,NA,NA,NA,NA,NA,NA,NA,NA,NA,2.28093168572454,"up"
"10564",2.31658074390647,2.92397056101172,31.6964702826373,1.80249500068569e-08,0.000998744454929933,"CKS2",9606,1164,"RP11-8C21.2","9","9q22","CDC28 protein kinase regulatory subunit 2","protein-coding","CKS2","CDC28 protein kinase regulatory subunit 2","O","CDC28 protein kinase 2|CKS-2|CKS1(S. cer",2.31658074390647,"up"
"55921",2.34845978799232,-0.136670145266572,34.2056368470763,4.95851174988573e-09,0.000276764291831622,"RP1-65J11.1",NA,NA,NA,NA,NA,NA,NA,NA,NA,NA,NA,2.34845978799232,"up"
"50621",2.3671783524685,-0.68686834572913,35.6459099182788,2.3664421286629e-09,0.000132537324300023,"RP11-204C16.4",NA,NA,NA,NA,NA,NA,NA,NA,NA,NA,NA,2.3671783524685,"up"
"37046",2.37327156729352,2.84262692003709,35.0053091633188,3.288075758397e-09,0.000183879060636836,"FAM3C2",9606,286460,"NULL","X","Xp22.11","FAM3C pseudogene","pseudo","FAM3C2","family with sequence similarity 3, member C2 (pseudogene)","O","NULL",2.37327156729352,"up"
"17726",2.40380247450544,-1.76740853832209,33.7248044702479,6.34859966044638e-09,0.00035384555067464,"RPS24P8",9606,100216336,"NULL","3","3p21.31","ribosomal protein S24 pseudogene 8","pseudo","RPS24P8","ribosomal protein S24 pseudogene 8","O","NULL",2.40380247450544,"up"
"11769",2.47317513219842,4.64643709865776,34.9105741339806,3.45201018927089e-09,0.000193005341692325,"OLFML3",9606,56944,"PSEC0035","1","1p13.2","olfactomedin-like 3","protein-coding","OLFML3","olfactomedin-like 3","O","hOLF44|olfactomedin-like protein 3",2.47317513219842,"up"
"47297",2.49126157752033,4.2762273990336,33.2959611379058,7.91468477433776e-09,0.000440626330756932,"TNFRSF19",9606,55504,"UNQ1888/PRO4333","13","13q12.11-q12.3","tumor necrosis factor receptor superfamily, member 19","protein-coding","TNFRSF19","tumor necrosis factor receptor superfamily, member 19","O","toxicity and JNK inducer|tumor necrosis ",2.49126157752033,"up"
"5106",2.49165724425081,2.99965793897363,31.8599090794841,1.65702171947162e-08,0.000918586560406287,"TAGAP",9606,117289,"FKSG15","6","6q25.3","T-cell activation RhoGTPase activating protein","protein-coding","TAGAP","T-cell activation RhoGTPase activating protein","O","T-cell activation GTPase-activating prot",2.49165724425081,"up"
"7440",2.49486543998032,2.29485424244666,32.2634771993372,1.34620089233768e-08,0.000747074185202793,"PRPH",9606,5630,"NULL","12","12q12-q13","peripherin","protein-coding","PRPH","peripherin","O","neurofilament 4 (57kD)",2.49486543998032,"up"
"22873",2.49947007590552,-1.07584775425779,35.4342968356542,2.6380061841743e-09,0.000147670310177709,"RP11-2B6.2",NA,NA,NA,NA,NA,NA,NA,NA,NA,NA,NA,2.49947007590552,"up"
"13019",2.5862434655677,1.04824062717674,35.5362498682945,2.50348003252806e-09,0.000140172350501279,"AC093724.2",NA,NA,NA,NA,NA,NA,NA,NA,NA,NA,NA,2.5862434655677,"up"
"27395",2.59677639386805,3.24609023980981,31.9293929234265,1.59879493811753e-08,0.000886435865489882,"OLFML2B",9606,25903,"NULL","1","1q23.3","olfactomedin-like 2B","protein-coding","OLFML2B","olfactomedin-like 2B","O","olfactomedin-like protein 2B|photomedin-",2.59677639386805,"up"
"16123",2.68825218380041,3.49895893115543,34.9247989664215,3.42688229075146e-09,0.000191617550169658,"FLVCR2",9606,55640,"NULL","14","14q24.3","feline leukemia virus subgroup C cellular receptor family, member 2","protein-coding","FLVCR2","feline leukemia virus subgroup C cellular receptor family, member 2","O","calcium-chelate transporter|feline leuke",2.68825218380041,"up"
"36634",2.71792667788931,4.26425029644238,32.4794793274919,1.20457771536885e-08,0.000668998371561551,"FOLR2",9606,2350,"NULL","11","11q13.3-q13.5","folate receptor 2 (fetal)","protein-coding","FOLR2","folate receptor 2 (fetal)","O","folate receptor beta|folate receptor, be",2.71792667788931,"up"
"54805",2.7221509012143,1.14215692695039,34.4481403591155,4.37760836061699e-09,0.000244524447807344,"DDIAS",NA,NA,NA,NA,NA,NA,NA,NA,NA,NA,NA,2.7221509012143,"up"
"32686",2.78192868469279,6.10666037935908,32.4579336026079,1.21800693855707e-08,0.00067635925298074,"CD68",9606,968,"NULL","17","17p13","CD68 molecule","protein-coding","CD68","CD68 molecule","O","CD68 antigen|macrophage antigen CD68|mac",2.78192868469279,"up"
"51362",2.78234992769555,7.22266778130358,33.3948444202248,7.52231120092086e-09,0.000418917510779283,"ID3",9606,3399,"NULL","1","1p36.13-p36.12","inhibitor of DNA binding 3, dominant negative helix-loop-helix protein","protein-coding","ID3","inhibitor of DNA binding 3, dominant negative helix-loop-helix protein","O","DNA-binding protein inhibitor ID-3|ID-li",2.78234992769555,"up"
"19381",2.79588553220021,-2.190494095909,31.9416556721574,1.58873371904749e-08,0.000880921072537451,"RP11-756G20.1",NA,NA,NA,NA,NA,NA,NA,NA,NA,NA,NA,2.79588553220021,"up"
"36941",2.80081717741237,-1.84262073786419,34.670747401608,3.90454926941961e-09,0.000218201831372245,"RPL36A-HNRNPH2",9606,100529097,"NULL","X","Xq22","RPL36A-HNRNPH2 readthrough","protein-coding","RPL36A-HNRNPH2","RPL36A-HNRNPH2 readthrough","O","RPL36A-HNRNPH2 protein",2.80081717741237,"up"
"37816",2.82096334744769,6.25181020342062,32.0048163052767,1.53790812148008e-08,0.00085284694876678,"TMEM100",9606,55273,"NULL","17","17q22","transmembrane protein 100","protein-coding","TMEM100","transmembrane protein 100","O","NULL",2.82096334744769,"up"
"53064",2.93985694443086,4.89194295963287,32.5978888144947,1.13337794259534e-08,0.000629636782229417,"BEST3",9606,144453,"NULL","12","12q14.2-q15","bestrophin 3","protein-coding","BEST3","bestrophin 3","O","bestrophin-3|vitelliform macular dystrop",2.93985694443086,"up"
"10483",2.94257483230581,-2.70100942746747,33.0633054612943,8.9206486168526e-09,0.00049625568255551,"AC092155.1",NA,NA,NA,NA,NA,NA,NA,NA,NA,NA,NA,2.94257483230581,"up"
"56014",2.94335026563307,0.120876511584475,33.0014953664683,9.20880163577452e-09,0.000512184338180143,"APOBEC3B",9606,9582,"CTA-150C2.15-003","22","22q13.1-q13.2","apolipoprotein B mRNA editing enzyme, catalytic polypeptide-like 3B","protein-coding","APOBEC3B","apolipoprotein B mRNA editing enzyme, catalytic polypeptide-like 3B","O","DNA dC->dU-editing enzyme APOBEC-3B|cyti",2.94335026563307,"up"
"16985",2.94652000388538,-3.18188096862408,32.3855878777842,1.26420608520687e-08,0.000701861934385149,"PPIAP11",9606,5483,"NULL","5","5q14.1","peptidylprolyl isomerase A (cyclophilin A) pseudogene 11","pseudo","PPIAP11","peptidylprolyl isomerase A (cyclophilin A) pseudogene 11","O","NULL",2.94652000388538,"up"
"12458",3.0282046237146,4.04885490875941,34.823400375669,3.61008219946657e-09,0.000201799984867982,"FHDC1",9606,85462,"NULL","4","4q31.3","FH2 domain containing 1","protein-coding","FHDC1","FH2 domain containing 1","O","FH2 domain-containing protein 1",3.0282046237146,"up"
"42223",3.04058631948835,8.55753688735398,35.1468177284915,3.05760653376139e-09,0.000171042509498612,"EGFR",9606,1956,"NULL","7","7p12","epidermal growth factor receptor","protein-coding","EGFR","epidermal growth factor receptor","O","avian erythroblastic leukemia viral (v-e",3.04058631948835,"up"
"5383",3.07043800643267,5.90914210597126,33.9752449880022,5.58177354531552e-09,0.000311329001263519,"FERMT1",9606,55612,"RP5-1056H1.1","20","20p12.3","fermitin family member 1","protein-coding","FERMT1","fermitin family member 1","O","UNC112 related protein 1|fermitin family",3.07043800643267,"up"
"56381",3.10619853232174,-0.621823046318407,34.8999029730304,3.47098164820914e-09,0.000194062583951373,"RP11-693J15.4",NA,NA,NA,NA,NA,NA,NA,NA,NA,NA,NA,3.10619853232174,"up"
"24956",3.21493987556709,7.51724437840128,33.2948036066603,7.91939726359491e-09,0.000440880765061593,"LPL",9606,4023,"NULL","8","8p22","lipoprotein lipase","protein-coding","LPL","lipoprotein lipase","O","NULL",3.21493987556709,"up"
"10157",3.21942697424506,-1.6873915522892,34.2438729072967,4.86203804588419e-09,0.000271418411873439,"CCDC26",9606,137196,"NULL","8","8q24.21","coiled-coil domain containing 26","other","CCDC26","coiled-coil domain containing 26","O","NULL",3.21942697424506,"up"
"23110",3.3551126710978,2.87155538358915,34.3705666600158,4.55560795280856e-09,0.000254398814908688,"KIF18B",9606,146909,"NULL","17","17q21.31","kinesin family member 18B","protein-coding","KIF18B","kinesin family member 18B","O","kinesin-like protein KIF18B",3.3551126710978,"up"
"24552",3.45196197859862,-1.07114160454121,35.1418310717127,3.06544622546831e-09,0.000171477996406472,"AC092675.3",NA,NA,NA,NA,NA,NA,NA,NA,NA,NA,NA,3.45196197859862,"up"
"16406",3.46100827564756,-2.49814341869088,35.9692300678851,2.00458202819765e-09,0.000112362836426563,"HMGN2P17",9606,100113373,"RP3-477M7.4","1","1p36.23","high mobility group nucleosomal binding domain 2 pseudogene 17","pseudo","HMGN2P17","high mobility group nucleosomal binding domain 2 pseudogene 17","O","NULL",3.46100827564756,"up"
"9553",3.48655686601308,1.93309852978309,34.03977171102,5.39970050172323e-09,0.000301233091889634,"NFIA-AS2",NA,NA,NA,NA,NA,NA,NA,NA,NA,NA,NA,3.48655686601308,"up"
"79",3.62569963666425,5.26040965842112,32.9773144030832,9.32405164961119e-09,0.000518529160338178,"CHST9",9606,83539,"UNQ2549/PRO6175","18","18q11.2","carbohydrate (N-acetylgalactosamine 4-0) sulfotransferase 9","protein-coding","CHST9","carbohydrate (N-acetylgalactosamine 4-0) sulfotransferase 9","O","GalNAc-4-sulfotransferase 2|N-acetylgala",3.62569963666425,"up"
"50278",3.74803278285234,-3.22134178254403,31.7368553617802,1.7654005193558e-08,0.000978349659816596,"RP11-534L20.4",NA,NA,NA,NA,NA,NA,NA,NA,NA,NA,NA,3.74803278285234,"up"
"53561",3.75968574481545,2.17706864665797,32.4784861131943,1.20519350211563e-08,0.000669328315269956,"IQGAP3",9606,128239,"NULL","1","1q21.3","IQ motif containing GTPase activating protein 3","protein-coding","IQGAP3","IQ motif containing GTPase activating protein 3","O","ras GTPase-activating-like protein IQGAP",3.75968574481545,"up"
"41570",3.88707974049573,1.96610616773376,35.9529325746,2.0214190853535e-09,0.000113298518314978,"ASF1B",9606,55723,"NULL","19","19p13.12","anti-silencing function 1B histone chaperone","protein-coding","ASF1B","anti-silencing function 1B histone chaperone","O","ASF1 anti-silencing function 1 homolog B",3.88707974049573,"up"
"30844",3.88762703288383,-3.54606048136052,32.3412038815204,1.29341374697559e-08,0.000717961036808681,"INTS6P1",9606,285634,"NULL","5","5p13.1","integrator complex subunit 6 pseudogene 1","pseudo","INTS6P1","integrator complex subunit 6 pseudogene 1","O","NULL",3.88762703288383,"up"
"36503",3.9020320988217,7.71721891615337,35.6085271216515,2.41229276660296e-09,0.000135093219515299,"TNC",9606,3371,"NULL","9","9q33","tenascin C","protein-coding","TNC","tenascin C","O","GP 150-225|cytotactin|glioma-associated-",3.9020320988217,"up"
"11666",3.94482731105352,-1.92673342807059,34.6256326045406,3.99609533768392e-09,0.000223293815279102,"RP11-220C2.1",NA,NA,NA,NA,NA,NA,NA,NA,NA,NA,NA,3.94482731105352,"up"
"40814",3.95774562264862,0.409860087878721,35.3970403979392,2.68895165648487e-09,0.000150511380020084,"BMPR1APS2",9606,100533800,"NULL","11","11q24.1","bone morphogenetic protein receptor, type IA pseudogene 2","pseudo","BMPR1APS2","bone morphogenetic protein receptor, type IA pseudogene 2","O","NULL",3.95774562264862,"up"
"6915",4.04983685428493,-1.09692187648545,32.9758070552385,9.33128353780125e-09,0.000518922008820665,"XKR5",9606,389610,"UNQ2754/PRO6493","8","8p23.1","XK, Kell blood group complex subunit-related family, member 5","protein-coding","XKR5","XK, Kell blood group complex subunit-related family, member 5","O","X Kell blood group precursor-related fam",4.04983685428493,"up"
"4347",4.07775923735481,-3.45522514519566,33.2915649583804,7.93259723909916e-09,0.000441599755703411,"RP11-1029M24.1",NA,NA,NA,NA,NA,NA,NA,NA,NA,NA,NA,4.07775923735481,"up"
"16228",4.08583542096425,-2.70417950823808,32.2075835883363,1.38548920603355e-08,0.000768766395751835,"AC083867.4",NA,NA,NA,NA,NA,NA,NA,NA,NA,NA,NA,4.08583542096425,"up"
"51605",4.28536119987329,-1.65652892839234,32.8294982331124,1.00606534965762e-08,0.000559261667221174,"RP11-48F14.2",NA,NA,NA,NA,NA,NA,NA,NA,NA,NA,NA,4.28536119987329,"up"
"27052",4.33388775732934,2.78255828729416,34.0925296234069,5.25526336416922e-09,0.000293206908877094,"MARVELD3",9606,91862,"NULL","16","16q22.2","MARVEL domain containing 3","protein-coding","MARVELD3","MARVEL domain containing 3","O","MARVEL (membrane-associating) domain con",4.33388775732934,"up"
"13487",4.33864098009021,-3.31913853886635,33.8830758615268,5.85255954263604e-09,0.000326350425216471,"RPL5P29",9606,390158,"NULL","11","11q12.1","ribosomal protein L5 pseudogene 29","pseudo","RPL5P29","ribosomal protein L5 pseudogene 29","O","NULL",4.33864098009021,"up"
"53473",4.38076407289145,3.34756628078608,34.7219093241412,3.80327112393570e-09,0.000212564823116766,"CNGA3",9606,1261,"NULL","2","2q11.2","cyclic nucleotide gated channel alpha 3","protein-coding","CNGA3","cyclic nucleotide gated channel alpha 3","O","CNG channel alpha-3|CNG-3|cone photorece",4.38076407289145,"up"
"24180",4.41812680359303,1.76049399159409,32.3591873535881,1.28149883083491e-08,0.000711385630973077,"CKAP2L",9606,150468,"NULL","2","2q13","cytoskeleton associated protein 2-like","protein-coding","CKAP2L","cytoskeleton associated protein 2-like","O","cytoskeleton-associated protein 2-like",4.41812680359303,"up"
"1697",4.46000712521615,2.26566934028174,33.4169575852592,7.43726547463009e-09,0.000414211063344048,"GBX2",9606,2637,"NULL","2","2q37.2","gastrulation brain homeobox 2","protein-coding","GBX2","gastrulation brain homeobox 2","O","gastrulation and brain-specific homeobox",4.46000712521615,"up"
"58564",4.59382535287537,6.3058008458852,35.1632960746316,3.03184287880855e-09,0.000169616449854944,"SELL",9606,6402,"RP1-117P20.1","1","1q23-q25","selectin L","protein-coding","SELL","selectin L","O","CD62 antigen-like family member L|L-sele",4.59382535287537,"up"
"45995",4.79016627858449,1.60401676896732,32.1428719800194,1.43241262848174e-08,0.000794673878029102,"E2F2",9606,1870,"NULL","1","1p36","E2F transcription factor 2","protein-coding","E2F2","E2F transcription factor 2","O","transcription factor E2F2",4.79016627858449,"up"
"37858",4.9686714404923,4.54301369402641,34.6968142756343,3.85261527269297e-09,0.000215311109744992,"CCL3",9606,6348,"NULL","17","17q12","chemokine (C-C motif) ligand 3","protein-coding","CCL3","chemokine (C-C motif) ligand 3","O","C-C motif chemokine 3|G0/G1 switch regul",4.9686714404923,"up"
"39158",5.03048521556132,4.3998545261675,33.5719299286292,6.86766905343909e-09,0.000382645916650466,"CCL4",9606,6351,"NULL","17","17q12","chemokine (C-C motif) ligand 4","protein-coding","CCL4","chemokine (C-C motif) ligand 4","O","C-C motif chemokine 4|G-26 T-lymphocyte-",5.03048521556132,"up"
"13753",5.12799301194112,1.39248568472589,34.435346802647,4.40647724390996e-09,0.000246132599413079,"TNF",9606,7124,"DADB-70P7.1","6","6p21.3","tumor necrosis factor","protein-coding","TNF","tumor necrosis factor","O","APC1 protein|TNF, macrophage-derived|TNF",5.12799301194112,"up"
"5883",5.18106202240109,3.53130292853918,33.8651690071245,5.90667541397854e-09,0.000329356221083443,"CCL4L2",9606,388372,"NULL","17","17q12","chemokine (C-C motif) ligand 4-like 2","protein-coding","CCL4L2","chemokine (C-C motif) ligand 4-like 2","O","CC chemokine ligand 4L1d2|CC chemokine l",5.18106202240109,"up"
"10848",5.42471197690337,0.914854284521425,33.8362180885964,5.99522936540263e-09,0.000334276003726755,"RP11-632P5.1",NA,NA,NA,NA,NA,NA,NA,NA,NA,NA,NA,5.42471197690337,"up"
"9584",5.44105157828874,-2.61641289392126,35.9316148169923,2.04365655767812e-09,0.000114530600805397,"RP11-277P12.9",NA,NA,NA,NA,NA,NA,NA,NA,NA,NA,NA,5.44105157828874,"up"
"14579",5.52400799629449,0.857836108492017,31.7302871008484,1.77138110560605e-08,0.00098162855348265,"SLC14A2",9606,8170,"NULL","18","18q12.1-q21.1","solute carrier family 14 (urea transporter), member 2","protein-coding","SLC14A2","solute carrier family 14 (urea transporter), member 2","O","solute carrier family 14 member 2|urea t",5.52400799629449,"up"
"400",5.82065282479245,1.29081559483447,34.1683697370325,5.05438522954558e-09,0.000282095348431398,"DLGAP5",9606,9787,"NULL","14","14q22.3","discs, large (Drosophila) homolog-associated protein 5","protein-coding","DLGAP5","discs, large (Drosophila) homolog-associated protein 5","O","DAP-5|discs large homolog 7|discs, large",5.82065282479245,"up"
"25345",6.12035876553699,0.156146458567893,33.1357907386111,8.59421223031682e-09,0.000478190562707058,"NEUROD4",9606,58158,"NULL","12","12q13.2","neuronal differentiation 4","protein-coding","NEUROD4","neuronal differentiation 4","O","class A basic helix-loop-helix protein 4",6.12035876553699,"up"
"15120",7.56718228748302,-0.841901778820247,33.1667389702432,8.4585075701166e-09,0.000470707487769419,"HOXD-AS2",9606,100506783,"NULL","2","2q31.1","HOXD cluster antisense RNA 2","miscRNA","HOXD-AS2","HOXD cluster antisense RNA 2","O","NULL",7.56718228748302,"up"
"11527",8.3070471954762,1.74876118708272,33.4784583979917,7.20576685134239e-09,0.000401382830920325,"HOXD8",9606,3234,"NULL","2","2q31.1","homeobox D8","protein-coding","HOXD8","homeobox D8","O","Hox-4.5|homeo box 4E|homeo box D8|homeob",8.3070471954762,"up"
